{
"type": "FeatureCollection",
"name": "pl_l6_h3_06_hx",
"crs": { "type": "name", "properties": { "name": "urn:ogc:def:crs:OGC:1.3:CRS84" } },
"xy_coordinate_resolution": 1e-08,
"features": [
{ "type": "Feature", "properties": { "id": 1 }, "geometry": { "type": "Polygon", "coordinates": [ [ [ 19.92921926, 52.55739299 ], [ 19.91059603, 52.52842177 ], [ 19.94614461, 52.50551506 ], [ 20.00031301, 52.51157018 ], [ 20.0189721, 52.54053627 ], [ 19.98342697, 52.56345237 ], [ 19.92921926, 52.55739299 ] ] ] } },
{ "type": "Feature", "properties": { "id": 2 }, "geometry": { "type": "Polygon", "coordinates": [ [ [ 20.40095295, 52.66289651 ], [ 20.38208778, 52.63404 ], [ 20.41754815, 52.61102696 ], [ 20.47186934, 52.61686104 ], [ 20.49076992, 52.64571219 ], [ 20.45531394, 52.66873463 ], [ 20.40095295, 52.66289651 ] ] ] } },
{ "type": "Feature", "properties": { "id": 3 }, "geometry": { "type": "Polygon", "coordinates": [ [ [ 19.47647673, 52.39801369 ], [ 19.45810256, 52.36890871 ], [ 19.49370124, 52.34608328 ], [ 19.54767156, 52.35235348 ], [ 19.56608192, 52.38145355 ], [ 19.53048581, 52.40428833 ], [ 19.47647673, 52.39801369 ] ] ] } },
{ "type": "Feature", "properties": { "id": 4 }, "geometry": { "type": "Polygon", "coordinates": [ [ [ 20.10298322, 52.28054255 ], [ 20.08435816, 52.25147264 ], [ 20.11970882, 52.22840671 ], [ 20.17368082, 52.23440138 ], [ 20.19234124, 52.26346614 ], [ 20.15699434, 52.28654138 ], [ 20.10298322, 52.28054255 ] ] ] } },
{ "type": "Feature", "properties": { "id": 5 }, "geometry": { "type": "Polygon", "coordinates": [ [ [ 18.9422278, 50.22222271 ], [ 18.92465536, 50.19211661 ], [ 18.95930829, 50.16865796 ], [ 19.01153227, 50.17529651 ], [ 19.02913928, 50.20539837 ], [ 18.99448778, 50.22886593 ], [ 18.9422278, 50.22222271 ] ] ] } },
{ "type": "Feature", "properties": { "id": 6 }, "geometry": { "type": "Polygon", "coordinates": [ [ [ 18.99503638, 50.31245326 ], [ 18.9774183, 50.28239105 ], [ 19.01210033, 50.25894797 ], [ 19.06439894, 50.26555818 ], [ 19.08205162, 50.2956161 ], [ 19.04737113, 50.3190681 ], [ 18.99503638, 50.31245326 ] ] ] } },
{ "type": "Feature", "properties": { "id": 7 }, "geometry": { "type": "Polygon", "coordinates": [ [ [ 18.90799167, 50.32921927 ], [ 18.89040829, 50.29915282 ], [ 18.92512228, 50.27574317 ], [ 18.9774183, 50.28239105 ], [ 18.99503638, 50.31245326 ], [ 18.96032377, 50.33587183 ], [ 18.90799167, 50.32921927 ] ] ] } },
{ "type": "Feature", "properties": { "id": 8 }, "geometry": { "type": "Polygon", "coordinates": [ [ [ 18.90799167, 50.32921927 ], [ 18.89040829, 50.29915282 ], [ 18.92512228, 50.27574317 ], [ 18.9774183, 50.28239105 ], [ 18.99503638, 50.31245326 ], [ 18.96032377, 50.33587183 ], [ 18.90799167, 50.32921927 ] ] ] } },
{ "type": "Feature", "properties": { "id": 9 }, "geometry": { "type": "Polygon", "coordinates": [ [ [ 18.80369542, 50.39931647 ], [ 18.78614146, 50.36926567 ], [ 18.82091787, 50.34591408 ], [ 18.87324709, 50.35260437 ], [ 18.89083593, 50.38265096 ], [ 18.85606071, 50.40601148 ], [ 18.80369542, 50.39931647 ] ] ] } },
{ "type": "Feature", "properties": { "id": 10 }, "geometry": { "type": "Polygon", "coordinates": [ [ [ 21.03585647, 52.24574649 ], [ 21.01682634, 52.2167975 ], [ 21.05186907, 52.19343152 ], [ 21.10593642, 52.19900527 ], [ 21.12500078, 52.22794874 ], [ 21.0899636, 52.25132399 ], [ 21.03585647, 52.24574649 ] ] ] } },
{ "type": "Feature", "properties": { "id": 11 }, "geometry": { "type": "Polygon", "coordinates": [ [ [ 20.6059, 52.28146324 ], [ 20.5870501, 52.25246628 ], [ 20.6222468, 52.22924529 ], [ 20.67628871, 52.23501195 ], [ 20.69517339, 52.26400355 ], [ 20.65998142, 52.28723385 ], [ 20.6059, 52.28146324 ] ] ] } },
{ "type": "Feature", "properties": { "id": 12 }, "geometry": { "type": "Polygon", "coordinates": [ [ [ 20.58211162, 52.0898196 ], [ 20.56332534, 52.06073434 ], [ 20.59843033, 52.03744854 ], [ 20.65231696, 52.04323876 ], [ 20.67113785, 52.07231871 ], [ 20.63603752, 52.09561376 ], [ 20.58211162, 52.0898196 ] ] ] } },
{ "type": "Feature", "properties": { "id": 13 }, "geometry": { "type": "Polygon", "coordinates": [ [ [ 20.43684108, 52.01992903 ], [ 20.41813847, 51.99079186 ], [ 20.45325234, 51.96752456 ], [ 20.50706448, 51.97338519 ], [ 20.52580179, 52.00251712 ], [ 20.49069229, 52.02579367 ], [ 20.43684108, 52.01992903 ] ] ] } },
{ "type": "Feature", "properties": { "id": 14 }, "geometry": { "type": "Polygon", "coordinates": [ [ [ 19.6768871, 52.5557291 ], [ 19.65837865, 52.52672191 ], [ 19.69400174, 52.50389353 ], [ 19.74813035, 52.51006297 ], [ 19.76667494, 52.53906513 ], [ 19.73105482, 52.56190289 ], [ 19.6768871, 52.5557291 ] ] ] } },
{ "type": "Feature", "properties": { "id": 15 }, "geometry": { "type": "Polygon", "coordinates": [ [ [ 14.36004577, 53.54411012 ], [ 14.34381885, 53.51493786 ], [ 14.38132394, 53.49424827 ], [ 14.43506345, 53.50272171 ], [ 14.45133294, 53.53189119 ], [ 14.41382038, 53.55259002 ], [ 14.36004577, 53.54411012 ] ] ] } },
{ "type": "Feature", "properties": { "id": 16 }, "geometry": { "type": "Polygon", "coordinates": [ [ [ 17.94419421, 53.14974237 ], [ 17.92632597, 53.12077539 ], [ 17.96276041, 53.09872971 ], [ 18.01706355, 53.10564151 ], [ 18.03497051, 53.1346041 ], [ 17.99853566, 53.15665929 ], [ 17.94419421, 53.14974237 ] ] ] } },
{ "type": "Feature", "properties": { "id": 17 }, "geometry": { "type": "Polygon", "coordinates": [ [ [ 18.89083593, 50.38265096 ], [ 18.87324709, 50.35260437 ], [ 18.90799167, 50.32921927 ], [ 18.96032377, 50.33587183 ], [ 18.97794739, 50.36591417 ], [ 18.94320416, 50.38930821 ], [ 18.89083593, 50.38265096 ] ] ] } },
{ "type": "Feature", "properties": { "id": 18 }, "geometry": { "type": "Polygon", "coordinates": [ [ [ 18.8381151, 50.29246725 ], [ 18.82057193, 50.26237676 ], [ 18.85528717, 50.23897603 ], [ 18.90754436, 50.24565688 ], [ 18.92512228, 50.27574317 ], [ 18.89040829, 50.29915282 ], [ 18.8381151, 50.29246725 ] ] ] } },
{ "type": "Feature", "properties": { "id": 19 }, "geometry": { "type": "Polygon", "coordinates": [ [ [ 14.56375228, 53.46966812 ], [ 14.54744231, 53.44048087 ], [ 14.58486249, 53.41969178 ], [ 14.63859973, 53.42808069 ], [ 14.65495201, 53.45726507 ], [ 14.61752477, 53.47806342 ], [ 14.56375228, 53.46966812 ] ] ] } },
{ "type": "Feature", "properties": { "id": 20 }, "geometry": { "type": "Polygon", "coordinates": [ [ [ 22.34614437, 50.27069149 ], [ 22.3270913, 50.24109534 ], [ 22.36073722, 50.21662024 ], [ 22.41342863, 50.22173254 ], [ 22.4325125, 50.25132294 ], [ 22.3988742, 50.2758068 ], [ 22.34614437, 50.27069149 ] ] ] } },
{ "type": "Feature", "properties": { "id": 21 }, "geometry": { "type": "Polygon", "coordinates": [ [ [ 19.09904887, 50.2420817 ], [ 19.0814018, 50.21200394 ], [ 19.11602122, 50.18850303 ], [ 19.16828603, 50.19507097 ], [ 19.18596753, 50.22514441 ], [ 19.15134983, 50.24865424 ], [ 19.09904887, 50.2420817 ] ] ] } },
{ "type": "Feature", "properties": { "id": 22 }, "geometry": { "type": "Polygon", "coordinates": [ [ [ 19.96682711, 50.0695205 ], [ 19.94884062, 50.03948763 ], [ 19.9831317, 50.01565554 ], [ 20.035406, 50.02184745 ], [ 20.05342583, 50.05187562 ], [ 20.01913804, 50.07571658 ], [ 19.96682711, 50.0695205 ] ] ] } },
{ "type": "Feature", "properties": { "id": 23 }, "geometry": { "type": "Polygon", "coordinates": [ [ [ 15.06269732, 51.19050972 ], [ 15.04669095, 51.16037751 ], [ 15.08276261, 51.13854314 ], [ 15.13484634, 51.14683217 ], [ 15.15089185, 51.17696185 ], [ 15.1148145, 51.19880503 ], [ 15.06269732, 51.19050972 ] ] ] } },
{ "type": "Feature", "properties": { "id": 24 }, "geometry": { "type": "Polygon", "coordinates": [ [ [ 15.27891804, 51.05923284 ], [ 15.26283843, 51.02906601 ], [ 15.29879701, 51.00710962 ], [ 15.35084051, 51.01531125 ], [ 15.36695895, 51.04547548 ], [ 15.33099509, 51.06744068 ], [ 15.27891804, 51.05923284 ] ] ] } },
{ "type": "Feature", "properties": { "id": 25 }, "geometry": { "type": "Polygon", "coordinates": [ [ [ 15.49286673, 51.36824764 ], [ 15.47661318, 51.3382308 ], [ 15.51268587, 51.31631724 ], [ 15.56501707, 51.32441163 ], [ 15.5813096, 51.35442569 ], [ 15.54523199, 51.37634815 ], [ 15.49286673, 51.36824764 ] ] ] } },
{ "type": "Feature", "properties": { "id": 26 }, "geometry": { "type": "Polygon", "coordinates": [ [ [ 15.5430016, 51.01774381 ], [ 15.52680579, 50.9875849 ], [ 15.56268667, 50.96552408 ], [ 15.61476817, 50.97361332 ], [ 15.63100253, 51.0037695 ], [ 15.59511687, 51.02583916 ], [ 15.5430016, 51.01774381 ] ] ] } },
{ "type": "Feature", "properties": { "id": 27 }, "geometry": { "type": "Polygon", "coordinates": [ [ [ 15.51415131, 50.8749456 ], [ 15.49800212, 50.8447246 ], [ 15.53381626, 50.82262074 ], [ 15.58578445, 50.83072906 ], [ 15.60197207, 50.86094738 ], [ 15.5661531, 50.88306006 ], [ 15.51415131, 50.8749456 ] ] ] } },
{ "type": "Feature", "properties": { "id": 28 }, "geometry": { "type": "Polygon", "coordinates": [ [ [ 15.60197207, 50.86094738 ], [ 15.58578445, 50.83072906 ], [ 15.62157253, 50.80859051 ], [ 15.67355292, 50.81666146 ], [ 15.68977888, 50.84687706 ], [ 15.65398613, 50.86902443 ], [ 15.60197207, 50.86094738 ] ] ] } },
{ "type": "Feature", "properties": { "id": 29 }, "geometry": { "type": "Polygon", "coordinates": [ [ [ 15.95311147, 50.80423353 ], [ 15.93677104, 50.77402634 ], [ 15.97245327, 50.75174928 ], [ 16.02447997, 50.75967057 ], [ 16.04085837, 50.78987487 ], [ 16.00517213, 50.81216077 ], [ 15.95311147, 50.80423353 ] ] ] } },
{ "type": "Feature", "properties": { "id": 30 }, "geometry": { "type": "Polygon", "coordinates": [ [ [ 15.83647398, 51.11818097 ], [ 15.82011552, 51.08809284 ], [ 15.85598369, 51.06597068 ], [ 15.90821462, 51.07392778 ], [ 15.9246115, 51.10401301 ], [ 15.88873906, 51.12614406 ], [ 15.83647398, 51.11818097 ] ] ] } },
{ "type": "Feature", "properties": { "id": 31 }, "geometry": { "type": "Polygon", "coordinates": [ [ [ 16.2883116, 51.24123152 ], [ 16.27171044, 51.2112412 ], [ 16.30753973, 51.18901387 ], [ 16.35997366, 51.19676792 ], [ 16.37661298, 51.22675509 ], [ 16.34078023, 51.24899137 ], [ 16.2883116, 51.24123152 ] ] ] } },
{ "type": "Feature", "properties": { "id": 32 }, "geometry": { "type": "Polygon", "coordinates": [ [ [ 16.13101705, 51.21781206 ], [ 16.11449572, 51.18779558 ], [ 16.15034896, 51.16561194 ], [ 16.20272731, 51.17343586 ], [ 16.21928691, 51.20344927 ], [ 16.18342993, 51.22564184 ], [ 16.13101705, 51.21781206 ] ] ] } },
{ "type": "Feature", "properties": { "id": 33 }, "geometry": { "type": "Polygon", "coordinates": [ [ [ 15.92575219, 51.54414786 ], [ 15.9092505, 51.51424848 ], [ 15.94531941, 51.4922553 ], [ 15.99789418, 51.50015252 ], [ 16.01443468, 51.53004886 ], [ 15.97836162, 51.55205103 ], [ 15.92575219, 51.54414786 ] ] ] } },
{ "type": "Feature", "properties": { "id": 34 }, "geometry": { "type": "Polygon", "coordinates": [ [ [ 16.04462664, 51.67146942 ], [ 16.02803777, 51.64163649 ], [ 16.06414649, 51.61965135 ], [ 16.11684805, 51.62749014 ], [ 16.13347578, 51.65731994 ], [ 16.09736311, 51.6793141 ], [ 16.04462664, 51.67146942 ] ] ] } },
{ "type": "Feature", "properties": { "id": 35 }, "geometry": { "type": "Polygon", "coordinates": [ [ [ 16.21111905, 51.44964359 ], [ 16.19450451, 51.41973338 ], [ 16.2304593, 51.39760944 ], [ 16.28303226, 51.40538673 ], [ 16.29968525, 51.43529378 ], [ 16.26372685, 51.45742671 ], [ 16.21111905, 51.44964359 ] ] ] } },
{ "type": "Feature", "properties": { "id": 36 }, "geometry": { "type": "Polygon", "coordinates": [ [ [ 16.46948527, 51.6519208 ], [ 16.45269951, 51.62212408 ], [ 16.48869965, 51.59998998 ], [ 16.54148873, 51.60764356 ], [ 16.55831294, 51.63743695 ], [ 16.52230964, 51.6595801 ], [ 16.46948527, 51.6519208 ] ] ] } },
{ "type": "Feature", "properties": { "id": 37 }, "geometry": { "type": "Polygon", "coordinates": [ [ [ 16.03211248, 51.03749864 ], [ 16.0156804, 51.00739645 ], [ 16.05146356, 50.98517898 ], [ 16.10368274, 50.99305483 ], [ 16.12015299, 51.02315404 ], [ 16.08436592, 51.0453804 ], [ 16.03211248, 51.03749864 ] ] ] } },
{ "type": "Feature", "properties": { "id": 38 }, "geometry": { "type": "Polygon", "coordinates": [ [ [ 16.12858928, 50.77544416 ], [ 16.11217299, 50.74524279 ], [ 16.14780133, 50.72289664 ], [ 16.1998497, 50.73074302 ], [ 16.21630378, 50.76094142 ], [ 16.18067174, 50.78329642 ], [ 16.12858928, 50.77544416 ] ] ] } },
{ "type": "Feature", "properties": { "id": 39 }, "geometry": { "type": "Polygon", "coordinates": [ [ [ 16.42232491, 50.87474851 ], [ 16.40574761, 50.84461873 ], [ 16.44135902, 50.82221147 ], [ 16.49355094, 50.82992508 ], [ 16.51016589, 50.86005172 ], [ 16.4745513, 50.88246789 ], [ 16.42232491, 50.87474851 ] ] ] } },
{ "type": "Feature", "properties": { "id": 40 }, "geometry": { "type": "Polygon", "coordinates": [ [ [ 16.59264672, 50.40028319 ], [ 16.57610087, 50.36997559 ], [ 16.61143536, 50.3473389 ], [ 16.66331854, 50.35500097 ], [ 16.67990138, 50.38530544 ], [ 16.64456407, 50.40795097 ], [ 16.59264672, 50.40028319 ] ] ] } },
{ "type": "Feature", "properties": { "id": 41 }, "geometry": { "type": "Polygon", "coordinates": [ [ [ 16.56527697, 51.39180682 ], [ 16.54850918, 51.3619095 ], [ 16.58435153, 51.33964628 ], [ 16.63696466, 51.34727138 ], [ 16.65377052, 51.37716538 ], [ 16.61792522, 51.39943761 ], [ 16.56527697, 51.39180682 ] ] ] } },
{ "type": "Feature", "properties": { "id": 42 }, "geometry": { "type": "Polygon", "coordinates": [ [ [ 16.57219185, 51.14527212 ], [ 16.5554801, 51.11527139 ], [ 16.59119412, 51.09291428 ], [ 16.64362284, 51.10054895 ], [ 16.6603724, 51.13054641 ], [ 16.62465545, 51.15291247 ], [ 16.57219185, 51.14527212 ] ] ] } },
{ "type": "Feature", "properties": { "id": 43 }, "geometry": { "type": "Polygon", "coordinates": [ [ [ 16.63576754, 50.74003804 ], [ 16.61912225, 50.70987491 ], [ 16.65461605, 50.68734765 ], [ 16.70675794, 50.69497464 ], [ 16.72344054, 50.72513454 ], [ 16.68794397, 50.74767069 ], [ 16.63576754, 50.74003804 ] ] ] } },
{ "type": "Feature", "properties": { "id": 44 }, "geometry": { "type": "Polygon", "coordinates": [ [ [ 16.7797084, 50.56683427 ], [ 16.76303691, 50.53661501 ], [ 16.79841021, 50.51397715 ], [ 16.85045752, 50.52154967 ], [ 16.86716601, 50.55176568 ], [ 16.83179022, 50.57441241 ], [ 16.7797084, 50.56683427 ] ] ] } },
{ "type": "Feature", "properties": { "id": 45 }, "geometry": { "type": "Polygon", "coordinates": [ [ [ 17.0368144, 50.77035615 ], [ 17.01997559, 50.74024921 ], [ 17.05538903, 50.71760114 ], [ 17.10764336, 50.72505109 ], [ 17.12451915, 50.75515461 ], [ 17.08910366, 50.7778116 ], [ 17.0368144, 50.77035615 ] ] ] } },
{ "type": "Feature", "properties": { "id": 46 }, "geometry": { "type": "Polygon", "coordinates": [ [ [ 17.20757839, 50.98809393 ], [ 17.19060819, 50.95809697 ], [ 17.22608954, 50.93547284 ], [ 17.27854286, 50.94283668 ], [ 17.29555009, 50.97283007 ], [ 17.26006701, 50.99546319 ], [ 17.20757839, 50.98809393 ] ] ] } },
{ "type": "Feature", "properties": { "id": 47 }, "geometry": { "type": "Polygon", "coordinates": [ [ [ 16.90603303, 51.13837136 ], [ 16.88916677, 51.10840396 ], [ 16.92479779, 51.08593414 ], [ 16.97729741, 51.09342275 ], [ 16.99420115, 51.12338671 ], [ 16.95856783, 51.14586551 ], [ 16.90603303, 51.13837136 ] ] ] } },
{ "type": "Feature", "properties": { "id": 48 }, "geometry": { "type": "Polygon", "coordinates": [ [ [ 16.85547951, 51.04842577 ], [ 16.83865847, 51.018415 ], [ 16.87425589, 50.99592861 ], [ 16.92667675, 51.00344402 ], [ 16.94353522, 51.03345139 ], [ 16.90793542, 51.05594675 ], [ 16.85547951, 51.04842577 ] ] ] } },
{ "type": "Feature", "properties": { "id": 49 }, "geometry": { "type": "Polygon", "coordinates": [ [ [ 17.43086549, 51.29454195 ], [ 17.41371702, 51.26469978 ], [ 17.44929858, 51.24211588 ], [ 17.50202999, 51.24936511 ], [ 17.51921561, 51.27920355 ], [ 17.48363271, 51.3017965 ], [ 17.43086549, 51.29454195 ] ] ] } },
{ "type": "Feature", "properties": { "id": 50 }, "geometry": { "type": "Polygon", "coordinates": [ [ [ 16.98878006, 51.37014242 ], [ 16.97181889, 51.34028221 ], [ 17.00754855, 51.31787115 ], [ 17.06024158, 51.32531127 ], [ 17.07724041, 51.35516795 ], [ 17.04150859, 51.37758804 ], [ 16.98878006, 51.37014242 ] ] ] } },
{ "type": "Feature", "properties": { "id": 51 }, "geometry": { "type": "Polygon", "coordinates": [ [ [ 17.26821912, 51.51893207 ], [ 17.25109086, 51.48916681 ], [ 17.28682841, 51.46671953 ], [ 17.33969589, 51.47402844 ], [ 17.3568617, 51.50379 ], [ 17.3211225, 51.52624636 ], [ 17.26821912, 51.51893207 ] ] ] } },
{ "type": "Feature", "properties": { "id": 52 }, "geometry": { "type": "Polygon", "coordinates": [ [ [ 18.99176382, 49.80945444 ], [ 18.97426948, 49.77918645 ], [ 19.00871169, 49.75556609 ], [ 19.06064676, 49.76220488 ], [ 19.07817522, 49.79246868 ], [ 19.04373452, 49.81609788 ], [ 18.99176382, 49.80945444 ] ] ] } },
{ "type": "Feature", "properties": { "id": 57 }, "geometry": { "type": "Polygon", "coordinates": [ [ [ 17.86724807, 53.59189299 ], [ 17.84929519, 53.56311795 ], [ 17.88599755, 53.54127052 ], [ 17.94065337, 53.54818851 ], [ 17.95864558, 53.57695908 ], [ 17.92194266, 53.59881613 ], [ 17.86724807, 53.59189299 ] ] ] } },
{ "type": "Feature", "properties": { "id": 58 }, "geometry": { "type": "Polygon", "coordinates": [ [ [ 17.48613807, 53.4632803 ], [ 17.46840222, 53.43440011 ], [ 17.50513309, 53.41262667 ], [ 17.55960116, 53.41972387 ], [ 17.57737658, 53.4485998 ], [ 17.54064439, 53.4703828 ], [ 17.48613807, 53.4632803 ] ] ] } },
{ "type": "Feature", "properties": { "id": 59 }, "geometry": { "type": "Polygon", "coordinates": [ [ [ 17.52773794, 53.12254484 ], [ 17.5100743, 53.09351497 ], [ 17.54660387, 53.07159457 ], [ 17.60079833, 53.07869458 ], [ 17.61850108, 53.10772025 ], [ 17.58197029, 53.12965012 ], [ 17.52773794, 53.12254484 ] ] ] } },
{ "type": "Feature", "properties": { "id": 60 }, "geometry": { "type": "Polygon", "coordinates": [ [ [ 17.64050809, 52.81614278 ], [ 17.62287272, 52.78698872 ], [ 17.65920427, 52.76491256 ], [ 17.7131722, 52.77198106 ], [ 17.73084621, 52.80113095 ], [ 17.69451368, 52.82321651 ], [ 17.64050809, 52.81614278 ] ] ] } },
{ "type": "Feature", "properties": { "id": 61 }, "geometry": { "type": "Polygon", "coordinates": [ [ [ 18.32613392, 52.79677154 ], [ 18.30818181, 52.76769331 ], [ 18.34431937, 52.74538718 ], [ 18.39840872, 52.75214985 ], [ 18.41639873, 52.7812236 ], [ 18.38026152, 52.80353916 ], [ 18.32613392, 52.79677154 ] ] ] } },
{ "type": "Feature", "properties": { "id": 62 }, "geometry": { "type": "Polygon", "coordinates": [ [ [ 17.9483869, 52.66818995 ], [ 17.9306459, 52.63900721 ], [ 17.96681579, 52.61677377 ], [ 18.02072709, 52.6237137 ], [ 18.03850624, 52.65289217 ], [ 18.00233596, 52.67513498 ], [ 17.9483869, 52.66818995 ] ] ] } },
{ "type": "Feature", "properties": { "id": 63 }, "geometry": { "type": "Polygon", "coordinates": [ [ [ 22.21971142, 52.20030713 ], [ 22.20017936, 52.17152217 ], [ 22.23480964, 52.14778363 ], [ 22.28896421, 52.15282089 ], [ 22.30852897, 52.18159986 ], [ 22.2739065, 52.20534757 ], [ 22.21971142, 52.20030713 ] ] ] } },
{ "type": "Feature", "properties": { "id": 64 }, "geometry": { "type": "Polygon", "coordinates": [ [ [ 22.38232304, 52.215353 ], [ 22.36271696, 52.186601 ], [ 22.3972996, 52.16282003 ], [ 22.45148024, 52.16778189 ], [ 22.47111884, 52.19652783 ], [ 22.43654431, 52.22031797 ], [ 22.38232304, 52.215353 ] ] ] } },
{ "type": "Feature", "properties": { "id": 65 }, "geometry": { "type": "Polygon", "coordinates": [ [ [ 19.81307856, 52.13976171 ], [ 19.79462226, 52.11058883 ], [ 19.82998654, 52.08756008 ], [ 19.88380396, 52.09369495 ], [ 19.9022958, 52.12286284 ], [ 19.86693472, 52.14590087 ], [ 19.81307856, 52.13976171 ] ] ] } },
{ "type": "Feature", "properties": { "id": 66 }, "geometry": { "type": "Polygon", "coordinates": [ [ [ 20.45243635, 53.81077991 ], [ 20.43321557, 53.78245567 ], [ 20.46928387, 53.75987194 ], [ 20.52456835, 53.76560274 ], [ 20.54382574, 53.79392136 ], [ 20.50776208, 53.8165148 ], [ 20.45243635, 53.81077991 ] ] ] } },
{ "type": "Feature", "properties": { "id": 67 }, "geometry": { "type": "Polygon", "coordinates": [ [ [ 23.12866101, 53.13610049 ], [ 23.10846247, 53.10788847 ], [ 23.14326064, 53.08423741 ], [ 23.19824758, 53.08878903 ], [ 23.21847854, 53.11699453 ], [ 23.18369018, 53.14065493 ], [ 23.12866101, 53.13610049 ] ] ] } },
{ "type": "Feature", "properties": { "id": 68 }, "geometry": { "type": "Polygon", "coordinates": [ [ [ 22.20086556, 50.50573489 ], [ 22.18181069, 50.47621395 ], [ 22.21561527, 50.45186413 ], [ 22.26846735, 50.45702643 ], [ 22.28755339, 50.48654164 ], [ 22.25375621, 50.51090029 ], [ 22.20086556, 50.50573489 ] ] ] } },
{ "type": "Feature", "properties": { "id": 69 }, "geometry": { "type": "Polygon", "coordinates": [ [ [ 22.08442928, 50.63241516 ], [ 22.06538948, 50.60292912 ], [ 22.09929256, 50.57865844 ], [ 22.15222826, 50.58386495 ], [ 22.17129949, 50.61334529 ], [ 22.13740362, 50.63762482 ], [ 22.08442928, 50.63241516 ] ] ] } },
{ "type": "Feature", "properties": { "id": 70 }, "geometry": { "type": "Polygon", "coordinates": [ [ [ 21.67982247, 50.61941805 ], [ 21.66095721, 50.58986345 ], [ 21.69498572, 50.56570781 ], [ 21.74787305, 50.57109789 ], [ 21.76677022, 50.60064697 ], [ 21.73274818, 50.62481149 ], [ 21.67982247, 50.61941805 ] ] ] } },
{ "type": "Feature", "properties": { "id": 71 }, "geometry": { "type": "Polygon", "coordinates": [ [ [ 17.70024878, 53.80864588 ], [ 17.6823155, 53.77995004 ], [ 17.71918583, 53.75824276 ], [ 17.77399037, 53.76522165 ], [ 17.79196342, 53.79391304 ], [ 17.75509219, 53.81563 ], [ 17.70024878, 53.80864588 ] ] ] } },
{ "type": "Feature", "properties": { "id": 72 }, "geometry": { "type": "Polygon", "coordinates": [ [ [ 18.34100658, 53.94121051 ], [ 18.32273056, 53.91265624 ], [ 18.35950169, 53.89079317 ], [ 18.41454849, 53.89747462 ], [ 18.43286375, 53.92602412 ], [ 18.39609301, 53.94789693 ], [ 18.34100658, 53.94121051 ] ] ] } },
{ "type": "Feature", "properties": { "id": 73 }, "geometry": { "type": "Polygon", "coordinates": [ [ [ 17.95446996, 54.05143909 ], [ 17.93634685, 54.02288712 ], [ 17.97328806, 54.00119333 ], [ 18.02835279, 54.00804175 ], [ 18.04651569, 54.0365891 ], [ 18.00957409, 54.05829264 ], [ 17.95446996, 54.05143909 ] ] ] } },
{ "type": "Feature", "properties": { "id": 74 }, "geometry": { "type": "Polygon", "coordinates": [ [ [ 17.11578842, 53.75895636 ], [ 17.09814984, 53.73016781 ], [ 17.1351446, 53.70863293 ], [ 17.18978003, 53.71587699 ], [ 17.20745892, 53.74466137 ], [ 17.1704621, 53.76620587 ], [ 17.11578842, 53.75895636 ] ] ] } },
{ "type": "Feature", "properties": { "id": 75 }, "geometry": { "type": "Polygon", "coordinates": [ [ [ 17.38234557, 54.18894285 ], [ 17.36445899, 54.16038489 ], [ 17.4016333, 54.13893329 ], [ 17.45669577, 54.14602989 ], [ 17.47462292, 54.17458344 ], [ 17.43744706, 54.1960448 ], [ 17.38234557, 54.18894285 ] ] ] } },
{ "type": "Feature", "properties": { "id": 76 }, "geometry": { "type": "Polygon", "coordinates": [ [ [ 17.11968225, 54.41674161 ], [ 17.10185913, 54.38825893 ], [ 17.13923589, 54.36698533 ], [ 17.19443791, 54.37418463 ], [ 17.21230218, 54.40266297 ], [ 17.17492331, 54.42394637 ], [ 17.11968225, 54.41674161 ] ] ] } },
{ "type": "Feature", "properties": { "id": 77 }, "geometry": { "type": "Polygon", "coordinates": [ [ [ 18.69002572, 53.93050155 ], [ 18.6715876, 53.90198762 ], [ 18.70825404, 53.88000779 ], [ 18.76335754, 53.88653216 ], [ 18.78183449, 53.91504118 ], [ 18.74516914, 53.93703075 ], [ 18.69002572, 53.93050155 ] ] ] } },
{ "type": "Feature", "properties": { "id": 53 }, "geometry": { "type": "Polygon", "coordinates": [ [ [ 16.55129923, 51.88215848 ], [ 16.53441823, 51.85246953 ], [ 16.57052003, 51.83039503 ], [ 16.62350587, 51.83800038 ], [ 16.64042551, 51.8676859 ], [ 16.60432069, 51.88976951 ], [ 16.55129923, 51.88215848 ] ] ] } },
{ "type": "Feature", "properties": { "id": 54 }, "geometry": { "type": "Polygon", "coordinates": [ [ [ 16.72953237, 51.8531398 ], [ 16.7125742, 51.82345775 ], [ 16.74861805, 51.80131322 ], [ 16.80162278, 51.80884164 ], [ 16.81861939, 51.83852019 ], [ 16.78257285, 51.86067382 ], [ 16.72953237, 51.8531398 ] ] ] } },
{ "type": "Feature", "properties": { "id": 55 }, "geometry": { "type": "Polygon", "coordinates": [ [ [ 17.83472525, 53.21574031 ], [ 17.81689085, 53.18678976 ], [ 17.85339117, 53.16480543 ], [ 17.90772655, 53.17176215 ], [ 17.92559985, 53.20070834 ], [ 17.88909891, 53.22270218 ], [ 17.83472525, 53.21574031 ] ] ] } },
{ "type": "Feature", "properties": { "id": 56 }, "geometry": { "type": "Polygon", "coordinates": [ [ [ 18.41521656, 53.50115331 ], [ 18.39702947, 53.47240563 ], [ 18.43353073, 53.45034483 ], [ 18.48821858, 53.45702211 ], [ 18.50644429, 53.4857651 ], [ 18.46994356, 53.50783551 ], [ 18.41521656, 53.50115331 ] ] ] } },
{ "type": "Feature", "properties": { "id": 78 }, "geometry": { "type": "Polygon", "coordinates": [ [ [ 19.00134153, 53.782674 ], [ 18.98279954, 53.75413283 ], [ 19.01929241, 53.73199478 ], [ 19.07432559, 53.7383882 ], [ 19.09290589, 53.76692436 ], [ 19.05641474, 53.78907211 ], [ 19.00134153, 53.782674 ] ] ] } },
{ "type": "Feature", "properties": { "id": 79 }, "geometry": { "type": "Polygon", "coordinates": [ [ [ 19.20474317, 53.93781095 ], [ 19.18606121, 53.90936923 ], [ 19.22258243, 53.88722773 ], [ 19.27778351, 53.89351821 ], [ 19.29650373, 53.92195478 ], [ 19.25998465, 53.94410604 ], [ 19.20474317, 53.93781095 ] ] ] } },
{ "type": "Feature", "properties": { "id": 80 }, "geometry": { "type": "Polygon", "coordinates": [ [ [ 18.98506144, 54.07019897 ], [ 18.96644399, 54.04178926 ], [ 19.00310514, 54.01977039 ], [ 19.05838207, 54.02615144 ], [ 19.07703818, 54.05455607 ], [ 19.04037873, 54.07658474 ], [ 18.98506144, 54.07019897 ] ] ] } },
{ "type": "Feature", "properties": { "id": 81 }, "geometry": { "type": "Polygon", "coordinates": [ [ [ 18.58006235, 54.23247739 ], [ 18.56158913, 54.20408989 ], [ 18.59846053, 54.18226569 ], [ 18.6538043, 54.18881915 ], [ 18.67231684, 54.2172017 ], [ 18.63544632, 54.23903574 ], [ 18.58006235, 54.23247739 ] ] ] } },
{ "type": "Feature", "properties": { "id": 82 }, "geometry": { "type": "Polygon", "coordinates": [ [ [ 18.09953575, 54.35771524 ], [ 18.08125559, 54.32932462 ], [ 18.11833494, 54.30770606 ], [ 18.17369456, 54.31446828 ], [ 18.19201474, 54.34285413 ], [ 18.1549353, 54.36448253 ], [ 18.09953575, 54.35771524 ] ] ] } },
{ "type": "Feature", "properties": { "id": 83 }, "geometry": { "type": "Polygon", "coordinates": [ [ [ 17.65265834, 54.61545162 ], [ 17.6345193, 54.58712659 ], [ 17.6718729, 54.56575764 ], [ 17.7273666, 54.57270383 ], [ 17.74554649, 54.60102421 ], [ 17.70819186, 54.62240307 ], [ 17.65265834, 54.61545162 ] ] ] } },
{ "type": "Feature", "properties": { "id": 84 }, "geometry": { "type": "Polygon", "coordinates": [ [ [ 18.07905492, 54.64210365 ], [ 18.060702, 54.61384447 ], [ 18.09795462, 54.59234705 ], [ 18.15356033, 54.59909888 ], [ 18.17195366, 54.62735322 ], [ 18.1347009, 54.64886058 ], [ 18.07905492, 54.64210365 ] ] ] } },
{ "type": "Feature", "properties": { "id": 85 }, "geometry": { "type": "Polygon", "coordinates": [ [ [ 18.39450115, 54.73199948 ], [ 18.37597008, 54.70382338 ], [ 18.41318744, 54.68225996 ], [ 18.4689354, 54.68886266 ], [ 18.48750663, 54.71703375 ], [ 18.45028979, 54.73860715 ], [ 18.39450115, 54.73199948 ] ] ] } },
{ "type": "Feature", "properties": { "id": 86 }, "geometry": { "type": "Polygon", "coordinates": [ [ [ 19.15338722, 54.32517589 ], [ 19.13461579, 54.2969084 ], [ 19.17137434, 54.27493753 ], [ 19.2269023, 54.28122429 ], [ 19.24571252, 54.30948657 ], [ 19.20895603, 54.3314673 ], [ 19.15338722, 54.32517589 ] ] ] } },
{ "type": "Feature", "properties": { "id": 87 }, "geometry": { "type": "Polygon", "coordinates": [ [ [ 18.76543438, 54.43723497 ], [ 18.74681328, 54.40896811 ], [ 18.78375054, 54.3871663 ], [ 18.83930767, 54.39362147 ], [ 18.85796814, 54.42188324 ], [ 18.82103214, 54.44369495 ], [ 18.76543438, 54.43723497 ] ] ] } },
{ "type": "Feature", "properties": { "id": 93 }, "geometry": { "type": "Polygon", "coordinates": [ [ [ 23.09133235, 52.06272634 ], [ 23.07146987, 52.03402373 ], [ 23.10572933, 52.00997867 ], [ 23.15984188, 52.01462716 ], [ 23.17973581, 52.04332345 ], [ 23.14548577, 52.06737758 ], [ 23.09133235, 52.06272634 ] ] ] } },
{ "type": "Feature", "properties": { "id": 94 }, "geometry": { "type": "Polygon", "coordinates": [ [ [ 19.96181194, 49.81747319 ], [ 19.94389006, 49.78733677 ], [ 19.97806359, 49.76341767 ], [ 20.03015577, 49.76962616 ], [ 20.04811076, 49.79975793 ], [ 20.01394049, 49.82368586 ], [ 19.96181194, 49.81747319 ] ] ] } },
{ "type": "Feature", "properties": { "id": 95 }, "geometry": { "type": "Polygon", "coordinates": [ [ [ 22.5912808, 49.34561972 ], [ 22.57236769, 49.31568371 ], [ 22.60550826, 49.29081886 ], [ 22.65755412, 49.29588142 ], [ 22.67649696, 49.32581168 ], [ 22.64336424, 49.35068513 ], [ 22.5912808, 49.34561972 ] ] ] } },
{ "type": "Feature", "properties": { "id": 96 }, "geometry": { "type": "Polygon", "coordinates": [ [ [ 20.88208649, 52.47216292 ], [ 20.86306056, 52.44329177 ], [ 20.8982698, 52.42005822 ], [ 20.9524997, 52.42568649 ], [ 20.97156027, 52.45455213 ], [ 20.93635632, 52.47779502 ], [ 20.88208649, 52.47216292 ] ] ] } },
{ "type": "Feature", "properties": { "id": 97 }, "geometry": { "type": "Polygon", "coordinates": [ [ [ 18.73381538, 50.36253767 ], [ 18.71630172, 50.33246284 ], [ 18.7510792, 50.30912018 ], [ 18.8033693, 50.31584343 ], [ 18.82091787, 50.34591408 ], [ 18.78614146, 50.36926567 ], [ 18.73381538, 50.36253767 ] ] ] } },
{ "type": "Feature", "properties": { "id": 98 }, "geometry": { "type": "Polygon", "coordinates": [ [ [ 22.34979474, 49.34991011 ], [ 22.33097958, 49.31993731 ], [ 22.36420158, 49.29514363 ], [ 22.41623134, 49.30031415 ], [ 22.43507652, 49.33028131 ], [ 22.40186195, 49.3550836 ], [ 22.34979474, 49.34991011 ] ] ] } },
{ "type": "Feature", "properties": { "id": 99 }, "geometry": { "type": "Polygon", "coordinates": [ [ [ 18.57904195, 53.04219662 ], [ 18.5609051, 53.01326116 ], [ 18.59710648, 52.99096853 ], [ 18.65144392, 52.99760188 ], [ 18.66961869, 53.02653269 ], [ 18.63341814, 53.04883482 ], [ 18.57904195, 53.04219662 ] ] ] } },
{ "type": "Feature", "properties": { "id": 100 }, "geometry": { "type": "Polygon", "coordinates": [ [ [ 23.19859281, 50.73669948 ], [ 23.17906105, 50.70743903 ], [ 23.21263681, 50.6828819 ], [ 23.2657351, 50.68757646 ], [ 23.28529701, 50.71683076 ], [ 23.25173051, 50.74139665 ], [ 23.19859281, 50.73669948 ] ] ] } },
{ "type": "Feature", "properties": { "id": 101 }, "geometry": { "type": "Polygon", "coordinates": [ [ [ 21.40253332, 52.41762522 ], [ 21.38329351, 52.38880856 ], [ 21.41830702, 52.36539617 ], [ 21.4725541, 52.37079116 ], [ 21.49182786, 52.3996021 ], [ 21.45682063, 52.42302378 ], [ 21.40253332, 52.41762522 ] ] ] } },
{ "type": "Feature", "properties": { "id": 102 }, "geometry": { "type": "Polygon", "coordinates": [ [ [ 19.2728559, 50.20813614 ], [ 19.25514009, 50.17806706 ], [ 19.28969493, 50.15449956 ], [ 19.34196359, 50.16099225 ], [ 19.35971362, 50.19105694 ], [ 19.32516081, 50.21463334 ], [ 19.2728559, 50.20813614 ] ] ] } },
{ "type": "Feature", "properties": { "id": 103 }, "geometry": { "type": "Polygon", "coordinates": [ [ [ 19.16903701, 50.27870784 ], [ 19.15134983, 50.24865424 ], [ 19.18596753, 50.22514441 ], [ 19.23827058, 50.23167927 ], [ 19.25599214, 50.26172851 ], [ 19.2213763, 50.28524726 ], [ 19.16903701, 50.27870784 ] ] ] } },
{ "type": "Feature", "properties": { "id": 104 }, "geometry": { "type": "Polygon", "coordinates": [ [ [ 22.47602018, 50.08890067 ], [ 22.45696122, 50.05924979 ], [ 22.49047932, 50.03467339 ], [ 22.54304862, 50.03973915 ], [ 22.56213806, 50.06938424 ], [ 22.52862776, 50.09396936 ], [ 22.47602018, 50.08890067 ] ] ] } },
{ "type": "Feature", "properties": { "id": 105 }, "geometry": { "type": "Polygon", "coordinates": [ [ [ 23.0937941, 50.2023514 ], [ 23.0744506, 50.17284864 ], [ 23.10781246, 50.14813372 ], [ 23.16050891, 50.15291288 ], [ 23.17988223, 50.18240959 ], [ 23.14652931, 50.2071332 ], [ 23.0937941, 50.2023514 ] ] ] } },
{ "type": "Feature", "properties": { "id": 106 }, "geometry": { "type": "Polygon", "coordinates": [ [ [ 22.66275502, 50.60520317 ], [ 22.64348065, 50.5757984 ], [ 22.67717795, 50.55134908 ], [ 22.7301414, 50.55629576 ], [ 22.74944647, 50.58569461 ], [ 22.71575743, 50.61015271 ], [ 22.66275502, 50.60520317 ] ] ] } },
{ "type": "Feature", "properties": { "id": 107 }, "geometry": { "type": "Polygon", "coordinates": [ [ [ 19.95273068, 51.96603373 ], [ 19.93425869, 51.93680395 ], [ 19.96949149, 51.91366638 ], [ 20.02319286, 51.91974935 ], [ 20.04170006, 51.94897411 ], [ 20.00647071, 51.97212092 ], [ 19.95273068, 51.96603373 ] ] ] } },
{ "type": "Feature", "properties": { "id": 115 }, "geometry": { "type": "Polygon", "coordinates": [ [ [ 18.85644883, 50.4893809 ], [ 18.83884909, 50.4593741 ], [ 18.873655, 50.43603819 ], [ 18.92605939, 50.44270013 ], [ 18.94369404, 50.47270268 ], [ 18.90888942, 50.49604755 ], [ 18.85644883, 50.4893809 ] ] ] } },
{ "type": "Feature", "properties": { "id": 116 }, "geometry": { "type": "Polygon", "coordinates": [ [ [ 18.25603806, 52.27620411 ], [ 18.23825711, 52.24688576 ], [ 18.27413456, 52.22440291 ], [ 18.32779279, 52.2312291 ], [ 18.34561114, 52.26054311 ], [ 18.30973389, 52.28303527 ], [ 18.25603806, 52.27620411 ] ] ] } },
{ "type": "Feature", "properties": { "id": 117 }, "geometry": { "type": "Polygon", "coordinates": [ [ [ 15.52044719, 51.94728499 ], [ 15.50404282, 51.91751765 ], [ 15.54041466, 51.89581293 ], [ 15.59319586, 51.90386653 ], [ 15.60963985, 51.93363093 ], [ 15.57326305, 51.95534467 ], [ 15.52044719, 51.94728499 ] ] ] } },
{ "type": "Feature", "properties": { "id": 118 }, "geometry": { "type": "Polygon", "coordinates": [ [ [ 19.06884334, 50.84831225 ], [ 19.05105898, 50.81848273 ], [ 19.08598263, 50.79520954 ], [ 19.13868897, 50.80175686 ], [ 19.15650838, 50.83158197 ], [ 19.12158642, 50.85486418 ], [ 19.06884334, 50.84831225 ] ] ] } },
{ "type": "Feature", "properties": { "id": 119 }, "geometry": { "type": "Polygon", "coordinates": [ [ [ 18.4719755, 50.91051361 ], [ 18.45444466, 50.88063418 ], [ 18.48956219, 50.85757302 ], [ 18.54220999, 50.86438227 ], [ 18.55977656, 50.89425755 ], [ 18.52465962, 50.91732773 ], [ 18.4719755, 50.91051361 ] ] ] } },
{ "type": "Feature", "properties": { "id": 120 }, "geometry": { "type": "Polygon", "coordinates": [ [ [ 18.80271934, 50.14860134 ], [ 18.78522703, 50.1184473 ], [ 18.81988245, 50.09500644 ], [ 18.87202904, 50.10171073 ], [ 18.88955599, 50.1318606 ], [ 18.85490175, 50.15531036 ], [ 18.80271934, 50.14860134 ] ] ] } },
{ "type": "Feature", "properties": { "id": 121 }, "geometry": { "type": "Polygon", "coordinates": [ [ [ 22.48796568, 51.24803307 ], [ 22.46858835, 51.21887422 ], [ 22.50265339, 51.19470611 ], [ 22.55608771, 51.1996879 ], [ 22.57549652, 51.2288408 ], [ 22.54143957, 51.25301785 ], [ 22.48796568, 51.24803307 ] ] ] } },
{ "type": "Feature", "properties": { "id": 122 }, "geometry": { "type": "Polygon", "coordinates": [ [ [ 19.34918739, 52.27516134 ], [ 19.33090443, 52.24598465 ], [ 19.36647548, 52.22315272 ], [ 19.42032721, 52.22948817 ], [ 19.43864637, 52.25866004 ], [ 19.40307763, 52.28150129 ], [ 19.34918739, 52.27516134 ] ] ] } },
{ "type": "Feature", "properties": { "id": 123 }, "geometry": { "type": "Polygon", "coordinates": [ [ [ 18.88116382, 51.9207566 ], [ 18.86318857, 51.89136216 ], [ 18.89870777, 51.8685448 ], [ 18.95220086, 51.87511264 ], [ 18.97021246, 51.90450253 ], [ 18.93469465, 51.92732913 ], [ 18.88116382, 51.9207566 ] ] ] } },
{ "type": "Feature", "properties": { "id": 124 }, "geometry": { "type": "Polygon", "coordinates": [ [ [ 19.38065922, 51.92677563 ], [ 19.36245534, 51.89745001 ], [ 19.39783579, 51.87447682 ], [ 19.45141781, 51.88082002 ], [ 19.46965751, 51.91014088 ], [ 19.4342794, 51.93312331 ], [ 19.38065922, 51.92677563 ] ] ] } },
{ "type": "Feature", "properties": { "id": 125 }, "geometry": { "type": "Polygon", "coordinates": [ [ [ 19.29237734, 50.40527638 ], [ 19.2746041, 50.37529121 ], [ 19.30924856, 50.35178795 ], [ 19.36166421, 50.35826094 ], [ 19.37947183, 50.38824168 ], [ 19.34482945, 50.41175387 ], [ 19.29237734, 50.40527638 ] ] ] } },
{ "type": "Feature", "properties": { "id": 88 }, "geometry": { "type": "Polygon", "coordinates": [ [ [ 18.48764228, 54.48282883 ], [ 18.46914003, 54.45454694 ], [ 18.50618372, 54.43285291 ], [ 18.56172899, 54.43943088 ], [ 18.58027098, 54.4677078 ], [ 18.54322799, 54.48941173 ], [ 18.48764228, 54.48282883 ] ] ] } },
{ "type": "Feature", "properties": { "id": 89 }, "geometry": { "type": "Polygon", "coordinates": [ [ [ 17.00738156, 54.48042012 ], [ 16.98959531, 54.45195413 ], [ 17.02703883, 54.43074334 ], [ 17.08227097, 54.43798872 ], [ 17.10009857, 54.4664504 ], [ 17.06265272, 54.48767101 ], [ 17.00738156, 54.48042012 ] ] ] } },
{ "type": "Feature", "properties": { "id": 90 }, "geometry": { "type": "Polygon", "coordinates": [ [ [ 19.44802048, 54.22754859 ], [ 19.42913973, 54.19927568 ], [ 19.46575407, 54.17717216 ], [ 19.52124655, 54.18333171 ], [ 19.54016562, 54.21159931 ], [ 19.50355394, 54.23371267 ], [ 19.44802048, 54.22754859 ] ] ] } },
{ "type": "Feature", "properties": { "id": 91 }, "geometry": { "type": "Polygon", "coordinates": [ [ [ 20.54581309, 50.85699203 ], [ 20.52737337, 50.82736869 ], [ 20.56187144, 50.80364007 ], [ 20.61480484, 50.8095258 ], [ 20.63327799, 50.83914406 ], [ 20.59878435, 50.86288168 ], [ 20.54581309, 50.85699203 ] ] ] } },
{ "type": "Feature", "properties": { "id": 92 }, "geometry": { "type": "Polygon", "coordinates": [ [ [ 18.74221706, 53.06203636 ], [ 18.72399873, 53.03313106 ], [ 18.76016515, 53.0107938 ], [ 18.81454877, 53.01735234 ], [ 18.83280485, 53.04625291 ], [ 18.7966396, 53.06859968 ], [ 18.74221706, 53.06203636 ] ] ] } },
{ "type": "Feature", "properties": { "id": 112 }, "geometry": { "type": "Polygon", "coordinates": [ [ [ 18.00916227, 51.78273829 ], [ 17.99162351, 51.75317401 ], [ 18.02730784, 51.73058444 ], [ 18.08053123, 51.73754999 ], [ 18.0981071, 51.76711017 ], [ 18.0624225, 51.78970891 ], [ 18.00916227, 51.78273829 ] ] ] } },
{ "type": "Feature", "properties": { "id": 113 }, "geometry": { "type": "Polygon", "coordinates": [ [ [ 16.14891266, 54.23310073 ], [ 16.13161664, 54.20442243 ], [ 16.16912734, 54.18339856 ], [ 16.22393813, 54.19104334 ], [ 16.24127604, 54.2197178 ], [ 16.20376129, 54.24075133 ], [ 16.14891266, 54.23310073 ] ] ] } },
{ "type": "Feature", "properties": { "id": 114 }, "geometry": { "type": "Polygon", "coordinates": [ [ [ 18.47233959, 50.41198059 ], [ 18.45493131, 50.38189348 ], [ 18.48980295, 50.35865161 ], [ 18.54208233, 50.36548791 ], [ 18.55952585, 50.39557096 ], [ 18.52465479, 50.41882177 ], [ 18.47233959, 50.41198059 ] ] ] } },
{ "type": "Feature", "properties": { "id": 108 }, "geometry": { "type": "Polygon", "coordinates": [ [ [ 21.52429761, 53.12475012 ], [ 21.5047991, 53.09627186 ], [ 21.54014512, 53.07309248 ], [ 21.59498302, 53.0783819 ], [ 21.61451605, 53.10685425 ], [ 21.57917669, 53.1300431 ], [ 21.52429761, 53.12475012 ] ] ] } },
{ "type": "Feature", "properties": { "id": 109 }, "geometry": { "type": "Polygon", "coordinates": [ [ [ 18.76662185, 49.75234249 ], [ 18.74924101, 49.72202295 ], [ 18.78371707, 49.69845338 ], [ 18.83557289, 49.70519452 ], [ 18.85298803, 49.73550997 ], [ 18.81851308, 49.75908838 ], [ 18.76662185, 49.75234249 ] ] ] } },
{ "type": "Feature", "properties": { "id": 110 }, "geometry": { "type": "Polygon", "coordinates": [ [ [ 18.66401494, 50.32570191 ], [ 18.64654156, 50.29560311 ], [ 18.68131998, 50.27226937 ], [ 18.73357087, 50.27902552 ], [ 18.7510792, 50.30912018 ], [ 18.71630172, 50.33246284 ], [ 18.66401494, 50.32570191 ] ] ] } },
{ "type": "Feature", "properties": { "id": 111 }, "geometry": { "type": "Polygon", "coordinates": [ [ [ 18.76189582, 53.49003136 ], [ 18.74354909, 53.46132359 ], [ 18.77994649, 53.43914697 ], [ 18.83468943, 53.44566849 ], [ 18.8530744, 53.47437141 ], [ 18.81667822, 53.49655766 ], [ 18.76189582, 53.49003136 ] ] ] } },
{ "type": "Feature", "properties": { "id": 126 }, "geometry": { "type": "Polygon", "coordinates": [ [ [ 19.11809598, 50.43913213 ], [ 19.10039182, 50.40913819 ], [ 19.13510128, 50.38570175 ], [ 19.18751317, 50.3922503 ], [ 19.20525193, 50.42223988 ], [ 19.17054423, 50.44568527 ], [ 19.11809598, 50.43913213 ] ] ] } },
{ "type": "Feature", "properties": { "id": 127 }, "geometry": { "type": "Polygon", "coordinates": [ [ [ 22.42988237, 51.16050941 ], [ 22.41055369, 51.13130347 ], [ 22.44459578, 51.10712069 ], [ 22.49795862, 51.11213492 ], [ 22.51731878, 51.14133495 ], [ 22.48328465, 51.16552666 ], [ 22.42988237, 51.16050941 ] ] ] } },
{ "type": "Feature", "properties": { "id": 128 }, "geometry": { "type": "Polygon", "coordinates": [ [ [ 19.37648594, 50.13739153 ], [ 19.35874173, 50.10730702 ], [ 19.39323367, 50.08368201 ], [ 19.44546763, 50.09013262 ], [ 19.46324588, 50.12021269 ], [ 19.42875616, 50.1438466 ], [ 19.37648594, 50.13739153 ] ] ] } },
{ "type": "Feature", "properties": { "id": 129 }, "geometry": { "type": "Polygon", "coordinates": [ [ [ 19.2149327, 49.61344315 ], [ 19.19738701, 49.58312485 ], [ 19.2316757, 49.55936597 ], [ 19.28350822, 49.56591657 ], [ 19.30108763, 49.59623059 ], [ 19.26680083, 49.61999829 ], [ 19.2149327, 49.61344315 ] ] ] } },
{ "type": "Feature", "properties": { "id": 130 }, "geometry": { "type": "Polygon", "coordinates": [ [ [ 17.17913248, 52.45835576 ], [ 17.16180875, 52.42898846 ], [ 17.19806446, 52.40692582 ], [ 17.25164579, 52.41422121 ], [ 17.26900821, 52.44358464 ], [ 17.23275064, 52.46565656 ], [ 17.17913248, 52.45835576 ] ] ] } },
{ "type": "Feature", "properties": { "id": 131 }, "geometry": { "type": "Polygon", "coordinates": [ [ [ 17.5536606, 52.58963747 ], [ 17.53612588, 52.56037211 ], [ 17.57235691, 52.53823704 ], [ 17.62612386, 52.54535801 ], [ 17.64369705, 52.5746193 ], [ 17.60746486, 52.5967637 ], [ 17.5536606, 52.58963747 ] ] ] } },
{ "type": "Feature", "properties": { "id": 132 }, "geometry": { "type": "Polygon", "coordinates": [ [ [ 19.43211151, 51.76974265 ], [ 19.41392603, 51.7403555 ], [ 19.44921077, 51.71730737 ], [ 19.5026786, 51.7236372 ], [ 19.52089968, 51.75301959 ], [ 19.48561736, 51.77607693 ], [ 19.43211151, 51.76974265 ] ] ] } },
{ "type": "Feature", "properties": { "id": 133 }, "geometry": { "type": "Polygon", "coordinates": [ [ [ 21.01086178, 52.0540524 ], [ 20.99189616, 52.0250148 ], [ 21.02684826, 52.0015845 ], [ 21.08076054, 52.00718258 ], [ 21.09976022, 52.03621469 ], [ 21.06481359, 52.05965422 ], [ 21.01086178, 52.0540524 ] ] ] } },
{ "type": "Feature", "properties": { "id": 134 }, "geometry": { "type": "Polygon", "coordinates": [ [ [ 18.66352682, 50.07475305 ], [ 18.64611453, 50.04455133 ], [ 18.68077194, 50.02112824 ], [ 18.73284074, 50.02789798 ], [ 18.75028774, 50.05809561 ], [ 18.71563126, 50.08152758 ], [ 18.66352682, 50.07475305 ] ] ] } },
{ "type": "Feature", "properties": { "id": 135 }, "geometry": { "type": "Polygon", "coordinates": [ [ [ 21.37170608, 51.6843312 ], [ 21.35268525, 51.65518595 ], [ 21.38733457, 51.63150893 ], [ 21.44099866, 51.63696805 ], [ 21.46005275, 51.66610774 ], [ 21.42540952, 51.68979388 ], [ 21.37170608, 51.6843312 ] ] ] } },
{ "type": "Feature", "properties": { "id": 136 }, "geometry": { "type": "Polygon", "coordinates": [ [ [ 21.14452683, 51.33356041 ], [ 21.12570024, 51.30422863 ], [ 21.16024708, 51.28049125 ], [ 21.21361493, 51.28607659 ], [ 21.23247471, 51.31540295 ], [ 21.19793348, 51.33914939 ], [ 21.14452683, 51.33356041 ] ] ] } },
{ "type": "Feature", "properties": { "id": 137 }, "geometry": { "type": "Polygon", "coordinates": [ [ [ 20.11398881, 51.98422127 ], [ 20.09543976, 51.95502219 ], [ 20.13063353, 51.93184133 ], [ 20.18437264, 51.93785031 ], [ 20.20295673, 51.96704429 ], [ 20.16776671, 51.9902344 ], [ 20.11398881, 51.98422127 ] ] ] } },
{ "type": "Feature", "properties": { "id": 141 }, "geometry": { "type": "Polygon", "coordinates": [ [ [ 18.10261789, 51.02759208 ], [ 18.08522611, 50.99771652 ], [ 18.12050009, 50.97481657 ], [ 18.17316596, 50.98178316 ], [ 18.19059395, 51.01165473 ], [ 18.15531989, 51.03456371 ], [ 18.10261789, 51.02759208 ] ] ] } },
{ "type": "Feature", "properties": { "id": 142 }, "geometry": { "type": "Polygon", "coordinates": [ [ [ 18.90532336, 49.82636977 ], [ 18.88786324, 49.79609761 ], [ 18.92233697, 49.77251037 ], [ 18.97426948, 49.77918645 ], [ 18.99176382, 49.80945444 ], [ 18.95729145, 49.83305053 ], [ 18.90532336, 49.82636977 ] ] ] } },
{ "type": "Feature", "properties": { "id": 143 }, "geometry": { "type": "Polygon", "coordinates": [ [ [ 18.43793945, 50.01718254 ], [ 18.42064194, 49.98692943 ], [ 18.45533167, 49.96355748 ], [ 18.50731842, 49.97042977 ], [ 18.52465081, 50.00067891 ], [ 18.4899616, 50.02405972 ], [ 18.43793945, 50.01718254 ] ] ] } },
{ "type": "Feature", "properties": { "id": 144 }, "geometry": { "type": "Polygon", "coordinates": [ [ [ 18.85413359, 49.98768405 ], [ 18.83665735, 49.95747085 ], [ 18.87122172, 49.93395666 ], [ 18.9232611, 49.94064681 ], [ 18.94077177, 49.97085585 ], [ 18.90620867, 49.9943789 ], [ 18.85413359, 49.98768405 ] ] ] } },
{ "type": "Feature", "properties": { "id": 145 }, "geometry": { "type": "Polygon", "coordinates": [ [ [ 19.1329687, 50.13488013 ], [ 19.11533284, 50.10476275 ], [ 19.14989138, 50.08121305 ], [ 19.20208402, 50.08777184 ], [ 19.21975416, 50.11788489 ], [ 19.1851974, 50.14144349 ], [ 19.1329687, 50.13488013 ] ] ] } },
{ "type": "Feature", "properties": { "id": 146 }, "geometry": { "type": "Polygon", "coordinates": [ [ [ 18.55940181, 50.14489077 ], [ 18.54201917, 50.11470472 ], [ 18.57673814, 50.09133959 ], [ 18.62883903, 50.09815162 ], [ 18.64625654, 50.12833361 ], [ 18.61153832, 50.15170763 ], [ 18.55940181, 50.14489077 ] ] ] } },
{ "type": "Feature", "properties": { "id": 147 }, "geometry": { "type": "Polygon", "coordinates": [ [ [ 18.31620937, 50.14067349 ], [ 18.29893693, 50.11045582 ], [ 18.33371811, 50.08716657 ], [ 18.38577147, 50.09408612 ], [ 18.40307902, 50.12429986 ], [ 18.36829814, 50.14759799 ], [ 18.31620937, 50.14067349 ] ] ] } },
{ "type": "Feature", "properties": { "id": 148 }, "geometry": { "type": "Polygon", "coordinates": [ [ [ 20.74470529, 50.46455433 ], [ 20.72628103, 50.43479485 ], [ 20.76052875, 50.41086493 ], [ 20.81319601, 50.41668558 ], [ 20.83165312, 50.44643996 ], [ 20.79741014, 50.4703788 ], [ 20.74470529, 50.46455433 ] ] ] } },
{ "type": "Feature", "properties": { "id": 149 }, "geometry": { "type": "Polygon", "coordinates": [ [ [ 20.2770094, 50.66102943 ], [ 20.2587378, 50.63128519 ], [ 20.29322143, 50.60756832 ], [ 20.34597278, 50.61358673 ], [ 20.36427794, 50.64332604 ], [ 20.32979822, 50.66705188 ], [ 20.2770094, 50.66102943 ] ] ] } },
{ "type": "Feature", "properties": { "id": 150 }, "geometry": { "type": "Polygon", "coordinates": [ [ [ 20.46078168, 50.32172744 ], [ 20.44251688, 50.2918677 ], [ 20.47678222, 50.2679734 ], [ 20.52930818, 50.27392995 ], [ 20.54760601, 50.30378474 ], [ 20.51334488, 50.32768794 ], [ 20.46078168, 50.32172744 ] ] ] } },
{ "type": "Feature", "properties": { "id": 151 }, "geometry": { "type": "Polygon", "coordinates": [ [ [ 18.16003211, 50.11976009 ], [ 18.14283502, 50.08951498 ], [ 18.17764681, 50.06626816 ], [ 18.2296557, 50.07325758 ], [ 18.24688805, 50.10349883 ], [ 18.21207628, 50.12675453 ], [ 18.16003211, 50.11976009 ] ] ] } },
{ "type": "Feature", "properties": { "id": 152 }, "geometry": { "type": "Polygon", "coordinates": [ [ [ 15.74835943, 52.00910077 ], [ 15.73183049, 51.97938278 ], [ 15.7681849, 51.95762472 ], [ 15.82107281, 51.9655756 ], [ 15.83764124, 51.99529052 ], [ 15.80128229, 52.01705763 ], [ 15.74835943, 52.00910077 ] ] ] } },
{ "type": "Feature", "properties": { "id": 153 }, "geometry": { "type": "Polygon", "coordinates": [ [ [ 15.48962255, 52.24168033 ], [ 15.47316175, 52.21203738 ], [ 15.50969854, 52.19045527 ], [ 15.56270122, 52.19850703 ], [ 15.57920202, 52.22814699 ], [ 15.54266017, 52.24973818 ], [ 15.48962255, 52.24168033 ] ] ] } },
{ "type": "Feature", "properties": { "id": 154 }, "geometry": { "type": "Polygon", "coordinates": [ [ [ 19.47318289, 50.87030563 ], [ 19.45521235, 50.84053879 ], [ 19.49003292, 50.81714661 ], [ 19.54282163, 50.82351226 ], [ 19.56082681, 50.8532745 ], [ 19.52600868, 50.87667569 ], [ 19.47318289, 50.87030563 ] ] ] } },
{ "type": "Feature", "properties": { "id": 155 }, "geometry": { "type": "Polygon", "coordinates": [ [ [ 19.22464337, 50.61878582 ], [ 19.206847, 50.58888051 ], [ 19.24161433, 50.5654752 ], [ 19.29417607, 50.57196624 ], [ 19.31200709, 50.60186711 ], [ 19.27724174, 50.62528139 ], [ 19.22464337, 50.61878582 ] ] ] } },
{ "type": "Feature", "properties": { "id": 156 }, "geometry": { "type": "Polygon", "coordinates": [ [ [ 19.57390963, 50.5506823 ], [ 19.55597529, 50.52079499 ], [ 19.59061064, 50.49725595 ], [ 19.64317775, 50.50359525 ], [ 19.6611463, 50.53347797 ], [ 19.62651356, 50.55702598 ], [ 19.57390963, 50.5506823 ] ] ] } },
{ "type": "Feature", "properties": { "id": 157 }, "geometry": { "type": "Polygon", "coordinates": [ [ [ 20.81678942, 52.14187478 ], [ 20.79788489, 52.11284704 ], [ 20.8329434, 52.08950886 ], [ 20.88690136, 52.09518916 ], [ 20.90584027, 52.12421146 ], [ 20.87078687, 52.14755891 ], [ 20.81678942, 52.14187478 ] ] ] } },
{ "type": "Feature", "properties": { "id": 158 }, "geometry": { "type": "Polygon", "coordinates": [ [ [ 20.88884787, 51.63405428 ], [ 20.87005125, 51.60481447 ], [ 20.9048286, 51.58126513 ], [ 20.95839743, 51.58694645 ], [ 20.97722784, 51.6161809 ], [ 20.94245567, 51.63973939 ], [ 20.88884787, 51.63405428 ] ] ] } },
{ "type": "Feature", "properties": { "id": 159 }, "geometry": { "type": "Polygon", "coordinates": [ [ [ 21.11301494, 51.43956466 ], [ 21.09417335, 51.41027392 ], [ 21.1287828, 51.3865849 ], [ 21.18222831, 51.39217754 ], [ 21.20110323, 51.42146286 ], [ 21.16649935, 51.44516097 ], [ 21.11301494, 51.43956466 ] ] ] } },
{ "type": "Feature", "properties": { "id": 160 }, "geometry": { "type": "Polygon", "coordinates": [ [ [ 21.51151195, 51.20732012 ], [ 21.49256108, 51.17798971 ], [ 21.52692858, 51.15409588 ], [ 21.58024071, 51.15952346 ], [ 21.59922421, 51.18884832 ], [ 21.56486299, 51.21275116 ], [ 21.51151195, 51.20732012 ] ] ] } },
{ "type": "Feature", "properties": { "id": 161 }, "geometry": { "type": "Polygon", "coordinates": [ [ [ 20.82431158, 51.29951153 ], [ 20.80563344, 51.27011749 ], [ 20.84026374, 51.24646478 ], [ 20.89356721, 51.25219705 ], [ 20.91227889, 51.28158581 ], [ 20.87765359, 51.3052476 ], [ 20.82431158, 51.29951153 ] ] ] } },
{ "type": "Feature", "properties": { "id": 162 }, "geometry": { "type": "Polygon", "coordinates": [ [ [ 20.84076004, 51.79215172 ], [ 20.82194138, 51.76297373 ], [ 20.85681365, 51.73949762 ], [ 20.91049951, 51.74519032 ], [ 20.92935218, 51.77436293 ], [ 20.89448502, 51.79784822 ], [ 20.84076004, 51.79215172 ] ] ] } },
{ "type": "Feature", "properties": { "id": 163 }, "geometry": { "type": "Polygon", "coordinates": [ [ [ 20.61600434, 51.44099344 ], [ 20.59737947, 51.41162988 ], [ 20.63214465, 51.38809265 ], [ 20.68553011, 51.39390987 ], [ 20.7041889, 51.42326821 ], [ 20.66942835, 51.44681456 ], [ 20.61600434, 51.44099344 ] ] ] } },
{ "type": "Feature", "properties": { "id": 164 }, "geometry": { "type": "Polygon", "coordinates": [ [ [ 21.13525224, 51.08599328 ], [ 21.11649616, 51.05655387 ], [ 21.15092391, 51.03272912 ], [ 21.20410223, 51.03833476 ], [ 21.22289129, 51.06776879 ], [ 21.18846909, 51.09160256 ], [ 21.13525224, 51.08599328 ] ] ] } },
{ "type": "Feature", "properties": { "id": 165 }, "geometry": { "type": "Polygon", "coordinates": [ [ [ 18.69982811, 50.71879455 ], [ 18.68224194, 50.68886336 ], [ 18.71720299, 50.66565991 ], [ 18.76974924, 50.67237867 ], [ 18.7873707, 50.70230563 ], [ 18.75241066, 50.72551807 ], [ 18.69982811, 50.71879455 ] ] ] } },
{ "type": "Feature", "properties": { "id": 166 }, "geometry": { "type": "Polygon", "coordinates": [ [ [ 20.87963932, 50.83859151 ], [ 20.86105937, 50.80900896 ], [ 20.89544613, 50.78517209 ], [ 20.94840784, 50.7909088 ], [ 20.96702083, 50.82048612 ], [ 20.93263911, 50.84433197 ], [ 20.87963932, 50.83859151 ] ] ] } },
{ "type": "Feature", "properties": { "id": 167 }, "geometry": { "type": "Polygon", "coordinates": [ [ [ 19.96559468, 50.87357297 ], [ 19.94740512, 50.84387465 ], [ 19.9820847, 50.82033046 ], [ 20.03495052, 50.82647559 ], [ 20.05317418, 50.85616909 ], [ 20.01849796, 50.87972229 ], [ 19.96559468, 50.87357297 ] ] ] } },
{ "type": "Feature", "properties": { "id": 168 }, "geometry": { "type": "Polygon", "coordinates": [ [ [ 20.28942874, 51.15828282 ], [ 20.27102244, 51.12875089 ], [ 20.30574619, 51.10521029 ], [ 20.35887229, 51.11119257 ], [ 20.37731261, 51.14071949 ], [ 20.34259284, 51.16426915 ], [ 20.28942874, 51.15828282 ] ] ] } },
{ "type": "Feature", "properties": { "id": 169 }, "geometry": { "type": "Polygon", "coordinates": [ [ [ 18.78830023, 50.95104111 ], [ 18.7706162, 50.92121867 ], [ 18.80566823, 50.89807163 ], [ 18.85840314, 50.90473801 ], [ 18.87612262, 50.93455615 ], [ 18.84107177, 50.95771222 ], [ 18.78830023, 50.95104111 ] ] ] } },
{ "type": "Feature", "properties": { "id": 170 }, "geometry": { "type": "Polygon", "coordinates": [ [ [ 20.72847779, 51.06974763 ], [ 20.70990257, 51.04024115 ], [ 20.74444901, 51.01653386 ], [ 20.79756591, 51.02232403 ], [ 20.81617457, 51.05182532 ], [ 20.78163292, 51.07554164 ], [ 20.72847779, 51.06974763 ] ] ] } },
{ "type": "Feature", "properties": { "id": 171 }, "geometry": { "type": "Polygon", "coordinates": [ [ [ 19.22238124, 52.15195758 ], [ 19.20418912, 52.1227095 ], [ 19.23973214, 52.09987101 ], [ 19.29346525, 52.10627133 ], [ 19.3116936, 52.13551468 ], [ 19.27615263, 52.15836245 ], [ 19.22238124, 52.15195758 ] ] ] } },
{ "type": "Feature", "properties": { "id": 172 }, "geometry": { "type": "Polygon", "coordinates": [ [ [ 19.97303055, 49.51030063 ], [ 19.95517902, 49.48004172 ], [ 19.98920594, 49.4560123 ], [ 20.04108119, 49.46223299 ], [ 20.05896556, 49.49248729 ], [ 20.02494187, 49.5165255 ], [ 19.97303055, 49.51030063 ] ] ] } },
{ "type": "Feature", "properties": { "id": 173 }, "geometry": { "type": "Polygon", "coordinates": [ [ [ 19.57950156, 49.74312262 ], [ 19.56176464, 49.71290446 ], [ 19.5960125, 49.68907743 ], [ 19.64799476, 49.69545974 ], [ 19.66576514, 49.72567345 ], [ 19.63151984, 49.7495093 ], [ 19.57950156, 49.74312262 ] ] ] } },
{ "type": "Feature", "properties": { "id": 174 }, "geometry": { "type": "Polygon", "coordinates": [ [ [ 19.95188545, 49.31074308 ], [ 19.9340914, 49.28040151 ], [ 19.96803223, 49.25630975 ], [ 20.01976394, 49.26255079 ], [ 20.03759066, 49.29288778 ], [ 20.00365302, 49.3169883 ], [ 19.95188545, 49.31074308 ] ] ] } },
{ "type": "Feature", "properties": { "id": 175 }, "geometry": { "type": "Polygon", "coordinates": [ [ [ 19.52982364, 49.90499588 ], [ 19.51206897, 49.87483676 ], [ 19.54640719, 49.85108191 ], [ 19.59849762, 49.85747734 ], [ 19.61628594, 49.887632 ], [ 19.58195021, 49.9113957 ], [ 19.52982364, 49.90499588 ] ] ] } },
{ "type": "Feature", "properties": { "id": 176 }, "geometry": { "type": "Polygon", "coordinates": [ [ [ 19.56449548, 51.10158506 ], [ 19.54642504, 51.07192843 ], [ 19.58133402, 51.04859197 ], [ 19.63431084, 51.05490307 ], [ 19.65241605, 51.08455501 ], [ 19.61750971, 51.10790054 ], [ 19.56449548, 51.10158506 ] ] ] } },
{ "type": "Feature", "properties": { "id": 177 }, "geometry": { "type": "Polygon", "coordinates": [ [ [ 16.85779855, 52.41404244 ], [ 16.8406386, 52.38461911 ], [ 16.87695024, 52.36264546 ], [ 16.93042436, 52.37008591 ], [ 16.94762327, 52.39950554 ], [ 16.91130914, 52.42148843 ], [ 16.85779855, 52.41404244 ] ] ] } },
{ "type": "Feature", "properties": { "id": 178 }, "geometry": { "type": "Polygon", "coordinates": [ [ [ 22.79652482, 52.22570409 ], [ 22.77673932, 52.19702468 ], [ 22.81118434, 52.17312601 ], [ 22.86540599, 52.17789761 ], [ 22.88522348, 52.20657079 ], [ 22.85078737, 52.2304786 ], [ 22.79652482, 52.22570409 ] ] ] } },
{ "type": "Feature", "properties": { "id": 179 }, "geometry": { "type": "Polygon", "coordinates": [ [ [ 15.19696924, 52.76448995 ], [ 15.18052239, 52.73504767 ], [ 15.2174095, 52.71376618 ], [ 15.27074919, 52.72191781 ], [ 15.28723692, 52.75135712 ], [ 15.25034411, 52.77264777 ], [ 15.19696924, 52.76448995 ] ] ] } },
{ "type": "Feature", "properties": { "id": 180 }, "geometry": { "type": "Polygon", "coordinates": [ [ [ 14.68283081, 52.36015387 ], [ 14.66673412, 52.33048587 ], [ 14.70350682, 52.30922366 ], [ 14.75638284, 52.31762046 ], [ 14.77252035, 52.34728584 ], [ 14.73574104, 52.36855705 ], [ 14.68283081, 52.36015387 ] ] ] } },
{ "type": "Feature", "properties": { "id": 138 }, "geometry": { "type": "Polygon", "coordinates": [ [ [ 19.62269375, 51.43755201 ], [ 19.60451005, 51.408047 ], [ 19.63957058, 51.38481579 ], [ 19.69281207, 51.39108046 ], [ 19.7110308, 51.42058069 ], [ 19.67597304, 51.44382103 ], [ 19.62269375, 51.43755201 ] ] ] } },
{ "type": "Feature", "properties": { "id": 139 }, "geometry": { "type": "Polygon", "coordinates": [ [ [ 21.62555571, 51.38297641 ], [ 21.60650803, 51.35373925 ], [ 21.6409252, 51.32987533 ], [ 21.69438356, 51.33523952 ], [ 21.71346391, 51.36447105 ], [ 21.67905326, 51.38834402 ], [ 21.62555571, 51.38297641 ] ] ] } },
{ "type": "Feature", "properties": { "id": 140 }, "geometry": { "type": "Polygon", "coordinates": [ [ [ 18.6113351, 49.98410446 ], [ 18.59396794, 49.95385933 ], [ 18.62859584, 49.93042061 ], [ 18.6805901, 49.93721816 ], [ 18.69799194, 49.96745924 ], [ 18.66336487, 49.99090683 ], [ 18.6113351, 49.98410446 ] ] ] } },
{ "type": "Feature", "properties": { "id": 181 }, "geometry": { "type": "Polygon", "coordinates": [ [ [ 17.27351121, 52.20074224 ], [ 17.25620901, 52.17127259 ], [ 17.2923029, 52.14908058 ], [ 17.34570069, 52.15634899 ], [ 17.36304119, 52.18581479 ], [ 17.32694563, 52.20801603 ], [ 17.27351121, 52.20074224 ] ] ] } },
{ "type": "Feature", "properties": { "id": 182 }, "geometry": { "type": "Polygon", "coordinates": [ [ [ 19.0174773, 53.49375397 ], [ 18.99901015, 53.4650818 ], [ 19.03533627, 53.44282492 ], [ 19.09012783, 53.44923059 ], [ 19.10863292, 53.47789781 ], [ 19.07230854, 53.50016432 ], [ 19.0174773, 53.49375397 ] ] ] } },
{ "type": "Feature", "properties": { "id": 183 }, "geometry": { "type": "Polygon", "coordinates": [ [ [ 21.85367556, 50.58180535 ], [ 21.83474661, 50.55226183 ], [ 21.86870097, 50.52804126 ], [ 21.92157752, 50.53335534 ], [ 21.94053813, 50.56289326 ], [ 21.90659056, 50.5871227 ], [ 21.85367556, 50.58180535 ] ] ] } },
{ "type": "Feature", "properties": { "id": 184 }, "geometry": { "type": "Polygon", "coordinates": [ [ [ 17.68057574, 51.05356983 ], [ 17.66337113, 51.02365483 ], [ 17.69876719, 51.00090074 ], [ 17.75136875, 51.00805263 ], [ 17.76861002, 51.03796384 ], [ 17.7332131, 51.06072695 ], [ 17.68057574, 51.05356983 ] ] ] } },
{ "type": "Feature", "properties": { "id": 185 }, "geometry": { "type": "Polygon", "coordinates": [ [ [ 22.74038701, 54.18226196 ], [ 22.72002948, 54.15447136 ], [ 22.75553303, 54.13134149 ], [ 22.81138479, 54.13599253 ], [ 22.83177634, 54.16377654 ], [ 22.79628214, 54.1869161 ], [ 22.74038701, 54.18226196 ] ] ] } },
{ "type": "Feature", "properties": { "id": 186 }, "geometry": { "type": "Polygon", "coordinates": [ [ [ 19.64056594, 50.33671081 ], [ 19.62265584, 50.30674362 ], [ 19.65716864, 50.28310725 ], [ 19.70958886, 50.28942916 ], [ 19.72753291, 50.31939177 ], [ 19.69302282, 50.34303706 ], [ 19.64056594, 50.33671081 ] ] ] } },
{ "type": "Feature", "properties": { "id": 187 }, "geometry": { "type": "Polygon", "coordinates": [ [ [ 20.48363757, 50.51847238 ], [ 20.46531255, 50.4886978 ], [ 20.49966534, 50.46486658 ], [ 20.55233892, 50.47080102 ], [ 20.57069714, 50.50057061 ], [ 20.53634861, 50.52441076 ], [ 20.48363757, 50.51847238 ] ] ] } },
{ "type": "Feature", "properties": { "id": 188 }, "geometry": { "type": "Polygon", "coordinates": [ [ [ 20.34132253, 51.79234521 ], [ 20.32272426, 51.76309453 ], [ 20.35775089, 51.7397717 ], [ 20.41137165, 51.74569035 ], [ 20.43000451, 51.77493587 ], [ 20.39498204, 51.7982679 ], [ 20.34132253, 51.79234521 ] ] ] } },
{ "type": "Feature", "properties": { "id": 189 }, "geometry": { "type": "Polygon", "coordinates": [ [ [ 20.62982368, 52.47253466 ], [ 20.61090973, 52.44362631 ], [ 20.64619862, 52.42047025 ], [ 20.70039669, 52.4262132 ], [ 20.71934558, 52.45511614 ], [ 20.68406149, 52.47828154 ], [ 20.62982368, 52.47253466 ] ] ] } },
{ "type": "Feature", "properties": { "id": 190 }, "geometry": { "type": "Polygon", "coordinates": [ [ [ 18.54325191, 54.56757997 ], [ 18.52469819, 54.53934536 ], [ 18.56177584, 54.5176675 ], [ 18.61740643, 54.52421432 ], [ 18.63599993, 54.55244391 ], [ 18.59892309, 54.57413171 ], [ 18.54325191, 54.56757997 ] ] ] } },
{ "type": "Feature", "properties": { "id": 191 }, "geometry": { "type": "Polygon", "coordinates": [ [ [ 16.81324598, 52.75820198 ], [ 16.79601886, 52.72892598 ], [ 16.83252863, 52.70709952 ], [ 16.88626815, 52.71453974 ], [ 16.90353467, 52.74381198 ], [ 16.8670223, 52.76564777 ], [ 16.81324598, 52.75820198 ] ] ] } },
{ "type": "Feature", "properties": { "id": 192 }, "geometry": { "type": "Polygon", "coordinates": [ [ [ 16.43984289, 52.62497785 ], [ 16.42282879, 52.59560151 ], [ 16.45935616, 52.57384768 ], [ 16.51290097, 52.58146091 ], [ 16.52995467, 52.61083369 ], [ 16.493424, 52.6325968 ], [ 16.43984289, 52.62497785 ] ] ] } },
{ "type": "Feature", "properties": { "id": 193 }, "geometry": { "type": "Polygon", "coordinates": [ [ [ 17.06169638, 52.09023864 ], [ 17.04452207, 52.06069648 ], [ 17.08061014, 52.03853208 ], [ 17.13387462, 52.04590066 ], [ 17.15108732, 52.0754391 ], [ 17.11499718, 52.09761268 ], [ 17.06169638, 52.09023864 ] ] ] } },
{ "type": "Feature", "properties": { "id": 194 }, "geometry": { "type": "Polygon", "coordinates": [ [ [ 16.51316425, 53.75664485 ], [ 16.4958186, 53.72778657 ], [ 16.53296301, 53.70645081 ], [ 16.58745638, 53.71396378 ], [ 16.60484294, 53.74281817 ], [ 16.56769526, 53.76416349 ], [ 16.51316425, 53.75664485 ] ] ] } },
{ "type": "Feature", "properties": { "id": 195 }, "geometry": { "type": "Polygon", "coordinates": [ [ [ 16.44594428, 54.14292261 ], [ 16.42852674, 54.11423507 ], [ 16.46591218, 54.09307559 ], [ 16.52071864, 54.10059398 ], [ 16.53817765, 54.12927756 ], [ 16.50078876, 54.15044671 ], [ 16.44594428, 54.14292261 ] ] ] } },
{ "type": "Feature", "properties": { "id": 196 }, "geometry": { "type": "Polygon", "coordinates": [ [ [ 15.99383498, 53.97444976 ], [ 15.97668529, 53.94563506 ], [ 16.014081, 53.9245599 ], [ 16.06863077, 53.93228988 ], [ 16.08582216, 53.96110088 ], [ 16.04842212, 53.98218561 ], [ 15.99383498, 53.97444976 ] ] ] } },
{ "type": "Feature", "properties": { "id": 197 }, "geometry": { "type": "Polygon", "coordinates": [ [ [ 15.87088227, 53.8513024 ], [ 15.85382598, 53.82241802 ], [ 15.89117882, 53.80133524 ], [ 15.94559254, 53.80912731 ], [ 15.96269049, 53.83800808 ], [ 15.92533309, 53.85910039 ], [ 15.87088227, 53.8513024 ] ] ] } },
{ "type": "Feature", "properties": { "id": 198 }, "geometry": { "type": "Polygon", "coordinates": [ [ [ 16.0324046, 53.45023743 ], [ 16.01537477, 53.42118714 ], [ 16.05245903, 53.39989127 ], [ 16.10657733, 53.40763628 ], [ 16.12364815, 53.436683 ], [ 16.0865597, 53.45798829 ], [ 16.0324046, 53.45023743 ] ] ] } },
{ "type": "Feature", "properties": { "id": 199 }, "geometry": { "type": "Polygon", "coordinates": [ [ [ 16.81399245, 53.42665767 ], [ 16.79658932, 53.39768247 ], [ 16.83347111, 53.37611636 ], [ 16.88775872, 53.38351596 ], [ 16.90520206, 53.41248723 ], [ 16.86831762, 53.43406284 ], [ 16.81399245, 53.42665767 ] ] ] } },
{ "type": "Feature", "properties": { "id": 200 }, "geometry": { "type": "Polygon", "coordinates": [ [ [ 17.50842653, 52.0155031 ], [ 17.49106133, 51.98597996 ], [ 17.52699743, 51.96364078 ], [ 17.5803, 51.97081554 ], [ 17.59770307, 52.00033477 ], [ 17.56176574, 52.02268315 ], [ 17.50842653, 52.0155031 ] ] ] } },
{ "type": "Feature", "properties": { "id": 201 }, "geometry": { "type": "Polygon", "coordinates": [ [ [ 17.77618326, 51.96977707 ], [ 17.75870477, 51.9402658 ], [ 17.79454778, 51.91782213 ], [ 17.84787003, 51.92488053 ], [ 17.86538606, 51.95438776 ], [ 17.82954234, 51.97684063 ], [ 17.77618326, 51.96977707 ] ] ] } },
{ "type": "Feature", "properties": { "id": 202 }, "geometry": { "type": "Polygon", "coordinates": [ [ [ 17.59437615, 52.24402224 ], [ 17.57691211, 52.21460915 ], [ 17.6129472, 52.19232863 ], [ 17.66644742, 52.19945194 ], [ 17.6839495, 52.22886102 ], [ 17.64791335, 52.2511508 ], [ 17.59437615, 52.24402224 ] ] ] } },
{ "type": "Feature", "properties": { "id": 203 }, "geometry": { "type": "Polygon", "coordinates": [ [ [ 18.48830562, 53.29763902 ], [ 18.47014078, 53.26880776 ], [ 18.50650824, 53.24664373 ], [ 18.56103991, 53.25330139 ], [ 18.57924305, 53.28212798 ], [ 18.54287626, 53.30430158 ], [ 18.48830562, 53.29763902 ] ] ] } },
{ "type": "Feature", "properties": { "id": 204 }, "geometry": { "type": "Polygon", "coordinates": [ [ [ 16.51081421, 54.41402755 ], [ 16.49329011, 54.38547356 ], [ 16.53081966, 54.36440119 ], [ 16.58587668, 54.37187307 ], [ 16.60344254, 54.40042299 ], [ 16.56590965, 54.42150511 ], [ 16.51081421, 54.41402755 ] ] ] } },
{ "type": "Feature", "properties": { "id": 205 }, "geometry": { "type": "Polygon", "coordinates": [ [ [ 18.90692483, 53.32148687 ], [ 18.88855771, 53.29272114 ], [ 18.92482003, 53.27043216 ], [ 18.979448, 53.27689933 ], [ 18.99785298, 53.3056602 ], [ 18.96159216, 53.32795876 ], [ 18.90692483, 53.32148687 ] ] ] } },
{ "type": "Feature", "properties": { "id": 206 }, "geometry": { "type": "Polygon", "coordinates": [ [ [ 19.34368138, 53.29276022 ], [ 19.32511979, 53.26404011 ], [ 19.36123944, 53.241601 ], [ 19.41591836, 53.24787242 ], [ 19.43451729, 53.27658749 ], [ 19.39840001, 53.29903618 ], [ 19.34368138, 53.29276022 ] ] ] } },
{ "type": "Feature", "properties": { "id": 207 }, "geometry": { "type": "Polygon", "coordinates": [ [ [ 18.97834167, 53.11698892 ], [ 18.95999845, 53.08813962 ], [ 18.99612775, 53.06574824 ], [ 19.05059868, 53.07219664 ], [ 19.06897945, 53.10104109 ], [ 19.03285178, 53.123442 ], [ 18.97834167, 53.11698892 ] ] ] } },
{ "type": "Feature", "properties": { "id": 208 }, "geometry": { "type": "Polygon", "coordinates": [ [ [ 18.74142557, 52.82121995 ], [ 18.72327364, 52.79220599 ], [ 18.75930922, 52.76977588 ], [ 18.81349562, 52.77635029 ], [ 18.83168503, 52.80535958 ], [ 18.79565061, 52.82779914 ], [ 18.74142557, 52.82121995 ] ] ] } },
{ "type": "Feature", "properties": { "id": 209 }, "geometry": { "type": "Polygon", "coordinates": [ [ [ 19.0474221, 52.67029931 ], [ 19.02917, 52.64125795 ], [ 19.06503751, 52.61867222 ], [ 19.11915542, 52.62511845 ], [ 19.1374445, 52.65415504 ], [ 19.10157873, 52.67675018 ], [ 19.0474221, 52.67029931 ] ] ] } },
{ "type": "Feature", "properties": { "id": 210 }, "geometry": { "type": "Polygon", "coordinates": [ [ [ 19.41375225, 53.08784492 ], [ 19.39521609, 53.0590411 ], [ 19.43120293, 53.0365002 ], [ 19.48572347, 53.04275359 ], [ 19.50429666, 53.07155238 ], [ 19.46831232, 53.0941028 ], [ 19.41375225, 53.08784492 ] ] ] } },
{ "type": "Feature", "properties": { "id": 211 }, "geometry": { "type": "Polygon", "coordinates": [ [ [ 18.99271471, 52.58312901 ], [ 18.97451149, 52.55404146 ], [ 19.01034797, 52.53143974 ], [ 19.06438606, 52.5379162 ], [ 19.08262622, 52.56699902 ], [ 19.04679138, 52.58961013 ], [ 18.99271471, 52.58312901 ] ] ] } },
{ "type": "Feature", "properties": { "id": 212 }, "geometry": { "type": "Polygon", "coordinates": [ [ [ 18.56068258, 52.61112565 ], [ 18.54267133, 52.58199431 ], [ 18.57864412, 52.55954135 ], [ 18.63262739, 52.56621035 ], [ 18.65067608, 52.59533715 ], [ 18.61470409, 52.61779949 ], [ 18.56068258, 52.61112565 ] ] ] } },
{ "type": "Feature", "properties": { "id": 213 }, "geometry": { "type": "Polygon", "coordinates": [ [ [ 19.15727835, 52.8442232 ], [ 19.13892798, 52.81527455 ], [ 19.17485749, 52.79272077 ], [ 19.22913544, 52.79910619 ], [ 19.24752286, 52.82804998 ], [ 19.21159532, 52.85061322 ], [ 19.15727835, 52.8442232 ] ] ] } },
{ "type": "Feature", "properties": { "id": 214 }, "geometry": { "type": "Polygon", "coordinates": [ [ [ 21.95889768, 51.66114814 ], [ 21.93963014, 51.63208396 ], [ 21.97407605, 51.60822272 ], [ 22.02778234, 51.61341659 ], [ 22.0470824, 51.64247498 ], [ 22.01264368, 51.66634529 ], [ 21.95889768, 51.66114814 ] ] ] } },
{ "type": "Feature", "properties": { "id": 215 }, "geometry": { "type": "Polygon", "coordinates": [ [ [ 22.00292103, 50.04220007 ], [ 21.98407127, 50.01245494 ], [ 22.01772318, 49.98800044 ], [ 22.07021794, 49.99328231 ], [ 22.08909871, 50.02302186 ], [ 22.05545375, 50.04748512 ], [ 22.00292103, 50.04220007 ] ] ] } },
{ "type": "Feature", "properties": { "id": 216 }, "geometry": { "type": "Polygon", "coordinates": [ [ [ 22.79112758, 49.81266568 ], [ 22.77201147, 49.78295193 ], [ 22.80529696, 49.75818892 ], [ 22.85769027, 49.76313103 ], [ 22.87683625, 49.7928389 ], [ 22.84355907, 49.81761055 ], [ 22.79112758, 49.81266568 ] ] ] } },
{ "type": "Feature", "properties": { "id": 229 }, "geometry": { "type": "Polygon", "coordinates": [ [ [ 16.27452651, 53.27167879 ], [ 16.25742545, 53.24257363 ], [ 16.29435123, 53.22112643 ], [ 16.3483818, 53.22877498 ], [ 16.36552341, 53.25787651 ], [ 16.32859393, 53.27933312 ], [ 16.27452651, 53.27167879 ] ] ] } },
{ "type": "Feature", "properties": { "id": 230 }, "geometry": { "type": "Polygon", "coordinates": [ [ [ 19.70683024, 50.12203176 ], [ 19.68894445, 50.09198503 ], [ 19.72333545, 50.06825184 ], [ 19.77560947, 50.07455648 ], [ 19.79352893, 50.10459862 ], [ 19.75914075, 50.12834071 ], [ 19.70683024, 50.12203176 ] ] ] } },
{ "type": "Feature", "properties": { "id": 231 }, "geometry": { "type": "Polygon", "coordinates": [ [ [ 20.15616121, 49.98023903 ], [ 20.13811457, 49.95019577 ], [ 20.17230814, 49.92627405 ], [ 20.22454475, 49.93238675 ], [ 20.24262445, 49.96242525 ], [ 20.2084345, 49.98635582 ], [ 20.15616121, 49.98023903 ] ] ] } },
{ "type": "Feature", "properties": { "id": 232 }, "geometry": { "type": "Polygon", "coordinates": [ [ [ 20.39947626, 49.98059191 ], [ 20.38132415, 49.95058289 ], [ 20.41544603, 49.9265869 ], [ 20.46771598, 49.93259108 ], [ 20.48590088, 49.96259523 ], [ 20.45178306, 49.98660007 ], [ 20.39947626, 49.98059191 ] ] ] } },
{ "type": "Feature", "properties": { "id": 233 }, "geometry": { "type": "Polygon", "coordinates": [ [ [ 21.58653984, 50.08297915 ], [ 21.56785451, 50.05318659 ], [ 21.60165922, 50.02886927 ], [ 21.65414307, 50.03433573 ], [ 21.67285994, 50.06412288 ], [ 21.63906144, 50.08844899 ], [ 21.58653984, 50.08297915 ] ] ] } },
{ "type": "Feature", "properties": { "id": 234 }, "geometry": { "type": "Polygon", "coordinates": [ [ [ 21.75541183, 50.35042863 ], [ 21.73658551, 50.32077296 ], [ 21.77046189, 50.29649954 ], [ 21.82315806, 50.30187296 ], [ 21.84201596, 50.33152311 ], [ 21.80814614, 50.35580537 ], [ 21.75541183, 50.35042863 ] ] ] } },
{ "type": "Feature", "properties": { "id": 235 }, "geometry": { "type": "Polygon", "coordinates": [ [ [ 21.83043764, 50.08034759 ], [ 21.81165026, 50.0505914 ], [ 21.84537571, 50.02620099 ], [ 21.89788192, 50.03155799 ], [ 21.91670055, 50.06130867 ], [ 21.88298175, 50.08570786 ], [ 21.83043764, 50.08034759 ] ] ] } },
{ "type": "Feature", "properties": { "id": 236 }, "geometry": { "type": "Polygon", "coordinates": [ [ [ 22.07671163, 49.77076995 ], [ 22.05790145, 49.74092487 ], [ 22.09140394, 49.71635463 ], [ 22.14370959, 49.72162077 ], [ 22.16255046, 49.75146027 ], [ 22.12905501, 49.77603922 ], [ 22.07671163, 49.77076995 ] ] ] } },
{ "type": "Feature", "properties": { "id": 237 }, "geometry": { "type": "Polygon", "coordinates": [ [ [ 22.47669676, 49.78249346 ], [ 22.45771782, 49.75271652 ], [ 22.4910945, 49.72803386 ], [ 22.54344241, 49.73311947 ], [ 22.56245157, 49.76289067 ], [ 22.52908264, 49.787582 ], [ 22.47669676, 49.78249346 ] ] ] } },
{ "type": "Feature", "properties": { "id": 238 }, "geometry": { "type": "Polygon", "coordinates": [ [ [ 22.07906086, 49.4630321 ], [ 22.06032863, 49.43306234 ], [ 22.09368983, 49.40838585 ], [ 22.14577633, 49.41367048 ], [ 22.164539, 49.4436347 ], [ 22.13118477, 49.46831984 ], [ 22.07906086, 49.4630321 ] ] ] } },
{ "type": "Feature", "properties": { "id": 239 }, "geometry": { "type": "Polygon", "coordinates": [ [ [ 21.71794738, 49.90158288 ], [ 21.6992535, 49.87173577 ], [ 21.73293187, 49.8473163 ], [ 21.78529774, 49.85273519 ], [ 21.80402285, 49.88257686 ], [ 21.77035089, 49.90700509 ], [ 21.71794738, 49.90158288 ] ] ] } },
{ "type": "Feature", "properties": { "id": 240 }, "geometry": { "type": "Polygon", "coordinates": [ [ [ 22.23206222, 50.09288436 ], [ 22.21310355, 50.06319623 ], [ 22.24670418, 50.03869227 ], [ 22.29925614, 50.0438677 ], [ 22.31824559, 50.07355016 ], [ 22.28465233, 50.09806286 ], [ 22.23206222, 50.09288436 ] ] ] } },
{ "type": "Feature", "properties": { "id": 241 }, "geometry": { "type": "Polygon", "coordinates": [ [ [ 23.49350925, 51.17371347 ], [ 23.47373445, 51.14469007 ], [ 23.50741505, 51.12020475 ], [ 23.56086058, 51.124734 ], [ 23.58066552, 51.15375108 ], [ 23.54699483, 51.17824522 ], [ 23.49350925, 51.17371347 ] ] ] } },
{ "type": "Feature", "properties": { "id": 242 }, "geometry": { "type": "Polygon", "coordinates": [ [ [ 20.23247614, 50.26774715 ], [ 20.2143242, 50.23783279 ], [ 20.24863177, 50.21398918 ], [ 20.30108753, 50.22005104 ], [ 20.31927271, 50.24996055 ], [ 20.28496892, 50.27381306 ], [ 20.23247614, 50.26774715 ] ] ] } },
{ "type": "Feature", "properties": { "id": 243 }, "geometry": { "type": "Polygon", "coordinates": [ [ [ 17.87695939, 50.72108868 ], [ 17.85974592, 50.69105758 ], [ 17.89492531, 50.66811834 ], [ 17.9473187, 50.67520123 ], [ 17.96456829, 50.7052285 ], [ 17.9293884, 50.72817671 ], [ 17.87695939, 50.72108868 ] ] ] } },
{ "type": "Feature", "properties": { "id": 244 }, "geometry": { "type": "Polygon", "coordinates": [ [ [ 17.87922542, 50.47172704 ], [ 17.86207121, 50.44159282 ], [ 17.89712681, 50.41856246 ], [ 17.94933714, 50.4256574 ], [ 17.96652722, 50.45578784 ], [ 17.93147113, 50.47882712 ], [ 17.87922542, 50.47172704 ] ] ] } },
{ "type": "Feature", "properties": { "id": 217 }, "geometry": { "type": "Polygon", "coordinates": [ [ [ 21.69190489, 49.70330042 ], [ 21.67327275, 49.67336829 ], [ 21.70686785, 49.64888789 ], [ 21.75908878, 49.65433089 ], [ 21.77775201, 49.68425762 ], [ 21.74416324, 49.70874675 ], [ 21.69190489, 49.70330042 ] ] ] } },
{ "type": "Feature", "properties": { "id": 218 }, "geometry": { "type": "Polygon", "coordinates": [ [ [ 17.89747425, 52.33810779 ], [ 17.87984397, 52.30877252 ], [ 17.91585007, 52.2864292 ], [ 17.96948696, 52.29341188 ], [ 17.98715507, 52.32274298 ], [ 17.95114849, 52.34509558 ], [ 17.89747425, 52.33810779 ] ] ] } },
{ "type": "Feature", "properties": { "id": 219 }, "geometry": { "type": "Polygon", "coordinates": [ [ [ 21.60366345, 50.88730925 ], [ 21.58475927, 50.85785625 ], [ 21.61894113, 50.83381917 ], [ 21.67202082, 50.83922615 ], [ 21.69095724, 50.86867361 ], [ 21.65678176, 50.89271964 ], [ 21.60366345, 50.88730925 ] ] ] } },
{ "type": "Feature", "properties": { "id": 220 }, "geometry": { "type": "Polygon", "coordinates": [ [ [ 21.34153158, 50.94278966 ], [ 21.32272483, 50.91332026 ], [ 21.35701743, 50.8893816 ], [ 21.4101109, 50.89490337 ], [ 21.42895025, 50.92436734 ], [ 21.39466356, 50.94831497 ], [ 21.34153158, 50.94278966 ] ] ] } },
{ "type": "Feature", "properties": { "id": 221 }, "geometry": { "type": "Polygon", "coordinates": [ [ [ 21.64942757, 50.72670667 ], [ 21.63054674, 50.69719265 ], [ 21.66463644, 50.67308435 ], [ 21.71760057, 50.67848116 ], [ 21.73651344, 50.70798965 ], [ 21.70243017, 50.73210687 ], [ 21.64942757, 50.72670667 ] ] ] } },
{ "type": "Feature", "properties": { "id": 222 }, "geometry": { "type": "Polygon", "coordinates": [ [ [ 21.29091434, 50.55135837 ], [ 21.27223275, 50.52171596 ], [ 21.30635257, 50.49765218 ], [ 21.35914827, 50.50322191 ], [ 21.37786216, 50.53285897 ], [ 21.34374809, 50.55693165 ], [ 21.29091434, 50.55135837 ] ] ] } },
{ "type": "Feature", "properties": { "id": 223 }, "geometry": { "type": "Polygon", "coordinates": [ [ [ 21.27161172, 50.04965737 ], [ 21.25306839, 50.01980351 ], [ 21.28695675, 49.99556835 ], [ 21.33938285, 50.00117824 ], [ 21.35795805, 50.03102682 ], [ 21.32407533, 50.05527079 ], [ 21.27161172, 50.04965737 ] ] ] } },
{ "type": "Feature", "properties": { "id": 224 }, "geometry": { "type": "Polygon", "coordinates": [ [ [ 21.46442534, 49.65130465 ], [ 21.44590198, 49.62131685 ], [ 21.47954503, 49.59688586 ], [ 21.53170555, 49.60243393 ], [ 21.55026022, 49.63241643 ], [ 21.51662309, 49.65685616 ], [ 21.46442534, 49.65130465 ] ] ] } },
{ "type": "Feature", "properties": { "id": 225 }, "geometry": { "type": "Polygon", "coordinates": [ [ [ 21.35252906, 50.33627028 ], [ 21.3338773, 50.30654726 ], [ 21.36787531, 50.28238872 ], [ 21.42051928, 50.28794436 ], [ 21.43920307, 50.31766203 ], [ 21.40521089, 50.34182943 ], [ 21.35252906, 50.33627028 ] ] ] } },
{ "type": "Feature", "properties": { "id": 226 }, "geometry": { "type": "Polygon", "coordinates": [ [ [ 21.72180865, 49.59443234 ], [ 21.70319171, 49.56446055 ], [ 21.73672734, 49.53993385 ], [ 21.78887358, 49.54537024 ], [ 21.80752148, 49.57533662 ], [ 21.77399221, 49.59987203 ], [ 21.72180865, 49.59443234 ] ] ] } },
{ "type": "Feature", "properties": { "id": 227 }, "geometry": { "type": "Polygon", "coordinates": [ [ [ 15.62727675, 53.17792949 ], [ 15.61051537, 53.14871418 ], [ 15.64753864, 53.12744793 ], [ 15.70132824, 53.13538767 ], [ 15.71813062, 53.16459968 ], [ 15.68110242, 53.18587525 ], [ 15.62727675, 53.17792949 ] ] ] } },
{ "type": "Feature", "properties": { "id": 228 }, "geometry": { "type": "Polygon", "coordinates": [ [ [ 22.73423762, 50.03014348 ], [ 22.71508757, 50.00051005 ], [ 22.74849207, 49.97583853 ], [ 22.80103841, 49.98079175 ], [ 22.82021859, 50.0104193 ], [ 22.78682234, 50.03509951 ], [ 22.73423762, 50.03014348 ] ] ] } },
{ "type": "Feature", "properties": { "id": 245 }, "geometry": { "type": "Polygon", "coordinates": [ [ [ 17.30414968, 50.47534691 ], [ 17.28725764, 50.44514779 ], [ 17.32245915, 50.42230506 ], [ 17.37455429, 50.42965255 ], [ 17.39148276, 50.45984818 ], [ 17.3562797, 50.48269981 ], [ 17.30414968, 50.47534691 ] ] ] } },
{ "type": "Feature", "properties": { "id": 246 }, "geometry": { "type": "Polygon", "coordinates": [ [ [ 18.03429332, 50.74228213 ], [ 18.0170029, 50.71227866 ], [ 18.0521522, 50.68929644 ], [ 18.10459216, 50.69630872 ], [ 18.12191857, 50.72630829 ], [ 18.08676906, 50.74929949 ], [ 18.03429332, 50.74228213 ] ] ] } },
{ "type": "Feature", "properties": { "id": 247 }, "geometry": { "type": "Polygon", "coordinates": [ [ [ 17.65334748, 50.41292247 ], [ 17.63631034, 50.38273758 ], [ 17.67139433, 50.35975893 ], [ 17.7235164, 50.36695627 ], [ 17.74058958, 50.3971375 ], [ 17.70550468, 50.42012505 ], [ 17.65334748, 50.41292247 ] ] ] } },
{ "type": "Feature", "properties": { "id": 248 }, "geometry": { "type": "Polygon", "coordinates": [ [ [ 19.25344191, 50.01044883 ], [ 19.23578315, 49.98029626 ], [ 19.27024883, 49.95666474 ], [ 19.32237131, 49.96317693 ], [ 19.34006411, 49.99332515 ], [ 19.30560042, 50.01696554 ], [ 19.25344191, 50.01044883 ] ] ] } },
{ "type": "Feature", "properties": { "id": 249 }, "geometry": { "type": "Polygon", "coordinates": [ [ [ 18.08931666, 50.33328312 ], [ 18.07210037, 50.30311691 ], [ 18.10703413, 50.27996916 ], [ 18.15918433, 50.28697871 ], [ 18.17643615, 50.31714106 ], [ 18.14150228, 50.34029772 ], [ 18.08931666, 50.33328312 ] ] ] } },
{ "type": "Feature", "properties": { "id": 250 }, "geometry": { "type": "Polygon", "coordinates": [ [ [ 18.26261644, 50.55099075 ], [ 18.24526898, 50.52093538 ], [ 18.28026415, 50.49781055 ], [ 18.33260659, 50.50473214 ], [ 18.34998962, 50.53478353 ], [ 18.31499467, 50.55791732 ], [ 18.26261644, 50.55099075 ] ] ] } },
{ "type": "Feature", "properties": { "id": 251 }, "geometry": { "type": "Polygon", "coordinates": [ [ [ 17.81235743, 50.18409431 ], [ 17.79530233, 50.1538342 ], [ 17.8302344, 50.13072199 ], [ 17.88222221, 50.13786102 ], [ 17.89931296, 50.16811744 ], [ 17.86438028, 50.19123853 ], [ 17.81235743, 50.18409431 ] ] ] } },
{ "type": "Feature", "properties": { "id": 252 }, "geometry": { "type": "Polygon", "coordinates": [ [ [ 14.72464044, 52.87954767 ], [ 14.70839725, 52.85011153 ], [ 14.74544878, 52.82903591 ], [ 14.79875014, 52.83738732 ], [ 14.81503475, 52.86682068 ], [ 14.7779766, 52.88790543 ], [ 14.72464044, 52.87954767 ] ] ] } },
{ "type": "Feature", "properties": { "id": 253 }, "geometry": { "type": "Polygon", "coordinates": [ [ [ 14.96228579, 53.1310643 ], [ 14.94586304, 53.10176241 ], [ 14.98300602, 53.08070371 ], [ 15.03657799, 53.08893769 ], [ 15.05304228, 53.11823661 ], [ 15.01589308, 53.13930453 ], [ 14.96228579, 53.1310643 ] ] ] } },
{ "type": "Feature", "properties": { "id": 254 }, "geometry": { "type": "Polygon", "coordinates": [ [ [ 15.13148598, 53.34394427 ], [ 15.11492606, 53.31475422 ], [ 15.15215349, 53.29372136 ], [ 15.20594679, 53.30186925 ], [ 15.22254837, 53.33105619 ], [ 15.18531501, 53.35209836 ], [ 15.13148598, 53.34394427 ] ] ] } },
{ "type": "Feature", "properties": { "id": 255 }, "geometry": { "type": "Polygon", "coordinates": [ [ [ 15.49401478, 53.71713439 ], [ 15.47717972, 53.68814962 ], [ 15.51454128, 53.66714095 ], [ 15.56874323, 53.67510762 ], [ 15.58562011, 53.704089 ], [ 15.54825326, 53.72510711 ], [ 15.49401478, 53.71713439 ] ] ] } },
{ "type": "Feature", "properties": { "id": 256 }, "geometry": { "type": "Polygon", "coordinates": [ [ [ 14.98501223, 52.02766497 ], [ 14.96884755, 51.99788091 ], [ 15.00537723, 51.9763883 ], [ 15.0580776, 51.98467079 ], [ 15.07428246, 52.01445217 ], [ 15.0377468, 52.03595374 ], [ 14.98501223, 52.02766497 ] ] ] } },
{ "type": "Feature", "properties": { "id": 257 }, "geometry": { "type": "Polygon", "coordinates": [ [ [ 14.96958589, 51.64287701 ], [ 14.95351945, 51.61292689 ], [ 14.98984719, 51.59129369 ], [ 15.04224732, 51.59960174 ], [ 15.05835349, 51.62954928 ], [ 15.02201982, 51.65119136 ], [ 14.96958589, 51.64287701 ] ] ] } },
{ "type": "Feature", "properties": { "id": 258 }, "geometry": { "type": "Polygon", "coordinates": [ [ [ 15.48211126, 51.61354695 ], [ 15.46580503, 51.58363299 ], [ 15.50200839, 51.56181507 ], [ 15.55452299, 51.56990216 ], [ 15.5708685, 51.59981329 ], [ 15.53466015, 51.62164016 ], [ 15.48211126, 51.61354695 ] ] ] } },
{ "type": "Feature", "properties": { "id": 259 }, "geometry": { "type": "Polygon", "coordinates": [ [ [ 15.6295408, 51.88212653 ], [ 15.61309966, 51.85234194 ], [ 15.64941278, 51.83057571 ], [ 15.70217182, 51.83858506 ], [ 15.71865242, 51.86836667 ], [ 15.68233455, 51.89014192 ], [ 15.6295408, 51.88212653 ] ] ] } },
{ "type": "Feature", "properties": { "id": 260 }, "geometry": { "type": "Polygon", "coordinates": [ [ [ 16.05537811, 51.86425788 ], [ 16.03873739, 51.83450876 ], [ 16.07494533, 51.81259277 ], [ 16.12779798, 51.82041684 ], [ 16.14447777, 51.85016277 ], [ 16.10826587, 51.87208783 ], [ 16.05537811, 51.86425788 ] ] ] } },
{ "type": "Feature", "properties": { "id": 261 }, "geometry": { "type": "Polygon", "coordinates": [ [ [ 15.15979394, 52.4349381 ], [ 15.14344617, 52.40534734 ], [ 15.18015969, 52.38395118 ], [ 15.23322671, 52.39213671 ], [ 15.24961499, 52.42172459 ], [ 15.21289576, 52.44312983 ], [ 15.15979394, 52.4349381 ] ] ] } },
{ "type": "Feature", "properties": { "id": 262 }, "geometry": { "type": "Polygon", "coordinates": [ [ [ 15.54850072, 52.52129849 ], [ 15.53194274, 52.49178362 ], [ 15.56861871, 52.47028895 ], [ 15.62185768, 52.47830003 ], [ 15.63845594, 52.50781181 ], [ 15.60177497, 52.52931562 ], [ 15.54850072, 52.52129849 ] ] ] } },
{ "type": "Feature", "properties": { "id": 263 }, "geometry": { "type": "Polygon", "coordinates": [ [ [ 15.63776187, 52.9384679 ], [ 15.62105621, 52.90914656 ], [ 15.65794278, 52.88778329 ], [ 15.71153993, 52.8957321 ], [ 15.7282863, 52.9250502 ], [ 15.69139485, 52.94642273 ], [ 15.63776187, 52.9384679 ] ] ] } },
{ "type": "Feature", "properties": { "id": 264 }, "geometry": { "type": "Polygon", "coordinates": [ [ [ 14.94673468, 52.7528161 ], [ 14.93041335, 52.7233447 ], [ 14.96734754, 52.70214392 ], [ 15.02060928, 52.7104054 ], [ 15.0369717, 52.73987395 ], [ 15.00003132, 52.76108386 ], [ 14.94673468, 52.7528161 ] ] ] } },
{ "type": "Feature", "properties": { "id": 265 }, "geometry": { "type": "Polygon", "coordinates": [ [ [ 20.02612477, 50.4103791 ], [ 20.00802684, 50.38049511 ], [ 20.04246351, 50.35676568 ], [ 20.09499472, 50.36291132 ], [ 20.11312625, 50.39279053 ], [ 20.078693, 50.41652889 ], [ 20.02612477, 50.4103791 ] ] ] } },
{ "type": "Feature", "properties": { "id": 266 }, "geometry": { "type": "Polygon", "coordinates": [ [ [ 23.19859281, 50.73669948 ], [ 23.17906105, 50.70743903 ], [ 23.21263681, 50.6828819 ], [ 23.2657351, 50.68757646 ], [ 23.28529701, 50.71683076 ], [ 23.25173051, 50.74139665 ], [ 23.19859281, 50.73669948 ] ] ] } },
{ "type": "Feature", "properties": { "id": 267 }, "geometry": { "type": "Polygon", "coordinates": [ [ [ 20.23665883, 49.70997767 ], [ 20.21864436, 49.67983561 ], [ 20.2526875, 49.65579475 ], [ 20.30474139, 49.66188713 ], [ 20.32278858, 49.69202442 ], [ 20.28874918, 49.7160741 ], [ 20.23665883, 49.70997767 ] ] ] } },
{ "type": "Feature", "properties": { "id": 268 }, "geometry": { "type": "Polygon", "coordinates": [ [ [ 20.68265083, 49.5651925 ], [ 20.66448061, 49.53505494 ], [ 20.69832411, 49.51082837 ], [ 20.75033336, 49.51673059 ], [ 20.76853569, 49.5468632 ], [ 20.7346967, 49.57109855 ], [ 20.68265083, 49.5651925 ] ] ] } },
{ "type": "Feature", "properties": { "id": 269 }, "geometry": { "type": "Polygon", "coordinates": [ [ [ 20.64284997, 49.98043585 ], [ 20.62459301, 49.95046142 ], [ 20.65864193, 49.92639136 ], [ 20.71094335, 49.93228689 ], [ 20.72923283, 49.96225633 ], [ 20.69518841, 49.98633523 ], [ 20.64284997, 49.98043585 ] ] ] } },
{ "type": "Feature", "properties": { "id": 270 }, "geometry": { "type": "Polygon", "coordinates": [ [ [ 18.34561114, 52.26054311 ], [ 18.32779279, 52.2312291 ], [ 18.36363769, 52.20871144 ], [ 18.41730058, 52.21549851 ], [ 18.43515621, 52.24480815 ], [ 18.39931169, 52.26733511 ], [ 18.34561114, 52.26054311 ] ] ] } },
{ "type": "Feature", "properties": { "id": 271 }, "geometry": { "type": "Polygon", "coordinates": [ [ [ 20.95704233, 50.01547544 ], [ 20.93864179, 49.98556097 ], [ 20.97261156, 49.96140823 ], [ 21.02497683, 49.96716115 ], [ 21.04340957, 49.9970705 ], [ 21.00944487, 50.02123206 ], [ 20.95704233, 50.01547544 ] ] ] } },
{ "type": "Feature", "properties": { "id": 272 }, "geometry": { "type": "Polygon", "coordinates": [ [ [ 21.15144213, 49.61749797 ], [ 21.13305945, 49.58744976 ], [ 21.16678434, 49.56310034 ], [ 21.2188866, 49.56879038 ], [ 21.23730092, 49.59883343 ], [ 21.20358138, 49.6231916 ], [ 21.15144213, 49.61749797 ] ] ] } },
{ "type": "Feature", "properties": { "id": 273 }, "geometry": { "type": "Polygon", "coordinates": [ [ [ 23.17273457, 51.14600386 ], [ 23.15309984, 51.11691413 ], [ 23.18688001, 51.09251063 ], [ 23.24028562, 51.09718802 ], [ 23.25995087, 51.12627155 ], [ 23.22618003, 51.1506839 ], [ 23.17273457, 51.14600386 ] ] ] } },
{ "type": "Feature", "properties": { "id": 274 }, "geometry": { "type": "Polygon", "coordinates": [ [ [ 20.94145001, 50.06949908 ], [ 20.92304239, 50.03960454 ], [ 20.95704233, 50.01547544 ], [ 21.00944487, 50.02123206 ], [ 21.02788475, 50.05112147 ], [ 20.99388986, 50.07525941 ], [ 20.94145001, 50.06949908 ] ] ] } },
{ "type": "Feature", "properties": { "id": 275 }, "geometry": { "type": "Polygon", "coordinates": [ [ [ 20.6669545, 49.61951343 ], [ 20.6487775, 49.58939555 ], [ 20.68265083, 49.5651925 ], [ 20.7346967, 49.57109855 ], [ 20.75290587, 49.60121148 ], [ 20.71903703, 49.62542331 ], [ 20.6669545, 49.61951343 ] ] ] } },
{ "type": "Feature", "properties": { "id": 276 }, "geometry": { "type": "Polygon", "coordinates": [ [ [ 20.89453402, 50.23130802 ], [ 20.87610518, 50.20147341 ], [ 20.9101959, 50.17741543 ], [ 20.96271051, 50.18318319 ], [ 20.98117181, 50.21301267 ], [ 20.94708607, 50.23707952 ], [ 20.89453402, 50.23130802 ] ] ] } },
{ "type": "Feature", "properties": { "id": 278 }, "geometry": { "type": "Polygon", "coordinates": [ [ [ 14.32341392, 53.83026213 ], [ 14.30713322, 53.80121639 ], [ 14.34481265, 53.78065296 ], [ 14.39878043, 53.78912598 ], [ 14.41510412, 53.81816888 ], [ 14.37741708, 53.83874161 ], [ 14.32341392, 53.83026213 ] ] ] } },
{ "type": "Feature", "properties": { "id": 279 }, "geometry": { "type": "Polygon", "coordinates": [ [ [ 17.50802363, 50.83661368 ], [ 17.4909513, 50.8065876 ], [ 17.52628189, 50.78380996 ], [ 17.578686, 50.79104944 ], [ 17.59579493, 50.82107185 ], [ 17.56046316, 50.84385846 ], [ 17.50802363, 50.83661368 ] ] ] } },
{ "type": "Feature", "properties": { "id": 280 }, "geometry": { "type": "Polygon", "coordinates": [ [ [ 19.63227488, 54.1955736 ], [ 19.61331763, 54.16731135 ], [ 19.64985793, 54.1451368 ], [ 19.70535249, 54.15121465 ], [ 19.7243478, 54.17947151 ], [ 19.68781052, 54.20165591 ], [ 19.63227488, 54.1955736 ] ] ] } },
{ "type": "Feature", "properties": { "id": 281 }, "geometry": { "type": "Polygon", "coordinates": [ [ [ 19.45882763, 53.70316718 ], [ 19.44009537, 53.67465145 ], [ 19.47640884, 53.65233664 ], [ 19.53145198, 53.65852789 ], [ 19.55022192, 53.68703843 ], [ 19.51391108, 53.70936293 ], [ 19.45882763, 53.70316718 ] ] ] } },
{ "type": "Feature", "properties": { "id": 277 }, "geometry": { "type": "Polygon", "coordinates": [ [ [ 22.00307376, 53.22310976 ], [ 21.98333543, 53.19475211 ], [ 22.01857327, 53.17146668 ], [ 22.07354186, 53.17652945 ], [ 22.0933142, 53.204881 ], [ 22.05808398, 53.22817588 ], [ 22.00307376, 53.22310976 ] ] ] } },
{ "type": "Feature", "properties": { "id": 282 }, "geometry": { "type": "Polygon", "coordinates": [ [ [ 19.92749997, 53.33179957 ], [ 19.90865893, 53.30317851 ], [ 19.94462521, 53.28057076 ], [ 19.99942901, 53.28657449 ], [ 20.01830675, 53.31519024 ], [ 19.98234401, 53.33780758 ], [ 19.92749997, 53.33179957 ] ] ] } },
{ "type": "Feature", "properties": { "id": 283 }, "geometry": { "type": "Polygon", "coordinates": [ [ [ 19.54646266, 53.44854857 ], [ 19.52776313, 53.41992765 ], [ 19.56390866, 53.39748524 ], [ 19.61875096, 53.40365414 ], [ 19.63748777, 53.43226989 ], [ 19.60134504, 53.45472192 ], [ 19.54646266, 53.44854857 ] ] ] } },
{ "type": "Feature", "properties": { "id": 284 }, "geometry": { "type": "Polygon", "coordinates": [ [ [ 19.88093953, 53.7235874 ], [ 19.86200629, 53.69514017 ], [ 19.8982037, 53.6727004 ], [ 19.95333089, 53.67869818 ], [ 19.97230132, 53.70714004 ], [ 19.93610741, 53.7295895 ], [ 19.88093953, 53.7235874 ] ] ] } },
{ "type": "Feature", "properties": { "id": 285 }, "geometry": { "type": "Polygon", "coordinates": [ [ [ 20.42156671, 53.38495673 ], [ 20.40248536, 53.35643118 ], [ 20.43832799, 53.33369022 ], [ 20.49324748, 53.33946523 ], [ 20.512365, 53.36798526 ], [ 20.47652689, 53.39073581 ], [ 20.42156671, 53.38495673 ] ] ] } },
{ "type": "Feature", "properties": { "id": 286 }, "geometry": { "type": "Polygon", "coordinates": [ [ [ 20.95831397, 53.57243154 ], [ 20.93893502, 53.5440722 ], [ 20.97470932, 53.52123891 ], [ 21.02985698, 53.52675535 ], [ 21.04927164, 53.55510892 ], [ 21.01350297, 53.57795182 ], [ 20.95831397, 53.57243154 ] ] ] } },
{ "type": "Feature", "properties": { "id": 287 }, "geometry": { "type": "Polygon", "coordinates": [ [ [ 21.39108278, 53.8256322 ], [ 21.37143344, 53.79745672 ], [ 21.40720526, 53.77459055 ], [ 21.46261992, 53.77989019 ], [ 21.4823047, 53.80805966 ], [ 21.44653942, 53.8309355 ], [ 21.39108278, 53.8256322 ] ] ] } },
{ "type": "Feature", "properties": { "id": 288 }, "geometry": { "type": "Polygon", "coordinates": [ [ [ 20.70983415, 53.81092693 ], [ 20.69049625, 53.78264088 ], [ 20.72648262, 53.75997758 ], [ 20.78180175, 53.76559063 ], [ 20.80117593, 53.79387094 ], [ 20.76519473, 53.81654395 ], [ 20.70983415, 53.81092693 ] ] ] } },
{ "type": "Feature", "properties": { "id": 289 }, "geometry": { "type": "Polygon", "coordinates": [ [ [ 20.35079648, 54.11525081 ], [ 20.33153103, 54.08705384 ], [ 20.3678028, 54.06462211 ], [ 20.42333557, 54.07037755 ], [ 20.4426381, 54.09856885 ], [ 20.40637082, 54.12101039 ], [ 20.35079648, 54.11525081 ] ] ] } },
{ "type": "Feature", "properties": { "id": 290 }, "geometry": { "type": "Polygon", "coordinates": [ [ [ 19.94833668, 54.28209686 ], [ 19.92920667, 54.25392004 ], [ 19.9656996, 54.2316805 ], [ 20.02131889, 54.23760793 ], [ 20.04048667, 54.26577922 ], [ 20.00399743, 54.28802862 ], [ 19.94833668, 54.28209686 ] ] ] } },
{ "type": "Feature", "properties": { "id": 291 }, "geometry": { "type": "Polygon", "coordinates": [ [ [ 20.48371534, 54.23359415 ], [ 20.4643531, 54.20547233 ], [ 20.5006499, 54.18304636 ], [ 20.55630422, 54.18873237 ], [ 20.57570351, 54.21684844 ], [ 20.53941147, 54.23928425 ], [ 20.48371534, 54.23359415 ] ] ] } },
{ "type": "Feature", "properties": { "id": 292 }, "geometry": { "type": "Polygon", "coordinates": [ [ [ 21.27751229, 54.18162691 ], [ 21.25780488, 54.15360063 ], [ 21.29381346, 54.13090967 ], [ 21.3495231, 54.13623522 ], [ 21.36926649, 54.16425546 ], [ 21.3332643, 54.18695621 ], [ 21.27751229, 54.18162691 ] ] ] } },
{ "type": "Feature", "properties": { "id": 293 }, "geometry": { "type": "Polygon", "coordinates": [ [ [ 21.77151765, 53.70373521 ], [ 21.75173599, 53.67556266 ], [ 21.78731285, 53.65253353 ], [ 21.84266414, 53.65766735 ], [ 21.86248061, 53.68583378 ], [ 21.82691102, 53.70887252 ], [ 21.77151765, 53.70373521 ] ] ] } },
{ "type": "Feature", "properties": { "id": 294 }, "geometry": { "type": "Polygon", "coordinates": [ [ [ 22.4062331, 53.86601936 ], [ 22.38612159, 53.83802483 ], [ 22.42156875, 53.81486937 ], [ 22.47711889, 53.81969882 ], [ 22.49726455, 53.84768695 ], [ 22.46182597, 53.87085203 ], [ 22.4062331, 53.86601936 ] ] ] } },
{ "type": "Feature", "properties": { "id": 295 }, "geometry": { "type": "Polygon", "coordinates": [ [ [ 22.28266892, 54.27355986 ], [ 22.26248368, 54.24573676 ], [ 22.29820042, 54.22277891 ], [ 22.35409399, 54.22763442 ], [ 22.37431398, 54.25545108 ], [ 22.33860568, 54.27841868 ], [ 22.28266892, 54.27355986 ] ] ] } },
{ "type": "Feature", "properties": { "id": 296 }, "geometry": { "type": "Polygon", "coordinates": [ [ [ 21.77967278, 54.22865179 ], [ 21.7597253, 54.20072641 ], [ 21.79559099, 54.17790171 ], [ 21.85139677, 54.18299264 ], [ 21.87137962, 54.21091177 ], [ 21.83552135, 54.23374624 ], [ 21.77967278, 54.22865179 ] ] ] } },
{ "type": "Feature", "properties": { "id": 297 }, "geometry": { "type": "Polygon", "coordinates": [ [ [ 22.34464709, 54.07015877 ], [ 22.32449872, 54.04224989 ], [ 22.36008021, 54.01919307 ], [ 22.41580161, 54.02403546 ], [ 22.43598442, 54.05193793 ], [ 22.40041144, 54.07500443 ], [ 22.34464709, 54.07015877 ] ] ] } },
{ "type": "Feature", "properties": { "id": 298 }, "geometry": { "type": "Polygon", "coordinates": [ [ [ 21.84319466, 54.0253736 ], [ 21.82328221, 53.99736267 ], [ 21.85901243, 53.97443836 ], [ 21.91464764, 53.97951528 ], [ 21.93459516, 54.00751999 ], [ 21.89887243, 54.030454 ], [ 21.84319466, 54.0253736 ] ] ] } },
{ "type": "Feature", "properties": { "id": 299 }, "geometry": { "type": "Polygon", "coordinates": [ [ [ 21.22740797, 52.98913918 ], [ 21.20808064, 52.9605533 ], [ 21.24345177, 52.93741175 ], [ 21.29814423, 52.94284664 ], [ 21.31750631, 52.97142676 ], [ 21.28214122, 52.99457776 ], [ 21.22740797, 52.98913918 ] ] ] } },
{ "type": "Feature", "properties": { "id": 300 }, "geometry": { "type": "Polygon", "coordinates": [ [ [ 23.05516985, 50.9712284 ], [ 23.03563247, 50.94204394 ], [ 23.06936961, 50.91761154 ], [ 23.1226351, 50.92235478 ], [ 23.142203, 50.95153312 ], [ 23.10847493, 50.97597434 ], [ 23.05516985, 50.9712284 ] ] ] } },
{ "type": "Feature", "properties": { "id": 301 }, "geometry": { "type": "Polygon", "coordinates": [ [ [ 22.37307556, 50.77072739 ], [ 22.35387726, 50.7413458 ], [ 22.38775066, 50.7170397 ], [ 22.4408146, 50.72210632 ], [ 22.4600441, 50.75148208 ], [ 22.42617848, 50.77579704 ], [ 22.37307556, 50.77072739 ] ] ] } },
{ "type": "Feature", "properties": { "id": 302 }, "geometry": { "type": "Polygon", "coordinates": [ [ [ 18.75761584, 52.28495747 ], [ 18.7396009, 52.25570682 ], [ 18.77534527, 52.23306638 ], [ 18.82910344, 52.23966728 ], [ 18.84715525, 52.26891337 ], [ 18.81141206, 52.29156312 ], [ 18.75761584, 52.28495747 ] ] ] } },
{ "type": "Feature", "properties": { "id": 303 }, "geometry": { "type": "Polygon", "coordinates": [ [ [ 18.43547432, 52.00092498 ], [ 18.41768248, 51.97150842 ], [ 18.45336637, 51.94886362 ], [ 18.50684159, 51.95562614 ], [ 18.52467034, 51.98503835 ], [ 18.48898699, 52.0076924 ], [ 18.43547432, 52.00092498 ] ] ] } },
{ "type": "Feature", "properties": { "id": 304 }, "geometry": { "type": "Polygon", "coordinates": [ [ [ 18.16899064, 51.80357772 ], [ 18.15137271, 51.77404205 ], [ 18.18702551, 51.75140872 ], [ 18.24029624, 51.75830187 ], [ 18.25795115, 51.78783335 ], [ 18.22229838, 51.81047588 ], [ 18.16899064, 51.80357772 ] ] ] } },
{ "type": "Feature", "properties": { "id": 305 }, "geometry": { "type": "Polygon", "coordinates": [ [ [ 17.94255339, 51.2539855 ], [ 17.92517872, 51.22418641 ], [ 17.96060884, 51.20142143 ], [ 18.01341404, 51.20844648 ], [ 18.03082531, 51.23824161 ], [ 17.99539481, 51.26101565 ], [ 17.94255339, 51.2539855 ] ] ] } },
{ "type": "Feature", "properties": { "id": 306 }, "geometry": { "type": "Polygon", "coordinates": [ [ [ 17.95860802, 51.44816487 ], [ 17.94117737, 51.41845049 ], [ 17.97670235, 51.3957523 ], [ 18.02965837, 51.40275939 ], [ 18.04712582, 51.43246976 ], [ 18.01160048, 51.45517706 ], [ 17.95860802, 51.44816487 ] ] ] } },
{ "type": "Feature", "properties": { "id": 307 }, "geometry": { "type": "Polygon", "coordinates": [ [ [ 17.81541646, 51.62065957 ], [ 17.7980085, 51.59100196 ], [ 17.83365949, 51.56841442 ], [ 17.8867191, 51.57547535 ], [ 17.90416419, 51.60512898 ], [ 17.86851257, 51.62772567 ], [ 17.81541646, 51.62065957 ] ] ] } },
{ "type": "Feature", "properties": { "id": 308 }, "geometry": { "type": "Polygon", "coordinates": [ [ [ 17.42306725, 51.78615678 ], [ 17.40580002, 51.75652421 ], [ 17.44163749, 51.73412641 ], [ 17.49474361, 51.74135204 ], [ 17.51204854, 51.77098079 ], [ 17.47620969, 51.79338774 ], [ 17.42306725, 51.78615678 ] ] ] } },
{ "type": "Feature", "properties": { "id": 309 }, "geometry": { "type": "Polygon", "coordinates": [ [ [ 19.98101374, 51.61569941 ], [ 19.96262304, 51.58632083 ], [ 19.99766836, 51.56304389 ], [ 20.05110095, 51.56913636 ], [ 20.06952646, 51.59850997 ], [ 20.0344846, 51.62179608 ], [ 19.98101374, 51.61569941 ] ] ] } },
{ "type": "Feature", "properties": { "id": 310 }, "geometry": { "type": "Polygon", "coordinates": [ [ [ 20.11920577, 51.44032151 ], [ 20.10080023, 51.41088652 ], [ 20.1357158, 51.38750191 ], [ 20.18903324, 51.39354317 ], [ 20.20747326, 51.42297316 ], [ 20.1725614, 51.4463669 ], [ 20.11920577, 51.44032151 ] ] ] } },
{ "type": "Feature", "properties": { "id": 311 }, "geometry": { "type": "Polygon", "coordinates": [ [ [ 16.96445355, 51.66802071 ], [ 16.94743055, 51.638285 ], [ 16.98332042, 51.61599326 ], [ 17.03623555, 51.62342815 ], [ 17.05329655, 51.65316028 ], [ 17.01740445, 51.67546112 ], [ 16.96445355, 51.66802071 ] ] ] } },
{ "type": "Feature", "properties": { "id": 312 }, "geometry": { "type": "Polygon", "coordinates": [ [ [ 17.0669147, 51.84612647 ], [ 17.04979928, 51.81647897 ], [ 17.08575718, 51.79422051 ], [ 17.13883257, 51.80160041 ], [ 17.1559861, 51.83124424 ], [ 17.12002615, 51.85351184 ], [ 17.0669147, 51.84612647 ] ] ] } },
{ "type": "Feature", "properties": { "id": 313 }, "geometry": { "type": "Polygon", "coordinates": [ [ [ 16.63368135, 52.11157954 ], [ 16.61670425, 52.081999 ], [ 16.6529081, 52.05998414 ], [ 16.70609195, 52.06754066 ], [ 16.72310787, 52.09711768 ], [ 16.68690114, 52.1191417 ], [ 16.63368135, 52.11157954 ] ] ] } },
{ "type": "Feature", "properties": { "id": 314 }, "geometry": { "type": "Polygon", "coordinates": [ [ [ 23.85024261, 50.7376007 ], [ 23.83044468, 50.70845193 ], [ 23.86379087, 50.68371014 ], [ 23.91692457, 50.68810846 ], [ 23.9367518, 50.71725083 ], [ 23.90341606, 50.74200129 ], [ 23.85024261, 50.7376007 ] ] ] } },
{ "type": "Feature", "properties": { "id": 315 }, "geometry": { "type": "Polygon", "coordinates": [ [ [ 21.93455657, 51.16756319 ], [ 21.91543561, 51.13828136 ], [ 21.94964603, 51.11424707 ], [ 22.00297039, 51.11948562 ], [ 22.02212344, 51.14876174 ], [ 21.98792007, 51.17280501 ], [ 21.93455657, 51.16756319 ] ] ] } },
{ "type": "Feature", "properties": { "id": 316 }, "geometry": { "type": "Polygon", "coordinates": [ [ [ 16.04654704, 52.107953 ], [ 16.0298509, 52.07830831 ], [ 16.06619064, 52.05648776 ], [ 16.11923056, 52.06430279 ], [ 16.13596606, 52.09394424 ], [ 16.09962232, 52.1157739 ], [ 16.04654704, 52.107953 ] ] ] } },
{ "type": "Feature", "properties": { "id": 317 }, "geometry": { "type": "Polygon", "coordinates": [ [ [ 22.01947251, 51.44917857 ], [ 22.00023797, 51.42003169 ], [ 22.03455861, 51.39607472 ], [ 22.08810655, 51.40125561 ], [ 22.10737333, 51.43039669 ], [ 22.07305996, 51.45436269 ], [ 22.01947251, 51.44917857 ] ] ] } },
{ "type": "Feature", "properties": { "id": 318 }, "geometry": { "type": "Polygon", "coordinates": [ [ [ 16.34582721, 52.20597569 ], [ 16.32896364, 52.17640517 ], [ 16.3652864, 52.15452197 ], [ 16.41847619, 52.16220015 ], [ 16.43537895, 52.19176727 ], [ 16.39905276, 52.21365962 ], [ 16.34582721, 52.20597569 ] ] ] } },
{ "type": "Feature", "properties": { "id": 319 }, "geometry": { "type": "Polygon", "coordinates": [ [ [ 16.10771163, 52.38806078 ], [ 16.09091672, 52.35854467 ], [ 16.12739327, 52.33681067 ], [ 16.18066867, 52.34458361 ], [ 16.1975032, 52.37409639 ], [ 16.16102274, 52.39583956 ], [ 16.10771163, 52.38806078 ] ] ] } },
{ "type": "Feature", "properties": { "id": 320 }, "geometry": { "type": "Polygon", "coordinates": [ [ [ 16.00886669, 52.64361086 ], [ 15.99205532, 52.61419689 ], [ 16.02869411, 52.59259436 ], [ 16.08214841, 52.60039658 ], [ 16.09899979, 52.6298072 ], [ 16.06235688, 52.65141896 ], [ 16.00886669, 52.64361086 ] ] ] } },
{ "type": "Feature", "properties": { "id": 321 }, "geometry": { "type": "Polygon", "coordinates": [ [ [ 21.57472019, 51.84061699 ], [ 21.55556805, 51.81157133 ], [ 21.59023028, 51.78789111 ], [ 21.64403819, 51.79324742 ], [ 21.6632235, 51.8222874 ], [ 21.62856777, 51.84597676 ], [ 21.57472019, 51.84061699 ] ] ] } },
{ "type": "Feature", "properties": { "id": 322 }, "geometry": { "type": "Polygon", "coordinates": [ [ [ 17.20749984, 52.83900606 ], [ 17.19006367, 52.8098111 ], [ 17.22651924, 52.78788573 ], [ 17.28041284, 52.79514594 ], [ 17.29788812, 52.82433693 ], [ 17.26143072, 52.84627168 ], [ 17.20749984, 52.83900606 ] ] ] } },
{ "type": "Feature", "properties": { "id": 323 }, "geometry": { "type": "Polygon", "coordinates": [ [ [ 21.33473449, 52.08728948 ], [ 21.31561772, 52.05831558 ], [ 21.35048312, 52.03479951 ], [ 21.40445923, 52.04024812 ], [ 21.42360969, 52.06921639 ], [ 21.38875039, 52.09274168 ], [ 21.33473449, 52.08728948 ] ] ] } },
{ "type": "Feature", "properties": { "id": 324 }, "geometry": { "type": "Polygon", "coordinates": [ [ [ 21.62789344, 52.22451473 ], [ 21.6086102, 52.19564687 ], [ 21.64345034, 52.1720939 ], [ 21.69756709, 52.17739956 ], [ 21.71688381, 52.20626164 ], [ 21.68205034, 52.22982385 ], [ 21.62789344, 52.22451473 ] ] ] } },
{ "type": "Feature", "properties": { "id": 325 }, "geometry": { "type": "Polygon", "coordinates": [ [ [ 22.05969574, 51.88795844 ], [ 22.04032134, 51.85900967 ], [ 22.0748473, 51.83520228 ], [ 22.12874028, 51.84033454 ], [ 22.1481473, 51.86927742 ], [ 22.11362876, 51.89309393 ], [ 22.05969574, 51.88795844 ] ] ] } },
{ "type": "Feature", "properties": { "id": 326 }, "geometry": { "type": "Polygon", "coordinates": [ [ [ 16.89765446, 52.98447536 ], [ 16.88032803, 52.95530997 ], [ 16.91694159, 52.93354328 ], [ 16.97088405, 52.94093259 ], [ 16.98825006, 52.97009412 ], [ 16.95163406, 52.9918702 ], [ 16.89765446, 52.98447536 ] ] ] } },
{ "type": "Feature", "properties": { "id": 327 }, "geometry": { "type": "Polygon", "coordinates": [ [ [ 16.32215259, 52.93077645 ], [ 16.30511685, 52.90152333 ], [ 16.34184064, 52.87992714 ], [ 16.39560377, 52.88757475 ], [ 16.41267959, 52.91682429 ], [ 16.37595223, 52.93842981 ], [ 16.32215259, 52.93077645 ] ] ] } },
{ "type": "Feature", "properties": { "id": 328 }, "geometry": { "type": "Polygon", "coordinates": [ [ [ 16.82021614, 53.18773498 ], [ 16.80287343, 53.15865226 ], [ 16.83961931, 53.13699045 ], [ 16.89371056, 53.14440191 ], [ 16.91109318, 53.17348075 ], [ 16.87434468, 53.19515201 ], [ 16.82021614, 53.18773498 ] ] ] } },
{ "type": "Feature", "properties": { "id": 329 }, "geometry": { "type": "Polygon", "coordinates": [ [ [ 19.84901185, 53.05708121 ], [ 19.83028502, 53.02832382 ], [ 19.86612534, 53.00563404 ], [ 19.92068918, 53.01169215 ], [ 19.9394525, 53.04044433 ], [ 19.90361553, 53.06314362 ], [ 19.84901185, 53.05708121 ] ] ] } },
{ "type": "Feature", "properties": { "id": 330 }, "geometry": { "type": "Polygon", "coordinates": [ [ [ 20.26726982, 53.07620016 ], [ 20.24834753, 53.04751108 ], [ 20.28407033, 53.02469822 ], [ 20.33871128, 53.03056493 ], [ 20.35766959, 53.05924861 ], [ 20.32195097, 53.08207099 ], [ 20.26726982, 53.07620016 ] ] ] } },
{ "type": "Feature", "properties": { "id": 331 }, "geometry": { "type": "Polygon", "coordinates": [ [ [ 19.66386942, 52.84929019 ], [ 19.64528546, 52.82041293 ], [ 19.68106916, 52.7977011 ], [ 19.73543388, 52.80385708 ], [ 19.75405431, 52.83272926 ], [ 19.71827358, 52.85545055 ], [ 19.66386942, 52.84929019 ] ] ] } },
{ "type": "Feature", "properties": { "id": 332 }, "geometry": { "type": "Polygon", "coordinates": [ [ [ 20.57148878, 52.92189709 ], [ 20.55247354, 52.89318232 ], [ 20.58801855, 52.87021583 ], [ 20.6425741, 52.87595466 ], [ 20.66162483, 52.90466394 ], [ 20.62608456, 52.9276399 ], [ 20.57148878, 52.92189709 ] ] ] } },
{ "type": "Feature", "properties": { "id": 333 }, "geometry": { "type": "Polygon", "coordinates": [ [ [ 20.92425289, 53.1449766 ], [ 20.90501514, 53.11641574 ], [ 20.94056787, 53.09342678 ], [ 20.9953529, 53.09898918 ], [ 21.01462593, 53.12754437 ], [ 20.97907869, 53.15054284 ], [ 20.92425289, 53.1449766 ] ] ] } },
{ "type": "Feature", "properties": { "id": 334 }, "geometry": { "type": "Polygon", "coordinates": [ [ [ 21.89148327, 52.46530583 ], [ 21.87201655, 52.4365868 ], [ 21.90689334, 52.41304548 ], [ 21.96122965, 52.41821393 ], [ 21.98072976, 52.44692704 ], [ 21.9458602, 52.47047762 ], [ 21.89148327, 52.46530583 ] ] ] } },
{ "type": "Feature", "properties": { "id": 335 }, "geometry": { "type": "Polygon", "coordinates": [ [ [ 21.43403471, 53.14257173 ], [ 21.41457085, 53.11408759 ], [ 21.44995627, 53.0909424 ], [ 21.5047991, 53.09627186 ], [ 21.52429761, 53.12475012 ], [ 21.48891868, 53.1479048 ], [ 21.43403471, 53.14257173 ] ] ] } },
{ "type": "Feature", "properties": { "id": 336 }, "geometry": { "type": "Polygon", "coordinates": [ [ [ 22.25835278, 53.21988198 ], [ 22.23850394, 53.19156397 ], [ 22.27365265, 53.16820117 ], [ 22.32864211, 53.17314694 ], [ 22.34852461, 53.20145874 ], [ 22.31338403, 53.22483098 ], [ 22.25835278, 53.21988198 ] ] ] } },
{ "type": "Feature", "properties": { "id": 337 }, "geometry": { "type": "Polygon", "coordinates": [ [ [ 21.96241526, 52.79341504 ], [ 21.94282216, 52.76485506 ], [ 21.97784608, 52.74141701 ], [ 22.03245568, 52.74652959 ], [ 22.0520824, 52.77508355 ], [ 22.01706593, 52.79853095 ], [ 21.96241526, 52.79341504 ] ] ] } },
{ "type": "Feature", "properties": { "id": 338 }, "geometry": { "type": "Polygon", "coordinates": [ [ [ 22.22948684, 53.03134485 ], [ 22.20970712, 53.0029359 ], [ 22.24476556, 52.97950919 ], [ 22.29959574, 52.98448206 ], [ 22.31940897, 53.01288486 ], [ 22.28435855, 53.03632096 ], [ 22.22948684, 53.03134485 ] ] ] } },
{ "type": "Feature", "properties": { "id": 339 }, "geometry": { "type": "Polygon", "coordinates": [ [ [ 20.98042866, 52.69699235 ], [ 20.96129523, 52.66823681 ], [ 20.99659116, 52.64505869 ], [ 21.05101503, 52.65062673 ], [ 21.07018321, 52.67937667 ], [ 21.0348928, 52.70256417 ], [ 20.98042866, 52.69699235 ] ] ] } },
{ "type": "Feature", "properties": { "id": 340 }, "geometry": { "type": "Polygon", "coordinates": [ [ [ 21.48679875, 52.69426247 ], [ 21.46744254, 52.665583 ], [ 21.50257281, 52.64225005 ], [ 21.55705281, 52.64758723 ], [ 21.57644313, 52.6762609 ], [ 21.54131937, 52.6996032 ], [ 21.48679875, 52.69426247 ] ] ] } },
{ "type": "Feature", "properties": { "id": 341 }, "geometry": { "type": "Polygon", "coordinates": [ [ [ 22.88631323, 52.5022115 ], [ 22.86640847, 52.47367083 ], [ 22.90096311, 52.4498496 ], [ 22.9554134, 52.45455985 ], [ 22.97535029, 52.48309421 ], [ 22.9408048, 52.50692464 ], [ 22.88631323, 52.5022115 ] ] ] } },
{ "type": "Feature", "properties": { "id": 342 }, "geometry": { "type": "Polygon", "coordinates": [ [ [ 22.29197612, 52.52960401 ], [ 22.27231757, 52.50097794 ], [ 22.30709224, 52.47734176 ], [ 22.36151748, 52.48232241 ], [ 22.38120897, 52.5109424 ], [ 22.34644232, 52.53458783 ], [ 22.29197612, 52.52960401 ] ] ] } },
{ "type": "Feature", "properties": { "id": 343 }, "geometry": { "type": "Polygon", "coordinates": [ [ [ 22.43952005, 52.89052402 ], [ 22.41969138, 52.86208508 ], [ 22.45460326, 52.83854225 ], [ 22.50933546, 52.84342903 ], [ 22.52919723, 52.87186175 ], [ 22.49429374, 52.89541392 ], [ 22.43952005, 52.89052402 ] ] ] } },
{ "type": "Feature", "properties": { "id": 344 }, "geometry": { "type": "Polygon", "coordinates": [ [ [ 23.10572933, 52.00997867 ], [ 23.08587614, 51.98125511 ], [ 23.12010409, 51.95718633 ], [ 23.17417582, 51.96183207 ], [ 23.19406039, 51.99054933 ], [ 23.15984188, 52.01462716 ], [ 23.10572933, 52.00997867 ] ] ] } },
{ "type": "Feature", "properties": { "id": 345 }, "geometry": { "type": "Polygon", "coordinates": [ [ [ 21.94083275, 53.42922404 ], [ 21.92105968, 53.40095126 ], [ 21.95642956, 53.37776424 ], [ 22.01156499, 53.38284048 ], [ 22.03137235, 53.41110713 ], [ 21.99601002, 53.43430367 ], [ 21.94083275, 53.42922404 ] ] ] } },
{ "type": "Feature", "properties": { "id": 346 }, "geometry": { "type": "Polygon", "coordinates": [ [ [ 23.58634512, 50.49491638 ], [ 23.56672139, 50.46561934 ], [ 23.60004777, 50.44086657 ], [ 23.65298802, 50.44540217 ], [ 23.67264119, 50.47469295 ], [ 23.63932471, 50.49945439 ], [ 23.58634512, 50.49491638 ] ] ] } },
{ "type": "Feature", "properties": { "id": 347 }, "geometry": { "type": "Polygon", "coordinates": [ [ [ 19.23210739, 51.36341444 ], [ 19.21411827, 51.33382508 ], [ 19.24925343, 51.31068909 ], [ 19.3023757, 51.31713334 ], [ 19.32040021, 51.34671811 ], [ 19.28526708, 51.36986323 ], [ 19.23210739, 51.36341444 ] ] ] } },
{ "type": "Feature", "properties": { "id": 348 }, "geometry": { "type": "Polygon", "coordinates": [ [ [ 18.96547307, 51.16598569 ], [ 18.94765476, 51.13627707 ], [ 18.98276535, 51.11315259 ], [ 19.03569277, 51.11972766 ], [ 19.05354656, 51.14943185 ], [ 19.01843748, 51.17256541 ], [ 18.96547307, 51.16598569 ] ] ] } },
{ "type": "Feature", "properties": { "id": 349 }, "geometry": { "type": "Polygon", "coordinates": [ [ [ 18.56015932, 51.63553473 ], [ 18.54240489, 51.60597529 ], [ 18.57786544, 51.58315352 ], [ 18.63107967, 51.58988203 ], [ 18.64887048, 51.61943714 ], [ 18.61341071, 51.64226807 ], [ 18.56015932, 51.63553473 ] ] ] } },
{ "type": "Feature", "properties": { "id": 350 }, "geometry": { "type": "Polygon", "coordinates": [ [ [ 18.52466289, 51.24766882 ], [ 18.50702357, 51.21793864 ], [ 18.5422961, 51.19498437 ], [ 18.59520728, 51.20175119 ], [ 18.61288261, 51.23147713 ], [ 18.57761078, 51.25444049 ], [ 18.52466289, 51.24766882 ] ] ] } },
{ "type": "Feature", "properties": { "id": 351 }, "geometry": { "type": "Polygon", "coordinates": [ [ [ 18.17150767, 51.31170973 ], [ 18.15401349, 51.28196299 ], [ 18.1894129, 51.25914557 ], [ 18.24230648, 51.26606579 ], [ 18.25983711, 51.29580845 ], [ 18.22443774, 51.31863497 ], [ 18.17150767, 51.31170973 ] ] ] } },
{ "type": "Feature", "properties": { "id": 352 }, "geometry": { "type": "Polygon", "coordinates": [ [ [ 19.07466612, 51.59036913 ], [ 19.05668924, 51.56085661 ], [ 19.09198408, 51.53785439 ], [ 19.14525409, 51.54435553 ], [ 19.16326677, 51.57386348 ], [ 19.12797367, 51.59687487 ], [ 19.07466612, 51.59036913 ] ] ] } },
{ "type": "Feature", "properties": { "id": 353 }, "geometry": { "type": "Polygon", "coordinates": [ [ [ 16.28489188, 50.79893175 ], [ 16.26839677, 50.76875616 ], [ 16.30400147, 50.74636664 ], [ 16.35610474, 50.75414386 ], [ 16.37263754, 50.78431639 ], [ 16.33702942, 50.80671478 ], [ 16.28489188, 50.79893175 ] ] ] } },
{ "type": "Feature", "properties": { "id": 354 }, "geometry": { "type": "Polygon", "coordinates": [ [ [ 14.48080798, 53.05583012 ], [ 14.46464209, 53.02644988 ], [ 14.5018431, 53.0055267 ], [ 14.55521715, 53.01397463 ], [ 14.57142489, 53.04335217 ], [ 14.53421676, 53.06428448 ], [ 14.48080798, 53.05583012 ] ] ] } },
{ "type": "Feature", "properties": { "id": 355 }, "geometry": { "type": "Polygon", "coordinates": [ [ [ 14.84483513, 53.61956632 ], [ 14.82834721, 53.59047326 ], [ 14.86579484, 53.56964704 ], [ 14.91973698, 53.57790457 ], [ 14.93626717, 53.60699459 ], [ 14.89881299, 53.62783014 ], [ 14.84483513, 53.61956632 ] ] ] } },
{ "type": "Feature", "properties": { "id": 356 }, "geometry": { "type": "Polygon", "coordinates": [ [ [ 15.227785, 53.94223227 ], [ 15.21102311, 53.91332377 ], [ 15.24857548, 53.89249505 ], [ 15.30289562, 53.90056537 ], [ 15.31969988, 53.92947055 ], [ 15.28214166, 53.95030874 ], [ 15.227785, 53.94223227 ] ] ] } },
{ "type": "Feature", "properties": { "id": 357 }, "geometry": { "type": "Polygon", "coordinates": [ [ [ 14.62656185, 53.93037767 ], [ 14.61010337, 53.90140562 ], [ 14.64777877, 53.88077776 ], [ 14.70191972, 53.88911257 ], [ 14.71842107, 53.91808159 ], [ 14.68073864, 53.93871883 ], [ 14.62656185, 53.93037767 ] ] ] } },
{ "type": "Feature", "properties": { "id": 358 }, "geometry": { "type": "Polygon", "coordinates": [ [ [ 15.60515619, 54.0767941 ], [ 15.58817128, 54.0479858 ], [ 15.62571755, 54.02708269 ], [ 15.68025388, 54.03497834 ], [ 15.69728099, 54.06378309 ], [ 15.6597296, 54.08469576 ], [ 15.60515619, 54.0767941 ] ] ] } },
{ "type": "Feature", "properties": { "id": 359 }, "geometry": { "type": "Polygon", "coordinates": [ [ [ 18.89737242, 51.62316163 ], [ 18.87946746, 51.59364011 ], [ 18.91482872, 51.57070629 ], [ 18.96809356, 51.57728482 ], [ 18.98603454, 51.60680186 ], [ 18.95067469, 51.62974485 ], [ 18.89737242, 51.62316163 ] ] ] } },
{ "type": "Feature", "properties": { "id": 360 }, "geometry": { "type": "Polygon", "coordinates": [ [ [ 23.39556984, 51.54704227 ], [ 23.37572932, 51.5181642 ], [ 23.40962567, 51.49384195 ], [ 23.46335274, 51.49838886 ], [ 23.48322385, 51.52726058 ], [ 23.44933735, 51.55159174 ], [ 23.39556984, 51.54704227 ] ] ] } },
{ "type": "Feature", "properties": { "id": 361 }, "geometry": { "type": "Polygon", "coordinates": [ [ [ 19.28888905, 51.69817139 ], [ 19.27078709, 51.66873392 ], [ 19.30607628, 51.64570418 ], [ 19.35946532, 51.65210273 ], [ 19.37760295, 51.68153553 ], [ 19.34231591, 51.70457446 ], [ 19.28888905, 51.69817139 ] ] ] } },
{ "type": "Feature", "properties": { "id": 362 }, "geometry": { "type": "Polygon", "coordinates": [ [ [ 22.08206456, 50.93512389 ], [ 22.06294425, 50.90576585 ], [ 22.09699324, 50.88160407 ], [ 22.15015532, 50.88679143 ], [ 22.16930734, 50.91614373 ], [ 22.13526562, 50.94031442 ], [ 22.08206456, 50.93512389 ] ] ] } },
{ "type": "Feature", "properties": { "id": 363 }, "geometry": { "type": "Polygon", "coordinates": [ [ [ 22.4873237, 51.54803197 ], [ 22.46786294, 51.51900309 ], [ 22.50207532, 51.4949444 ], [ 22.55574033, 51.49990557 ], [ 22.57523284, 51.52892845 ], [ 22.54102862, 51.55299616 ], [ 22.4873237, 51.54803197 ] ] ] } },
{ "type": "Feature", "properties": { "id": 364 }, "geometry": { "type": "Polygon", "coordinates": [ [ [ 22.95516333, 51.34531559 ], [ 22.93556308, 51.31627557 ], [ 22.96951547, 51.29200679 ], [ 23.02305919, 51.29676912 ], [ 23.04269042, 51.325803 ], [ 23.008747, 51.35008069 ], [ 22.95516333, 51.34531559 ] ] ] } },
{ "type": "Feature", "properties": { "id": 365 }, "geometry": { "type": "Polygon", "coordinates": [ [ [ 22.83780647, 51.17083815 ], [ 22.81830398, 51.14170329 ], [ 22.8522122, 51.11740539 ], [ 22.90561424, 51.12223346 ], [ 22.9251477, 51.15136225 ], [ 22.8912482, 51.17566904 ], [ 22.83780647, 51.17083815 ] ] ] } },
{ "type": "Feature", "properties": { "id": 366 }, "geometry": { "type": "Polygon", "coordinates": [ [ [ 22.88307226, 51.61119565 ], [ 22.86342702, 51.58225936 ], [ 22.89753469, 51.55810832 ], [ 22.95127871, 51.5628846 ], [ 22.97095526, 51.59181474 ], [ 22.9368565, 51.61597475 ], [ 22.88307226, 51.61119565 ] ] ] } },
{ "type": "Feature", "properties": { "id": 367 }, "geometry": { "type": "Polygon", "coordinates": [ [ [ 22.66320992, 51.80857865 ], [ 22.64360109, 51.77969257 ], [ 22.67788255, 51.75567808 ], [ 22.73176434, 51.76054064 ], [ 22.75140494, 51.78942062 ], [ 22.71713203, 51.81344416 ], [ 22.66320992, 51.80857865 ] ] ] } },
{ "type": "Feature", "properties": { "id": 368 }, "geometry": { "type": "Polygon", "coordinates": [ [ [ 23.10353115, 53.81987204 ], [ 23.08313089, 53.7919724 ], [ 23.11830431, 53.76859339 ], [ 23.17386807, 53.77310449 ], [ 23.19430147, 53.80099749 ], [ 23.15913802, 53.82438603 ], [ 23.10353115, 53.81987204 ] ] ] } },
{ "type": "Feature", "properties": { "id": 369 }, "geometry": { "type": "Polygon", "coordinates": [ [ [ 23.54869978, 53.14369547 ], [ 23.52832058, 53.11555897 ], [ 23.56297054, 53.0917892 ], [ 23.61798912, 53.09614665 ], [ 23.63840017, 53.1242765 ], [ 23.60376083, 53.14805555 ], [ 23.54869978, 53.14369547 ] ] ] } },
{ "type": "Feature", "properties": { "id": 370 }, "geometry": { "type": "Polygon", "coordinates": [ [ [ 22.97684108, 52.77745059 ], [ 22.95681587, 52.74904938 ], [ 22.99148061, 52.72530577 ], [ 23.04616119, 52.72995411 ], [ 23.06621867, 52.75834893 ], [ 23.03156334, 52.7821018 ], [ 22.97684108, 52.77745059 ] ] ] } },
{ "type": "Feature", "properties": { "id": 371 }, "geometry": { "type": "Polygon", "coordinates": [ [ [ 22.40725877, 53.57685444 ], [ 22.38723634, 53.5487254 ], [ 22.42252537, 53.52545663 ], [ 22.47782836, 53.53030737 ], [ 22.49788463, 53.55843007 ], [ 22.46260411, 53.58170837 ], [ 22.40725877, 53.57685444 ] ] ] } },
{ "type": "Feature", "properties": { "id": 372 }, "geometry": { "type": "Polygon", "coordinates": [ [ [ 23.66224026, 52.72717911 ], [ 23.64194081, 52.69887229 ], [ 23.67633288, 52.67491152 ], [ 23.73101372, 52.6792484 ], [ 23.75134447, 52.70754858 ], [ 23.71696311, 52.73151852 ], [ 23.66224026, 52.72717911 ] ] ] } },
{ "type": "Feature", "properties": { "id": 373 }, "geometry": { "type": "Polygon", "coordinates": [ [ [ 22.78442625, 53.45120265 ], [ 22.76427873, 53.4230778 ], [ 22.79936728, 53.39964885 ], [ 22.85459416, 53.40433528 ], [ 22.87477488, 53.43245368 ], [ 22.83969555, 53.4558921 ], [ 22.78442625, 53.45120265 ] ] ] } },
{ "type": "Feature", "properties": { "id": 374 }, "geometry": { "type": "Polygon", "coordinates": [ [ [ 23.2732213, 54.12126374 ], [ 23.25265179, 54.09353463 ], [ 23.28792846, 54.07022441 ], [ 23.3437643, 54.07463371 ], [ 23.36436702, 54.10235606 ], [ 23.32910074, 54.12567589 ], [ 23.2732213, 54.12126374 ] ] ] } },
{ "type": "Feature", "properties": { "id": 375 }, "geometry": { "type": "Polygon", "coordinates": [ [ [ 23.37239434, 53.47336511 ], [ 23.3519876, 53.44535018 ], [ 23.38687649, 53.42175819 ], [ 23.44216177, 53.42617174 ], [ 23.46260093, 53.45418001 ], [ 23.42772243, 53.4777814 ], [ 23.37239434, 53.47336511 ] ] ] } },
{ "type": "Feature", "properties": { "id": 376 }, "geometry": { "type": "Polygon", "coordinates": [ [ [ 19.73645195, 51.85979723 ], [ 19.71810553, 51.83049088 ], [ 19.75334779, 51.807381 ], [ 19.8069335, 51.81356826 ], [ 19.82531526, 51.8428697 ], [ 19.79007601, 51.8659888 ], [ 19.73645195, 51.85979723 ] ] ] } },
{ "type": "Feature", "properties": { "id": 377 }, "geometry": { "type": "Polygon", "coordinates": [ [ [ 19.55126942, 51.4017437 ], [ 19.53312705, 51.37221359 ], [ 19.56819021, 51.3489915 ], [ 19.62139314, 51.35529041 ], [ 19.63957058, 51.38481579 ], [ 19.60451005, 51.408047 ], [ 19.55126942, 51.4017437 ] ] ] } },
{ "type": "Feature", "properties": { "id": 378 }, "geometry": { "type": "Polygon", "coordinates": [ [ [ 19.53792909, 51.70055494 ], [ 19.51971423, 51.67115207 ], [ 19.55493293, 51.64804492 ], [ 19.60836389, 51.65433147 ], [ 19.62661414, 51.68372956 ], [ 19.59139807, 51.70684589 ], [ 19.53792909, 51.70055494 ] ] ] } },
{ "type": "Feature", "properties": { "id": 379 }, "geometry": { "type": "Polygon", "coordinates": [ [ [ 22.92311326, 54.14521602 ], [ 22.90268784, 54.11743863 ], [ 22.93810514, 54.0942403 ], [ 22.9939382, 54.09880972 ], [ 23.01439735, 54.12658047 ], [ 22.97898976, 54.14978845 ], [ 22.92311326, 54.14521602 ] ] ] } },
{ "type": "Feature", "properties": { "id": 380 }, "geometry": { "type": "Polygon", "coordinates": [ [ [ 18.95930829, 50.16865796 ], [ 18.94174133, 50.13853206 ], [ 18.97636381, 50.11504895 ], [ 19.02855182, 50.12168284 ], [ 19.04615328, 50.1518045 ], [ 19.01153227, 50.17529651 ], [ 18.95930829, 50.16865796 ] ] ] } }
]
}
