{
"type": "FeatureCollection",
"name": "pl_l6_h3_03_hx",
"crs": { "type": "name", "properties": { "name": "urn:ogc:def:crs:OGC:1.3:CRS84" } },
"xy_coordinate_resolution": 1e-08,
"features": [
{ "type": "Feature", "properties": { "id": 1 }, "geometry": { "type": "Polygon", "coordinates": [ [ [ 19.17250585, 52.55079476 ], [ 19.1670842, 51.98270463 ], [ 20.03628203, 51.70374321 ], [ 20.91905668, 51.99031374 ], [ 20.93926391, 52.55868184 ], [ 20.06190264, 52.84026629 ], [ 19.17250585, 52.55079476 ] ] ] } },
{ "type": "Feature", "properties": { "id": 2 }, "geometry": { "type": "Polygon", "coordinates": [ [ [ 19.17250585, 52.55079476 ], [ 19.1670842, 51.98270463 ], [ 20.03628203, 51.70374321 ], [ 20.91905668, 51.99031374 ], [ 20.93926391, 52.55868184 ], [ 20.06190264, 52.84026629 ], [ 19.17250585, 52.55079476 ] ] ] } },
{ "type": "Feature", "properties": { "id": 3 }, "geometry": { "type": "Polygon", "coordinates": [ [ [ 19.17250585, 52.55079476 ], [ 19.1670842, 51.98270463 ], [ 20.03628203, 51.70374321 ], [ 20.91905668, 51.99031374 ], [ 20.93926391, 52.55868184 ], [ 20.06190264, 52.84026629 ], [ 19.17250585, 52.55079476 ] ] ] } },
{ "type": "Feature", "properties": { "id": 4 }, "geometry": { "type": "Polygon", "coordinates": [ [ [ 19.17250585, 52.55079476 ], [ 19.1670842, 51.98270463 ], [ 20.03628203, 51.70374321 ], [ 20.91905668, 51.99031374 ], [ 20.93926391, 52.55868184 ], [ 20.06190264, 52.84026629 ], [ 19.17250585, 52.55079476 ] ] ] } },
{ "type": "Feature", "properties": { "id": 5 }, "geometry": { "type": "Polygon", "coordinates": [ [ [ 17.43855404, 50.79931026 ], [ 17.44738844, 50.21701519 ], [ 18.29945871, 49.94280103 ], [ 19.15134983, 50.24865424 ], [ 19.15650838, 50.83158197 ], [ 18.29575461, 51.10808629 ], [ 17.43855404, 50.79931026 ] ] ] } },
{ "type": "Feature", "properties": { "id": 6 }, "geometry": { "type": "Polygon", "coordinates": [ [ [ 17.43855404, 50.79931026 ], [ 17.44738844, 50.21701519 ], [ 18.29945871, 49.94280103 ], [ 19.15134983, 50.24865424 ], [ 19.15650838, 50.83158197 ], [ 18.29575461, 51.10808629 ], [ 17.43855404, 50.79931026 ] ] ] } },
{ "type": "Feature", "properties": { "id": 7 }, "geometry": { "type": "Polygon", "coordinates": [ [ [ 17.43855404, 50.79931026 ], [ 17.44738844, 50.21701519 ], [ 18.29945871, 49.94280103 ], [ 19.15134983, 50.24865424 ], [ 19.15650838, 50.83158197 ], [ 18.29575461, 51.10808629 ], [ 17.43855404, 50.79931026 ] ] ] } },
{ "type": "Feature", "properties": { "id": 8 }, "geometry": { "type": "Polygon", "coordinates": [ [ [ 17.43855404, 50.79931026 ], [ 17.44738844, 50.21701519 ], [ 18.29945871, 49.94280103 ], [ 19.15134983, 50.24865424 ], [ 19.15650838, 50.83158197 ], [ 18.29575461, 51.10808629 ], [ 17.43855404, 50.79931026 ] ] ] } },
{ "type": "Feature", "properties": { "id": 9 }, "geometry": { "type": "Polygon", "coordinates": [ [ [ 17.43855404, 50.79931026 ], [ 17.44738844, 50.21701519 ], [ 18.29945871, 49.94280103 ], [ 19.15134983, 50.24865424 ], [ 19.15650838, 50.83158197 ], [ 18.29575461, 51.10808629 ], [ 17.43855404, 50.79931026 ] ] ] } },
{ "type": "Feature", "properties": { "id": 10 }, "geometry": { "type": "Polygon", "coordinates": [ [ [ 20.93926391, 52.55868184 ], [ 20.91905668, 51.99031374 ], [ 21.78239484, 51.69827848 ], [ 22.67309986, 51.97188672 ], [ 22.70808927, 52.5402279 ], [ 21.83760574, 52.8350527 ], [ 20.93926391, 52.55868184 ] ] ] } },
{ "type": "Feature", "properties": { "id": 11 }, "geometry": { "type": "Polygon", "coordinates": [ [ [ 19.17250585, 52.55079476 ], [ 19.1670842, 51.98270463 ], [ 20.03628203, 51.70374321 ], [ 20.91905668, 51.99031374 ], [ 20.93926391, 52.55868184 ], [ 20.06190264, 52.84026629 ], [ 19.17250585, 52.55079476 ] ] ] } },
{ "type": "Feature", "properties": { "id": 12 }, "geometry": { "type": "Polygon", "coordinates": [ [ [ 19.17250585, 52.55079476 ], [ 19.1670842, 51.98270463 ], [ 20.03628203, 51.70374321 ], [ 20.91905668, 51.99031374 ], [ 20.93926391, 52.55868184 ], [ 20.06190264, 52.84026629 ], [ 19.17250585, 52.55079476 ] ] ] } },
{ "type": "Feature", "properties": { "id": 13 }, "geometry": { "type": "Polygon", "coordinates": [ [ [ 19.17250585, 52.55079476 ], [ 19.1670842, 51.98270463 ], [ 20.03628203, 51.70374321 ], [ 20.91905668, 51.99031374 ], [ 20.93926391, 52.55868184 ], [ 20.06190264, 52.84026629 ], [ 19.17250585, 52.55079476 ] ] ] } },
{ "type": "Feature", "properties": { "id": 14 }, "geometry": { "type": "Polygon", "coordinates": [ [ [ 19.17250585, 52.55079476 ], [ 19.1670842, 51.98270463 ], [ 20.03628203, 51.70374321 ], [ 20.91905668, 51.99031374 ], [ 20.93926391, 52.55868184 ], [ 20.06190264, 52.84026629 ], [ 19.17250585, 52.55079476 ] ] ] } },
{ "type": "Feature", "properties": { "id": 15 }, "geometry": { "type": "Polygon", "coordinates": [ [ [ 13.79942434, 54.03762692 ], [ 13.83952861, 53.48724516 ], [ 14.73893306, 53.25694132 ], [ 15.60963136, 53.57496623 ], [ 15.58456386, 54.12645786 ], [ 14.67368187, 54.35887748 ], [ 13.79942434, 54.03762692 ] ] ] } },
{ "type": "Feature", "properties": { "id": 16 }, "geometry": { "type": "Polygon", "coordinates": [ [ [ 16.50814335, 53.33120219 ], [ 16.52514859, 52.77163656 ], [ 17.41115904, 52.51672781 ], [ 18.28996349, 52.819052 ], [ 18.28796724, 53.37932209 ], [ 17.39211441, 53.636628 ], [ 16.50814335, 53.33120219 ] ] ] } },
{ "type": "Feature", "properties": { "id": 17 }, "geometry": { "type": "Polygon", "coordinates": [ [ [ 17.43855404, 50.79931026 ], [ 17.44738844, 50.21701519 ], [ 18.29945871, 49.94280103 ], [ 19.15134983, 50.24865424 ], [ 19.15650838, 50.83158197 ], [ 18.29575461, 51.10808629 ], [ 17.43855404, 50.79931026 ] ] ] } },
{ "type": "Feature", "properties": { "id": 18 }, "geometry": { "type": "Polygon", "coordinates": [ [ [ 17.43855404, 50.79931026 ], [ 17.44738844, 50.21701519 ], [ 18.29945871, 49.94280103 ], [ 19.15134983, 50.24865424 ], [ 19.15650838, 50.83158197 ], [ 18.29575461, 51.10808629 ], [ 17.43855404, 50.79931026 ] ] ] } },
{ "type": "Feature", "properties": { "id": 19 }, "geometry": { "type": "Polygon", "coordinates": [ [ [ 13.79942434, 54.03762692 ], [ 13.83952861, 53.48724516 ], [ 14.73893306, 53.25694132 ], [ 15.60963136, 53.57496623 ], [ 15.58456386, 54.12645786 ], [ 14.67368187, 54.35887748 ], [ 13.79942434, 54.03762692 ] ] ] } },
{ "type": "Feature", "properties": { "id": 20 }, "geometry": { "type": "Polygon", "coordinates": [ [ [ 20.87963932, 50.83859151 ], [ 20.86041294, 50.25534224 ], [ 21.7029406, 49.95580621 ], [ 22.57155115, 50.23692458 ], [ 22.60484482, 50.82018253 ], [ 21.7554729, 51.1223767 ], [ 20.87963932, 50.83859151 ] ] ] } },
{ "type": "Feature", "properties": { "id": 21 }, "geometry": { "type": "Polygon", "coordinates": [ [ [ 18.29945871, 49.94280103 ], [ 18.30126603, 49.35293806 ], [ 19.14128109, 49.0683652 ], [ 19.98751859, 49.37138267 ], [ 19.99941231, 49.96174676 ], [ 19.15134983, 50.24865424 ], [ 18.29945871, 49.94280103 ] ] ] } },
{ "type": "Feature", "properties": { "id": 22 }, "geometry": { "type": "Polygon", "coordinates": [ [ [ 19.15650838, 50.83158197 ], [ 19.15134983, 50.24865424 ], [ 19.99941231, 49.96174676 ], [ 20.86041294, 50.25534224 ], [ 20.87963932, 50.83859151 ], [ 20.02378912, 51.12798689 ], [ 19.15650838, 50.83158197 ] ] ] } },
{ "type": "Feature", "properties": { "id": 23 }, "geometry": { "type": "Polygon", "coordinates": [ [ [ 14.83277142, 51.56623118 ], [ 14.86302677, 50.99274772 ], [ 15.72882266, 50.74205382 ], [ 16.57448598, 51.06289358 ], [ 16.55831294, 51.63743695 ], [ 15.68233455, 51.89014192 ], [ 14.83277142, 51.56623118 ] ] ] } },
{ "type": "Feature", "properties": { "id": 24 }, "geometry": { "type": "Polygon", "coordinates": [ [ [ 14.83277142, 51.56623118 ], [ 14.86302677, 50.99274772 ], [ 15.72882266, 50.74205382 ], [ 16.57448598, 51.06289358 ], [ 16.55831294, 51.63743695 ], [ 15.68233455, 51.89014192 ], [ 14.83277142, 51.56623118 ] ] ] } },
{ "type": "Feature", "properties": { "id": 25 }, "geometry": { "type": "Polygon", "coordinates": [ [ [ 14.83277142, 51.56623118 ], [ 14.86302677, 50.99274772 ], [ 15.72882266, 50.74205382 ], [ 16.57448598, 51.06289358 ], [ 16.55831294, 51.63743695 ], [ 15.68233455, 51.89014192 ], [ 14.83277142, 51.56623118 ] ] ] } },
{ "type": "Feature", "properties": { "id": 26 }, "geometry": { "type": "Polygon", "coordinates": [ [ [ 14.83277142, 51.56623118 ], [ 14.86302677, 50.99274772 ], [ 15.72882266, 50.74205382 ], [ 16.57448598, 51.06289358 ], [ 16.55831294, 51.63743695 ], [ 15.68233455, 51.89014192 ], [ 14.83277142, 51.56623118 ] ] ] } },
{ "type": "Feature", "properties": { "id": 27 }, "geometry": { "type": "Polygon", "coordinates": [ [ [ 14.83277142, 51.56623118 ], [ 14.86302677, 50.99274772 ], [ 15.72882266, 50.74205382 ], [ 16.57448598, 51.06289358 ], [ 16.55831294, 51.63743695 ], [ 15.68233455, 51.89014192 ], [ 14.83277142, 51.56623118 ] ] ] } },
{ "type": "Feature", "properties": { "id": 28 }, "geometry": { "type": "Polygon", "coordinates": [ [ [ 14.83277142, 51.56623118 ], [ 14.86302677, 50.99274772 ], [ 15.72882266, 50.74205382 ], [ 16.57448598, 51.06289358 ], [ 16.55831294, 51.63743695 ], [ 15.68233455, 51.89014192 ], [ 14.83277142, 51.56623118 ] ] ] } },
{ "type": "Feature", "properties": { "id": 29 }, "geometry": { "type": "Polygon", "coordinates": [ [ [ 15.72882266, 50.74205382 ], [ 15.75150138, 50.16069867 ], [ 16.60604685, 49.89918214 ], [ 17.44738844, 50.21701519 ], [ 17.43855404, 50.79931026 ], [ 16.57448598, 51.06289358 ], [ 15.72882266, 50.74205382 ] ] ] } },
{ "type": "Feature", "properties": { "id": 30 }, "geometry": { "type": "Polygon", "coordinates": [ [ [ 14.83277142, 51.56623118 ], [ 14.86302677, 50.99274772 ], [ 15.72882266, 50.74205382 ], [ 16.57448598, 51.06289358 ], [ 16.55831294, 51.63743695 ], [ 15.68233455, 51.89014192 ], [ 14.83277142, 51.56623118 ] ] ] } },
{ "type": "Feature", "properties": { "id": 31 }, "geometry": { "type": "Polygon", "coordinates": [ [ [ 14.83277142, 51.56623118 ], [ 14.86302677, 50.99274772 ], [ 15.72882266, 50.74205382 ], [ 16.57448598, 51.06289358 ], [ 16.55831294, 51.63743695 ], [ 15.68233455, 51.89014192 ], [ 14.83277142, 51.56623118 ] ] ] } },
{ "type": "Feature", "properties": { "id": 32 }, "geometry": { "type": "Polygon", "coordinates": [ [ [ 14.83277142, 51.56623118 ], [ 14.86302677, 50.99274772 ], [ 15.72882266, 50.74205382 ], [ 16.57448598, 51.06289358 ], [ 16.55831294, 51.63743695 ], [ 15.68233455, 51.89014192 ], [ 14.83277142, 51.56623118 ] ] ] } },
{ "type": "Feature", "properties": { "id": 33 }, "geometry": { "type": "Polygon", "coordinates": [ [ [ 14.83277142, 51.56623118 ], [ 14.86302677, 50.99274772 ], [ 15.72882266, 50.74205382 ], [ 16.57448598, 51.06289358 ], [ 16.55831294, 51.63743695 ], [ 15.68233455, 51.89014192 ], [ 14.83277142, 51.56623118 ] ] ] } },
{ "type": "Feature", "properties": { "id": 34 }, "geometry": { "type": "Polygon", "coordinates": [ [ [ 14.83277142, 51.56623118 ], [ 14.86302677, 50.99274772 ], [ 15.72882266, 50.74205382 ], [ 16.57448598, 51.06289358 ], [ 16.55831294, 51.63743695 ], [ 15.68233455, 51.89014192 ], [ 14.83277142, 51.56623118 ] ] ] } },
{ "type": "Feature", "properties": { "id": 35 }, "geometry": { "type": "Polygon", "coordinates": [ [ [ 14.83277142, 51.56623118 ], [ 14.86302677, 50.99274772 ], [ 15.72882266, 50.74205382 ], [ 16.57448598, 51.06289358 ], [ 16.55831294, 51.63743695 ], [ 15.68233455, 51.89014192 ], [ 14.83277142, 51.56623118 ] ] ] } },
{ "type": "Feature", "properties": { "id": 36 }, "geometry": { "type": "Polygon", "coordinates": [ [ [ 14.83277142, 51.56623118 ], [ 14.86302677, 50.99274772 ], [ 15.72882266, 50.74205382 ], [ 16.57448598, 51.06289358 ], [ 16.55831294, 51.63743695 ], [ 15.68233455, 51.89014192 ], [ 14.83277142, 51.56623118 ] ] ] } },
{ "type": "Feature", "properties": { "id": 37 }, "geometry": { "type": "Polygon", "coordinates": [ [ [ 14.83277142, 51.56623118 ], [ 14.86302677, 50.99274772 ], [ 15.72882266, 50.74205382 ], [ 16.57448598, 51.06289358 ], [ 16.55831294, 51.63743695 ], [ 15.68233455, 51.89014192 ], [ 14.83277142, 51.56623118 ] ] ] } },
{ "type": "Feature", "properties": { "id": 38 }, "geometry": { "type": "Polygon", "coordinates": [ [ [ 15.72882266, 50.74205382 ], [ 15.75150138, 50.16069867 ], [ 16.60604685, 49.89918214 ], [ 17.44738844, 50.21701519 ], [ 17.43855404, 50.79931026 ], [ 16.57448598, 51.06289358 ], [ 15.72882266, 50.74205382 ] ] ] } },
{ "type": "Feature", "properties": { "id": 39 }, "geometry": { "type": "Polygon", "coordinates": [ [ [ 15.72882266, 50.74205382 ], [ 15.75150138, 50.16069867 ], [ 16.60604685, 49.89918214 ], [ 17.44738844, 50.21701519 ], [ 17.43855404, 50.79931026 ], [ 16.57448598, 51.06289358 ], [ 15.72882266, 50.74205382 ] ] ] } },
{ "type": "Feature", "properties": { "id": 40 }, "geometry": { "type": "Polygon", "coordinates": [ [ [ 15.72882266, 50.74205382 ], [ 15.75150138, 50.16069867 ], [ 16.60604685, 49.89918214 ], [ 17.44738844, 50.21701519 ], [ 17.43855404, 50.79931026 ], [ 16.57448598, 51.06289358 ], [ 15.72882266, 50.74205382 ] ] ] } },
{ "type": "Feature", "properties": { "id": 41 }, "geometry": { "type": "Polygon", "coordinates": [ [ [ 16.55831294, 51.63743695 ], [ 16.57448598, 51.06289358 ], [ 17.43855404, 50.79931026 ], [ 18.29575461, 51.10808629 ], [ 18.29385635, 51.6833889 ], [ 17.42044306, 51.94921901 ], [ 16.55831294, 51.63743695 ] ] ] } },
{ "type": "Feature", "properties": { "id": 42 }, "geometry": { "type": "Polygon", "coordinates": [ [ [ 16.55831294, 51.63743695 ], [ 16.57448598, 51.06289358 ], [ 17.43855404, 50.79931026 ], [ 18.29575461, 51.10808629 ], [ 18.29385635, 51.6833889 ], [ 17.42044306, 51.94921901 ], [ 16.55831294, 51.63743695 ] ] ] } },
{ "type": "Feature", "properties": { "id": 43 }, "geometry": { "type": "Polygon", "coordinates": [ [ [ 15.72882266, 50.74205382 ], [ 15.75150138, 50.16069867 ], [ 16.60604685, 49.89918214 ], [ 17.44738844, 50.21701519 ], [ 17.43855404, 50.79931026 ], [ 16.57448598, 51.06289358 ], [ 15.72882266, 50.74205382 ] ] ] } },
{ "type": "Feature", "properties": { "id": 44 }, "geometry": { "type": "Polygon", "coordinates": [ [ [ 15.72882266, 50.74205382 ], [ 15.75150138, 50.16069867 ], [ 16.60604685, 49.89918214 ], [ 17.44738844, 50.21701519 ], [ 17.43855404, 50.79931026 ], [ 16.57448598, 51.06289358 ], [ 15.72882266, 50.74205382 ] ] ] } },
{ "type": "Feature", "properties": { "id": 45 }, "geometry": { "type": "Polygon", "coordinates": [ [ [ 15.72882266, 50.74205382 ], [ 15.75150138, 50.16069867 ], [ 16.60604685, 49.89918214 ], [ 17.44738844, 50.21701519 ], [ 17.43855404, 50.79931026 ], [ 16.57448598, 51.06289358 ], [ 15.72882266, 50.74205382 ] ] ] } },
{ "type": "Feature", "properties": { "id": 46 }, "geometry": { "type": "Polygon", "coordinates": [ [ [ 16.55831294, 51.63743695 ], [ 16.57448598, 51.06289358 ], [ 17.43855404, 50.79931026 ], [ 18.29575461, 51.10808629 ], [ 18.29385635, 51.6833889 ], [ 17.42044306, 51.94921901 ], [ 16.55831294, 51.63743695 ] ] ] } },
{ "type": "Feature", "properties": { "id": 47 }, "geometry": { "type": "Polygon", "coordinates": [ [ [ 16.55831294, 51.63743695 ], [ 16.57448598, 51.06289358 ], [ 17.43855404, 50.79931026 ], [ 18.29575461, 51.10808629 ], [ 18.29385635, 51.6833889 ], [ 17.42044306, 51.94921901 ], [ 16.55831294, 51.63743695 ] ] ] } },
{ "type": "Feature", "properties": { "id": 48 }, "geometry": { "type": "Polygon", "coordinates": [ [ [ 16.55831294, 51.63743695 ], [ 16.57448598, 51.06289358 ], [ 17.43855404, 50.79931026 ], [ 18.29575461, 51.10808629 ], [ 18.29385635, 51.6833889 ], [ 17.42044306, 51.94921901 ], [ 16.55831294, 51.63743695 ] ] ] } },
{ "type": "Feature", "properties": { "id": 49 }, "geometry": { "type": "Polygon", "coordinates": [ [ [ 16.55831294, 51.63743695 ], [ 16.57448598, 51.06289358 ], [ 17.43855404, 50.79931026 ], [ 18.29575461, 51.10808629 ], [ 18.29385635, 51.6833889 ], [ 17.42044306, 51.94921901 ], [ 16.55831294, 51.63743695 ] ] ] } },
{ "type": "Feature", "properties": { "id": 50 }, "geometry": { "type": "Polygon", "coordinates": [ [ [ 16.55831294, 51.63743695 ], [ 16.57448598, 51.06289358 ], [ 17.43855404, 50.79931026 ], [ 18.29575461, 51.10808629 ], [ 18.29385635, 51.6833889 ], [ 17.42044306, 51.94921901 ], [ 16.55831294, 51.63743695 ] ] ] } },
{ "type": "Feature", "properties": { "id": 51 }, "geometry": { "type": "Polygon", "coordinates": [ [ [ 16.55831294, 51.63743695 ], [ 16.57448598, 51.06289358 ], [ 17.43855404, 50.79931026 ], [ 18.29575461, 51.10808629 ], [ 18.29385635, 51.6833889 ], [ 17.42044306, 51.94921901 ], [ 16.55831294, 51.63743695 ] ] ] } },
{ "type": "Feature", "properties": { "id": 52 }, "geometry": { "type": "Polygon", "coordinates": [ [ [ 18.29945871, 49.94280103 ], [ 18.30126603, 49.35293806 ], [ 19.14128109, 49.0683652 ], [ 19.98751859, 49.37138267 ], [ 19.99941231, 49.96174676 ], [ 19.15134983, 50.24865424 ], [ 18.29945871, 49.94280103 ] ] ] } },
{ "type": "Feature", "properties": { "id": 57 }, "geometry": { "type": "Polygon", "coordinates": [ [ [ 17.38234557, 54.18894285 ], [ 17.39211441, 53.636628 ], [ 18.28796724, 53.37932209 ], [ 19.18362806, 53.67180671 ], [ 19.18933346, 54.22465218 ], [ 18.2838708, 54.48454826 ], [ 17.38234557, 54.18894285 ] ] ] } },
{ "type": "Feature", "properties": { "id": 58 }, "geometry": { "type": "Polygon", "coordinates": [ [ [ 16.50814335, 53.33120219 ], [ 16.52514859, 52.77163656 ], [ 17.41115904, 52.51672781 ], [ 18.28996349, 52.819052 ], [ 18.28796724, 53.37932209 ], [ 17.39211441, 53.636628 ], [ 16.50814335, 53.33120219 ] ] ] } },
{ "type": "Feature", "properties": { "id": 59 }, "geometry": { "type": "Polygon", "coordinates": [ [ [ 16.50814335, 53.33120219 ], [ 16.52514859, 52.77163656 ], [ 17.41115904, 52.51672781 ], [ 18.28996349, 52.819052 ], [ 18.28796724, 53.37932209 ], [ 17.39211441, 53.636628 ], [ 16.50814335, 53.33120219 ] ] ] } },
{ "type": "Feature", "properties": { "id": 60 }, "geometry": { "type": "Polygon", "coordinates": [ [ [ 16.50814335, 53.33120219 ], [ 16.52514859, 52.77163656 ], [ 17.41115904, 52.51672781 ], [ 18.28996349, 52.819052 ], [ 18.28796724, 53.37932209 ], [ 17.39211441, 53.636628 ], [ 16.50814335, 53.33120219 ] ] ] } },
{ "type": "Feature", "properties": { "id": 61 }, "geometry": { "type": "Polygon", "coordinates": [ [ [ 17.41115904, 52.51672781 ], [ 17.42044306, 51.94921901 ], [ 18.29385635, 51.6833889 ], [ 19.1670842, 51.98270463 ], [ 19.17250585, 52.55079476 ], [ 18.28996349, 52.819052 ], [ 17.41115904, 52.51672781 ] ] ] } },
{ "type": "Feature", "properties": { "id": 62 }, "geometry": { "type": "Polygon", "coordinates": [ [ [ 17.41115904, 52.51672781 ], [ 17.42044306, 51.94921901 ], [ 18.29385635, 51.6833889 ], [ 19.1670842, 51.98270463 ], [ 19.17250585, 52.55079476 ], [ 18.28996349, 52.819052 ], [ 17.41115904, 52.51672781 ] ] ] } },
{ "type": "Feature", "properties": { "id": 63 }, "geometry": { "type": "Polygon", "coordinates": [ [ [ 20.93926391, 52.55868184 ], [ 20.91905668, 51.99031374 ], [ 21.78239484, 51.69827848 ], [ 22.67309986, 51.97188672 ], [ 22.70808927, 52.5402279 ], [ 21.83760574, 52.8350527 ], [ 20.93926391, 52.55868184 ] ] ] } },
{ "type": "Feature", "properties": { "id": 64 }, "geometry": { "type": "Polygon", "coordinates": [ [ [ 20.93926391, 52.55868184 ], [ 20.91905668, 51.99031374 ], [ 21.78239484, 51.69827848 ], [ 22.67309986, 51.97188672 ], [ 22.70808927, 52.5402279 ], [ 21.83760574, 52.8350527 ], [ 20.93926391, 52.55868184 ] ] ] } },
{ "type": "Feature", "properties": { "id": 65 }, "geometry": { "type": "Polygon", "coordinates": [ [ [ 19.17250585, 52.55079476 ], [ 19.1670842, 51.98270463 ], [ 20.03628203, 51.70374321 ], [ 20.91905668, 51.99031374 ], [ 20.93926391, 52.55868184 ], [ 20.06190264, 52.84026629 ], [ 19.17250585, 52.55079476 ] ] ] } },
{ "type": "Feature", "properties": { "id": 66 }, "geometry": { "type": "Polygon", "coordinates": [ [ [ 19.18933346, 54.22465218 ], [ 19.18362806, 53.67180671 ], [ 20.07504119, 53.40094272 ], [ 20.98071822, 53.68020609 ], [ 21.00198327, 54.23328591 ], [ 20.10200326, 54.50693452 ], [ 19.18933346, 54.22465218 ] ] ] } },
{ "type": "Feature", "properties": { "id": 67 }, "geometry": { "type": "Polygon", "coordinates": [ [ [ 21.86591799, 53.39583473 ], [ 21.83760574, 52.8350527 ], [ 22.70808927, 52.5402279 ], [ 23.61366933, 52.80331484 ], [ 23.65710617, 53.36390144 ], [ 22.77986553, 53.66166209 ], [ 21.86591799, 53.39583473 ] ] ] } },
{ "type": "Feature", "properties": { "id": 68 }, "geometry": { "type": "Polygon", "coordinates": [ [ [ 20.87963932, 50.83859151 ], [ 20.86041294, 50.25534224 ], [ 21.7029406, 49.95580621 ], [ 22.57155115, 50.23692458 ], [ 22.60484482, 50.82018253 ], [ 21.7554729, 51.1223767 ], [ 20.87963932, 50.83859151 ] ] ] } },
{ "type": "Feature", "properties": { "id": 69 }, "geometry": { "type": "Polygon", "coordinates": [ [ [ 20.87963932, 50.83859151 ], [ 20.86041294, 50.25534224 ], [ 21.7029406, 49.95580621 ], [ 22.57155115, 50.23692458 ], [ 22.60484482, 50.82018253 ], [ 21.7554729, 51.1223767 ], [ 20.87963932, 50.83859151 ] ] ] } },
{ "type": "Feature", "properties": { "id": 70 }, "geometry": { "type": "Polygon", "coordinates": [ [ [ 20.87963932, 50.83859151 ], [ 20.86041294, 50.25534224 ], [ 21.7029406, 49.95580621 ], [ 22.57155115, 50.23692458 ], [ 22.60484482, 50.82018253 ], [ 21.7554729, 51.1223767 ], [ 20.87963932, 50.83859151 ] ] ] } },
{ "type": "Feature", "properties": { "id": 71 }, "geometry": { "type": "Polygon", "coordinates": [ [ [ 17.38234557, 54.18894285 ], [ 17.39211441, 53.636628 ], [ 18.28796724, 53.37932209 ], [ 19.18362806, 53.67180671 ], [ 19.18933346, 54.22465218 ], [ 18.2838708, 54.48454826 ], [ 17.38234557, 54.18894285 ] ] ] } },
{ "type": "Feature", "properties": { "id": 72 }, "geometry": { "type": "Polygon", "coordinates": [ [ [ 17.38234557, 54.18894285 ], [ 17.39211441, 53.636628 ], [ 18.28796724, 53.37932209 ], [ 19.18362806, 53.67180671 ], [ 19.18933346, 54.22465218 ], [ 18.2838708, 54.48454826 ], [ 17.38234557, 54.18894285 ] ] ] } },
{ "type": "Feature", "properties": { "id": 73 }, "geometry": { "type": "Polygon", "coordinates": [ [ [ 17.38234557, 54.18894285 ], [ 17.39211441, 53.636628 ], [ 18.28796724, 53.37932209 ], [ 19.18362806, 53.67180671 ], [ 19.18933346, 54.22465218 ], [ 18.2838708, 54.48454826 ], [ 17.38234557, 54.18894285 ] ] ] } },
{ "type": "Feature", "properties": { "id": 74 }, "geometry": { "type": "Polygon", "coordinates": [ [ [ 15.58456386, 54.12645786 ], [ 15.60963136, 53.57496623 ], [ 16.50814335, 53.33120219 ], [ 17.39211441, 53.636628 ], [ 17.38234557, 54.18894285 ], [ 16.47325019, 54.43507326 ], [ 15.58456386, 54.12645786 ] ] ] } },
{ "type": "Feature", "properties": { "id": 75 }, "geometry": { "type": "Polygon", "coordinates": [ [ [ 15.58456386, 54.12645786 ], [ 15.60963136, 53.57496623 ], [ 16.50814335, 53.33120219 ], [ 17.39211441, 53.636628 ], [ 17.38234557, 54.18894285 ], [ 16.47325019, 54.43507326 ], [ 15.58456386, 54.12645786 ] ] ] } },
{ "type": "Feature", "properties": { "id": 76 }, "geometry": { "type": "Polygon", "coordinates": [ [ [ 16.45534687, 54.97931537 ], [ 16.47325019, 54.43507326 ], [ 17.38234557, 54.18894285 ], [ 18.2838708, 54.48454826 ], [ 18.28176879, 55.02944136 ], [ 17.36229319, 55.27814417 ], [ 16.45534687, 54.97931537 ] ] ] } },
{ "type": "Feature", "properties": { "id": 77 }, "geometry": { "type": "Polygon", "coordinates": [ [ [ 17.38234557, 54.18894285 ], [ 17.39211441, 53.636628 ], [ 18.28796724, 53.37932209 ], [ 19.18362806, 53.67180671 ], [ 19.18933346, 54.22465218 ], [ 18.2838708, 54.48454826 ], [ 17.38234557, 54.18894285 ] ] ] } },
{ "type": "Feature", "properties": { "id": 53 }, "geometry": { "type": "Polygon", "coordinates": [ [ [ 15.65850624, 52.45676979 ], [ 15.68233455, 51.89014192 ], [ 16.55831294, 51.63743695 ], [ 17.42044306, 51.94921901 ], [ 17.41115904, 52.51672781 ], [ 16.52514859, 52.77163656 ], [ 15.65850624, 52.45676979 ] ] ] } },
{ "type": "Feature", "properties": { "id": 54 }, "geometry": { "type": "Polygon", "coordinates": [ [ [ 15.65850624, 52.45676979 ], [ 15.68233455, 51.89014192 ], [ 16.55831294, 51.63743695 ], [ 17.42044306, 51.94921901 ], [ 17.41115904, 52.51672781 ], [ 16.52514859, 52.77163656 ], [ 15.65850624, 52.45676979 ] ] ] } },
{ "type": "Feature", "properties": { "id": 55 }, "geometry": { "type": "Polygon", "coordinates": [ [ [ 16.50814335, 53.33120219 ], [ 16.52514859, 52.77163656 ], [ 17.41115904, 52.51672781 ], [ 18.28996349, 52.819052 ], [ 18.28796724, 53.37932209 ], [ 17.39211441, 53.636628 ], [ 16.50814335, 53.33120219 ] ] ] } },
{ "type": "Feature", "properties": { "id": 56 }, "geometry": { "type": "Polygon", "coordinates": [ [ [ 17.38234557, 54.18894285 ], [ 17.39211441, 53.636628 ], [ 18.28796724, 53.37932209 ], [ 19.18362806, 53.67180671 ], [ 19.18933346, 54.22465218 ], [ 18.2838708, 54.48454826 ], [ 17.38234557, 54.18894285 ] ] ] } },
{ "type": "Feature", "properties": { "id": 78 }, "geometry": { "type": "Polygon", "coordinates": [ [ [ 17.38234557, 54.18894285 ], [ 17.39211441, 53.636628 ], [ 18.28796724, 53.37932209 ], [ 19.18362806, 53.67180671 ], [ 19.18933346, 54.22465218 ], [ 18.2838708, 54.48454826 ], [ 17.38234557, 54.18894285 ] ] ] } },
{ "type": "Feature", "properties": { "id": 79 }, "geometry": { "type": "Polygon", "coordinates": [ [ [ 19.18933346, 54.22465218 ], [ 19.18362806, 53.67180671 ], [ 20.07504119, 53.40094272 ], [ 20.98071822, 53.68020609 ], [ 21.00198327, 54.23328591 ], [ 20.10200326, 54.50693452 ], [ 19.18933346, 54.22465218 ] ] ] } },
{ "type": "Feature", "properties": { "id": 80 }, "geometry": { "type": "Polygon", "coordinates": [ [ [ 17.38234557, 54.18894285 ], [ 17.39211441, 53.636628 ], [ 18.28796724, 53.37932209 ], [ 19.18362806, 53.67180671 ], [ 19.18933346, 54.22465218 ], [ 18.2838708, 54.48454826 ], [ 17.38234557, 54.18894285 ] ] ] } },
{ "type": "Feature", "properties": { "id": 81 }, "geometry": { "type": "Polygon", "coordinates": [ [ [ 17.38234557, 54.18894285 ], [ 17.39211441, 53.636628 ], [ 18.28796724, 53.37932209 ], [ 19.18362806, 53.67180671 ], [ 19.18933346, 54.22465218 ], [ 18.2838708, 54.48454826 ], [ 17.38234557, 54.18894285 ] ] ] } },
{ "type": "Feature", "properties": { "id": 82 }, "geometry": { "type": "Polygon", "coordinates": [ [ [ 17.38234557, 54.18894285 ], [ 17.39211441, 53.636628 ], [ 18.28796724, 53.37932209 ], [ 19.18362806, 53.67180671 ], [ 19.18933346, 54.22465218 ], [ 18.2838708, 54.48454826 ], [ 17.38234557, 54.18894285 ] ] ] } },
{ "type": "Feature", "properties": { "id": 83 }, "geometry": { "type": "Polygon", "coordinates": [ [ [ 16.45534687, 54.97931537 ], [ 16.47325019, 54.43507326 ], [ 17.38234557, 54.18894285 ], [ 18.2838708, 54.48454826 ], [ 18.28176879, 55.02944136 ], [ 17.36229319, 55.27814417 ], [ 16.45534687, 54.97931537 ] ] ] } },
{ "type": "Feature", "properties": { "id": 84 }, "geometry": { "type": "Polygon", "coordinates": [ [ [ 16.45534687, 54.97931537 ], [ 16.47325019, 54.43507326 ], [ 17.38234557, 54.18894285 ], [ 18.2838708, 54.48454826 ], [ 18.28176879, 55.02944136 ], [ 17.36229319, 55.27814417 ], [ 16.45534687, 54.97931537 ] ] ] } },
{ "type": "Feature", "properties": { "id": 85 }, "geometry": { "type": "Polygon", "coordinates": [ [ [ 18.28176879, 55.02944136 ], [ 18.2838708, 54.48454826 ], [ 19.18933346, 54.22465218 ], [ 20.10200326, 54.50693452 ], [ 20.1158388, 55.05218709 ], [ 19.20104552, 55.31486493 ], [ 18.28176879, 55.02944136 ] ] ] } },
{ "type": "Feature", "properties": { "id": 86 }, "geometry": { "type": "Polygon", "coordinates": [ [ [ 18.28176879, 55.02944136 ], [ 18.2838708, 54.48454826 ], [ 19.18933346, 54.22465218 ], [ 20.10200326, 54.50693452 ], [ 20.1158388, 55.05218709 ], [ 19.20104552, 55.31486493 ], [ 18.28176879, 55.02944136 ] ] ] } },
{ "type": "Feature", "properties": { "id": 87 }, "geometry": { "type": "Polygon", "coordinates": [ [ [ 18.28176879, 55.02944136 ], [ 18.2838708, 54.48454826 ], [ 19.18933346, 54.22465218 ], [ 20.10200326, 54.50693452 ], [ 20.1158388, 55.05218709 ], [ 19.20104552, 55.31486493 ], [ 18.28176879, 55.02944136 ] ] ] } },
{ "type": "Feature", "properties": { "id": 93 }, "geometry": { "type": "Polygon", "coordinates": [ [ [ 22.70808927, 52.5402279 ], [ 22.67309986, 51.97188672 ], [ 23.52895882, 51.66689912 ], [ 24.42592995, 51.92739197 ], [ 24.47561443, 52.49540206 ], [ 23.61366933, 52.80331484 ], [ 22.70808927, 52.5402279 ] ] ] } },
{ "type": "Feature", "properties": { "id": 94 }, "geometry": { "type": "Polygon", "coordinates": [ [ [ 18.29945871, 49.94280103 ], [ 18.30126603, 49.35293806 ], [ 19.14128109, 49.0683652 ], [ 19.98751859, 49.37138267 ], [ 19.99941231, 49.96174676 ], [ 19.15134983, 50.24865424 ], [ 18.29945871, 49.94280103 ] ] ] } },
{ "type": "Feature", "properties": { "id": 95 }, "geometry": { "type": "Polygon", "coordinates": [ [ [ 21.7029406, 49.95580621 ], [ 21.67730912, 49.36525738 ], [ 22.50656483, 49.05589699 ], [ 23.36770506, 49.33446914 ], [ 23.40703884, 49.9248856 ], [ 22.57155115, 50.23692458 ], [ 21.7029406, 49.95580621 ] ] ] } },
{ "type": "Feature", "properties": { "id": 96 }, "geometry": { "type": "Polygon", "coordinates": [ [ [ 20.93926391, 52.55868184 ], [ 20.91905668, 51.99031374 ], [ 21.78239484, 51.69827848 ], [ 22.67309986, 51.97188672 ], [ 22.70808927, 52.5402279 ], [ 21.83760574, 52.8350527 ], [ 20.93926391, 52.55868184 ] ] ] } },
{ "type": "Feature", "properties": { "id": 97 }, "geometry": { "type": "Polygon", "coordinates": [ [ [ 17.43855404, 50.79931026 ], [ 17.44738844, 50.21701519 ], [ 18.29945871, 49.94280103 ], [ 19.15134983, 50.24865424 ], [ 19.15650838, 50.83158197 ], [ 18.29575461, 51.10808629 ], [ 17.43855404, 50.79931026 ] ] ] } },
{ "type": "Feature", "properties": { "id": 98 }, "geometry": { "type": "Polygon", "coordinates": [ [ [ 21.7029406, 49.95580621 ], [ 21.67730912, 49.36525738 ], [ 22.50656483, 49.05589699 ], [ 23.36770506, 49.33446914 ], [ 23.40703884, 49.9248856 ], [ 22.57155115, 50.23692458 ], [ 21.7029406, 49.95580621 ] ] ] } },
{ "type": "Feature", "properties": { "id": 99 }, "geometry": { "type": "Polygon", "coordinates": [ [ [ 18.28796724, 53.37932209 ], [ 18.28996349, 52.819052 ], [ 19.17250585, 52.55079476 ], [ 20.06190264, 52.84026629 ], [ 20.07504119, 53.40094272 ], [ 19.18362806, 53.67180671 ], [ 18.28796724, 53.37932209 ] ] ] } },
{ "type": "Feature", "properties": { "id": 100 }, "geometry": { "type": "Polygon", "coordinates": [ [ [ 22.60484482, 50.82018253 ], [ 22.57155115, 50.23692458 ], [ 23.40703884, 49.9248856 ], [ 24.28171575, 50.193368 ], [ 24.32900034, 50.77632225 ], [ 23.48764963, 51.09116066 ], [ 22.60484482, 50.82018253 ] ] ] } },
{ "type": "Feature", "properties": { "id": 101 }, "geometry": { "type": "Polygon", "coordinates": [ [ [ 20.93926391, 52.55868184 ], [ 20.91905668, 51.99031374 ], [ 21.78239484, 51.69827848 ], [ 22.67309986, 51.97188672 ], [ 22.70808927, 52.5402279 ], [ 21.83760574, 52.8350527 ], [ 20.93926391, 52.55868184 ] ] ] } },
{ "type": "Feature", "properties": { "id": 102 }, "geometry": { "type": "Polygon", "coordinates": [ [ [ 18.29945871, 49.94280103 ], [ 18.30126603, 49.35293806 ], [ 19.14128109, 49.0683652 ], [ 19.98751859, 49.37138267 ], [ 19.99941231, 49.96174676 ], [ 19.15134983, 50.24865424 ], [ 18.29945871, 49.94280103 ] ] ] } },
{ "type": "Feature", "properties": { "id": 103 }, "geometry": { "type": "Polygon", "coordinates": [ [ [ 19.15650838, 50.83158197 ], [ 19.15134983, 50.24865424 ], [ 19.99941231, 49.96174676 ], [ 20.86041294, 50.25534224 ], [ 20.87963932, 50.83859151 ], [ 20.02378912, 51.12798689 ], [ 19.15650838, 50.83158197 ] ] ] } },
{ "type": "Feature", "properties": { "id": 104 }, "geometry": { "type": "Polygon", "coordinates": [ [ [ 21.7029406, 49.95580621 ], [ 21.67730912, 49.36525738 ], [ 22.50656483, 49.05589699 ], [ 23.36770506, 49.33446914 ], [ 23.40703884, 49.9248856 ], [ 22.57155115, 50.23692458 ], [ 21.7029406, 49.95580621 ] ] ] } },
{ "type": "Feature", "properties": { "id": 105 }, "geometry": { "type": "Polygon", "coordinates": [ [ [ 22.60484482, 50.82018253 ], [ 22.57155115, 50.23692458 ], [ 23.40703884, 49.9248856 ], [ 24.28171575, 50.193368 ], [ 24.32900034, 50.77632225 ], [ 23.48764963, 51.09116066 ], [ 22.60484482, 50.82018253 ] ] ] } },
{ "type": "Feature", "properties": { "id": 106 }, "geometry": { "type": "Polygon", "coordinates": [ [ [ 22.60484482, 50.82018253 ], [ 22.57155115, 50.23692458 ], [ 23.40703884, 49.9248856 ], [ 24.28171575, 50.193368 ], [ 24.32900034, 50.77632225 ], [ 23.48764963, 51.09116066 ], [ 22.60484482, 50.82018253 ] ] ] } },
{ "type": "Feature", "properties": { "id": 107 }, "geometry": { "type": "Polygon", "coordinates": [ [ [ 19.17250585, 52.55079476 ], [ 19.1670842, 51.98270463 ], [ 20.03628203, 51.70374321 ], [ 20.91905668, 51.99031374 ], [ 20.93926391, 52.55868184 ], [ 20.06190264, 52.84026629 ], [ 19.17250585, 52.55079476 ] ] ] } },
{ "type": "Feature", "properties": { "id": 115 }, "geometry": { "type": "Polygon", "coordinates": [ [ [ 17.43855404, 50.79931026 ], [ 17.44738844, 50.21701519 ], [ 18.29945871, 49.94280103 ], [ 19.15134983, 50.24865424 ], [ 19.15650838, 50.83158197 ], [ 18.29575461, 51.10808629 ], [ 17.43855404, 50.79931026 ] ] ] } },
{ "type": "Feature", "properties": { "id": 116 }, "geometry": { "type": "Polygon", "coordinates": [ [ [ 17.41115904, 52.51672781 ], [ 17.42044306, 51.94921901 ], [ 18.29385635, 51.6833889 ], [ 19.1670842, 51.98270463 ], [ 19.17250585, 52.55079476 ], [ 18.28996349, 52.819052 ], [ 17.41115904, 52.51672781 ] ] ] } },
{ "type": "Feature", "properties": { "id": 117 }, "geometry": { "type": "Polygon", "coordinates": [ [ [ 13.91773302, 52.37133269 ], [ 13.95586621, 51.80587945 ], [ 14.83277142, 51.56623118 ], [ 15.68233455, 51.89014192 ], [ 15.65850624, 52.45676979 ], [ 14.77073743, 52.69837346 ], [ 13.91773302, 52.37133269 ] ] ] } },
{ "type": "Feature", "properties": { "id": 118 }, "geometry": { "type": "Polygon", "coordinates": [ [ [ 17.43855404, 50.79931026 ], [ 17.44738844, 50.21701519 ], [ 18.29945871, 49.94280103 ], [ 19.15134983, 50.24865424 ], [ 19.15650838, 50.83158197 ], [ 18.29575461, 51.10808629 ], [ 17.43855404, 50.79931026 ] ] ] } },
{ "type": "Feature", "properties": { "id": 119 }, "geometry": { "type": "Polygon", "coordinates": [ [ [ 17.43855404, 50.79931026 ], [ 17.44738844, 50.21701519 ], [ 18.29945871, 49.94280103 ], [ 19.15134983, 50.24865424 ], [ 19.15650838, 50.83158197 ], [ 18.29575461, 51.10808629 ], [ 17.43855404, 50.79931026 ] ] ] } },
{ "type": "Feature", "properties": { "id": 120 }, "geometry": { "type": "Polygon", "coordinates": [ [ [ 17.43855404, 50.79931026 ], [ 17.44738844, 50.21701519 ], [ 18.29945871, 49.94280103 ], [ 19.15134983, 50.24865424 ], [ 19.15650838, 50.83158197 ], [ 18.29575461, 51.10808629 ], [ 17.43855404, 50.79931026 ] ] ] } },
{ "type": "Feature", "properties": { "id": 121 }, "geometry": { "type": "Polygon", "coordinates": [ [ [ 21.78239484, 51.69827848 ], [ 21.7554729, 51.1223767 ], [ 22.60484482, 50.82018253 ], [ 23.48764963, 51.09116066 ], [ 23.52895882, 51.66689912 ], [ 22.67309986, 51.97188672 ], [ 21.78239484, 51.69827848 ] ] ] } },
{ "type": "Feature", "properties": { "id": 122 }, "geometry": { "type": "Polygon", "coordinates": [ [ [ 19.17250585, 52.55079476 ], [ 19.1670842, 51.98270463 ], [ 20.03628203, 51.70374321 ], [ 20.91905668, 51.99031374 ], [ 20.93926391, 52.55868184 ], [ 20.06190264, 52.84026629 ], [ 19.17250585, 52.55079476 ] ] ] } },
{ "type": "Feature", "properties": { "id": 123 }, "geometry": { "type": "Polygon", "coordinates": [ [ [ 18.29385635, 51.6833889 ], [ 18.29575461, 51.10808629 ], [ 19.15650838, 50.83158197 ], [ 20.02378912, 51.12798689 ], [ 20.03628203, 51.70374321 ], [ 19.1670842, 51.98270463 ], [ 18.29385635, 51.6833889 ] ] ] } },
{ "type": "Feature", "properties": { "id": 124 }, "geometry": { "type": "Polygon", "coordinates": [ [ [ 19.17250585, 52.55079476 ], [ 19.1670842, 51.98270463 ], [ 20.03628203, 51.70374321 ], [ 20.91905668, 51.99031374 ], [ 20.93926391, 52.55868184 ], [ 20.06190264, 52.84026629 ], [ 19.17250585, 52.55079476 ] ] ] } },
{ "type": "Feature", "properties": { "id": 125 }, "geometry": { "type": "Polygon", "coordinates": [ [ [ 19.15650838, 50.83158197 ], [ 19.15134983, 50.24865424 ], [ 19.99941231, 49.96174676 ], [ 20.86041294, 50.25534224 ], [ 20.87963932, 50.83859151 ], [ 20.02378912, 51.12798689 ], [ 19.15650838, 50.83158197 ] ] ] } },
{ "type": "Feature", "properties": { "id": 88 }, "geometry": { "type": "Polygon", "coordinates": [ [ [ 18.28176879, 55.02944136 ], [ 18.2838708, 54.48454826 ], [ 19.18933346, 54.22465218 ], [ 20.10200326, 54.50693452 ], [ 20.1158388, 55.05218709 ], [ 19.20104552, 55.31486493 ], [ 18.28176879, 55.02944136 ] ] ] } },
{ "type": "Feature", "properties": { "id": 89 }, "geometry": { "type": "Polygon", "coordinates": [ [ [ 16.45534687, 54.97931537 ], [ 16.47325019, 54.43507326 ], [ 17.38234557, 54.18894285 ], [ 18.2838708, 54.48454826 ], [ 18.28176879, 55.02944136 ], [ 17.36229319, 55.27814417 ], [ 16.45534687, 54.97931537 ] ] ] } },
{ "type": "Feature", "properties": { "id": 90 }, "geometry": { "type": "Polygon", "coordinates": [ [ [ 19.18933346, 54.22465218 ], [ 19.18362806, 53.67180671 ], [ 20.07504119, 53.40094272 ], [ 20.98071822, 53.68020609 ], [ 21.00198327, 54.23328591 ], [ 20.10200326, 54.50693452 ], [ 19.18933346, 54.22465218 ] ] ] } },
{ "type": "Feature", "properties": { "id": 91 }, "geometry": { "type": "Polygon", "coordinates": [ [ [ 19.15650838, 50.83158197 ], [ 19.15134983, 50.24865424 ], [ 19.99941231, 49.96174676 ], [ 20.86041294, 50.25534224 ], [ 20.87963932, 50.83859151 ], [ 20.02378912, 51.12798689 ], [ 19.15650838, 50.83158197 ] ] ] } },
{ "type": "Feature", "properties": { "id": 92 }, "geometry": { "type": "Polygon", "coordinates": [ [ [ 18.28796724, 53.37932209 ], [ 18.28996349, 52.819052 ], [ 19.17250585, 52.55079476 ], [ 20.06190264, 52.84026629 ], [ 20.07504119, 53.40094272 ], [ 19.18362806, 53.67180671 ], [ 18.28796724, 53.37932209 ] ] ] } },
{ "type": "Feature", "properties": { "id": 112 }, "geometry": { "type": "Polygon", "coordinates": [ [ [ 16.55831294, 51.63743695 ], [ 16.57448598, 51.06289358 ], [ 17.43855404, 50.79931026 ], [ 18.29575461, 51.10808629 ], [ 18.29385635, 51.6833889 ], [ 17.42044306, 51.94921901 ], [ 16.55831294, 51.63743695 ] ] ] } },
{ "type": "Feature", "properties": { "id": 113 }, "geometry": { "type": "Polygon", "coordinates": [ [ [ 15.58456386, 54.12645786 ], [ 15.60963136, 53.57496623 ], [ 16.50814335, 53.33120219 ], [ 17.39211441, 53.636628 ], [ 17.38234557, 54.18894285 ], [ 16.47325019, 54.43507326 ], [ 15.58456386, 54.12645786 ] ] ] } },
{ "type": "Feature", "properties": { "id": 114 }, "geometry": { "type": "Polygon", "coordinates": [ [ [ 17.43855404, 50.79931026 ], [ 17.44738844, 50.21701519 ], [ 18.29945871, 49.94280103 ], [ 19.15134983, 50.24865424 ], [ 19.15650838, 50.83158197 ], [ 18.29575461, 51.10808629 ], [ 17.43855404, 50.79931026 ] ] ] } },
{ "type": "Feature", "properties": { "id": 108 }, "geometry": { "type": "Polygon", "coordinates": [ [ [ 20.07504119, 53.40094272 ], [ 20.06190264, 52.84026629 ], [ 20.93926391, 52.55868184 ], [ 21.83760574, 52.8350527 ], [ 21.86591799, 53.39583473 ], [ 20.98071822, 53.68020609 ], [ 20.07504119, 53.40094272 ] ] ] } },
{ "type": "Feature", "properties": { "id": 109 }, "geometry": { "type": "Polygon", "coordinates": [ [ [ 18.29945871, 49.94280103 ], [ 18.30126603, 49.35293806 ], [ 19.14128109, 49.0683652 ], [ 19.98751859, 49.37138267 ], [ 19.99941231, 49.96174676 ], [ 19.15134983, 50.24865424 ], [ 18.29945871, 49.94280103 ] ] ] } },
{ "type": "Feature", "properties": { "id": 110 }, "geometry": { "type": "Polygon", "coordinates": [ [ [ 17.43855404, 50.79931026 ], [ 17.44738844, 50.21701519 ], [ 18.29945871, 49.94280103 ], [ 19.15134983, 50.24865424 ], [ 19.15650838, 50.83158197 ], [ 18.29575461, 51.10808629 ], [ 17.43855404, 50.79931026 ] ] ] } },
{ "type": "Feature", "properties": { "id": 111 }, "geometry": { "type": "Polygon", "coordinates": [ [ [ 18.28796724, 53.37932209 ], [ 18.28996349, 52.819052 ], [ 19.17250585, 52.55079476 ], [ 20.06190264, 52.84026629 ], [ 20.07504119, 53.40094272 ], [ 19.18362806, 53.67180671 ], [ 18.28796724, 53.37932209 ] ] ] } },
{ "type": "Feature", "properties": { "id": 126 }, "geometry": { "type": "Polygon", "coordinates": [ [ [ 17.43855404, 50.79931026 ], [ 17.44738844, 50.21701519 ], [ 18.29945871, 49.94280103 ], [ 19.15134983, 50.24865424 ], [ 19.15650838, 50.83158197 ], [ 18.29575461, 51.10808629 ], [ 17.43855404, 50.79931026 ] ] ] } },
{ "type": "Feature", "properties": { "id": 127 }, "geometry": { "type": "Polygon", "coordinates": [ [ [ 21.78239484, 51.69827848 ], [ 21.7554729, 51.1223767 ], [ 22.60484482, 50.82018253 ], [ 23.48764963, 51.09116066 ], [ 23.52895882, 51.66689912 ], [ 22.67309986, 51.97188672 ], [ 21.78239484, 51.69827848 ] ] ] } },
{ "type": "Feature", "properties": { "id": 128 }, "geometry": { "type": "Polygon", "coordinates": [ [ [ 18.29945871, 49.94280103 ], [ 18.30126603, 49.35293806 ], [ 19.14128109, 49.0683652 ], [ 19.98751859, 49.37138267 ], [ 19.99941231, 49.96174676 ], [ 19.15134983, 50.24865424 ], [ 18.29945871, 49.94280103 ] ] ] } },
{ "type": "Feature", "properties": { "id": 129 }, "geometry": { "type": "Polygon", "coordinates": [ [ [ 18.29945871, 49.94280103 ], [ 18.30126603, 49.35293806 ], [ 19.14128109, 49.0683652 ], [ 19.98751859, 49.37138267 ], [ 19.99941231, 49.96174676 ], [ 19.15134983, 50.24865424 ], [ 18.29945871, 49.94280103 ] ] ] } },
{ "type": "Feature", "properties": { "id": 130 }, "geometry": { "type": "Polygon", "coordinates": [ [ [ 15.65850624, 52.45676979 ], [ 15.68233455, 51.89014192 ], [ 16.55831294, 51.63743695 ], [ 17.42044306, 51.94921901 ], [ 17.41115904, 52.51672781 ], [ 16.52514859, 52.77163656 ], [ 15.65850624, 52.45676979 ] ] ] } },
{ "type": "Feature", "properties": { "id": 131 }, "geometry": { "type": "Polygon", "coordinates": [ [ [ 17.41115904, 52.51672781 ], [ 17.42044306, 51.94921901 ], [ 18.29385635, 51.6833889 ], [ 19.1670842, 51.98270463 ], [ 19.17250585, 52.55079476 ], [ 18.28996349, 52.819052 ], [ 17.41115904, 52.51672781 ] ] ] } },
{ "type": "Feature", "properties": { "id": 132 }, "geometry": { "type": "Polygon", "coordinates": [ [ [ 18.29385635, 51.6833889 ], [ 18.29575461, 51.10808629 ], [ 19.15650838, 50.83158197 ], [ 20.02378912, 51.12798689 ], [ 20.03628203, 51.70374321 ], [ 19.1670842, 51.98270463 ], [ 18.29385635, 51.6833889 ] ] ] } },
{ "type": "Feature", "properties": { "id": 133 }, "geometry": { "type": "Polygon", "coordinates": [ [ [ 20.93926391, 52.55868184 ], [ 20.91905668, 51.99031374 ], [ 21.78239484, 51.69827848 ], [ 22.67309986, 51.97188672 ], [ 22.70808927, 52.5402279 ], [ 21.83760574, 52.8350527 ], [ 20.93926391, 52.55868184 ] ] ] } },
{ "type": "Feature", "properties": { "id": 134 }, "geometry": { "type": "Polygon", "coordinates": [ [ [ 18.29945871, 49.94280103 ], [ 18.30126603, 49.35293806 ], [ 19.14128109, 49.0683652 ], [ 19.98751859, 49.37138267 ], [ 19.99941231, 49.96174676 ], [ 19.15134983, 50.24865424 ], [ 18.29945871, 49.94280103 ] ] ] } },
{ "type": "Feature", "properties": { "id": 135 }, "geometry": { "type": "Polygon", "coordinates": [ [ [ 20.03628203, 51.70374321 ], [ 20.02378912, 51.12798689 ], [ 20.87963932, 50.83859151 ], [ 21.7554729, 51.1223767 ], [ 21.78239484, 51.69827848 ], [ 20.91905668, 51.99031374 ], [ 20.03628203, 51.70374321 ] ] ] } },
{ "type": "Feature", "properties": { "id": 136 }, "geometry": { "type": "Polygon", "coordinates": [ [ [ 20.03628203, 51.70374321 ], [ 20.02378912, 51.12798689 ], [ 20.87963932, 50.83859151 ], [ 21.7554729, 51.1223767 ], [ 21.78239484, 51.69827848 ], [ 20.91905668, 51.99031374 ], [ 20.03628203, 51.70374321 ] ] ] } },
{ "type": "Feature", "properties": { "id": 137 }, "geometry": { "type": "Polygon", "coordinates": [ [ [ 19.17250585, 52.55079476 ], [ 19.1670842, 51.98270463 ], [ 20.03628203, 51.70374321 ], [ 20.91905668, 51.99031374 ], [ 20.93926391, 52.55868184 ], [ 20.06190264, 52.84026629 ], [ 19.17250585, 52.55079476 ] ] ] } },
{ "type": "Feature", "properties": { "id": 141 }, "geometry": { "type": "Polygon", "coordinates": [ [ [ 17.43855404, 50.79931026 ], [ 17.44738844, 50.21701519 ], [ 18.29945871, 49.94280103 ], [ 19.15134983, 50.24865424 ], [ 19.15650838, 50.83158197 ], [ 18.29575461, 51.10808629 ], [ 17.43855404, 50.79931026 ] ] ] } },
{ "type": "Feature", "properties": { "id": 142 }, "geometry": { "type": "Polygon", "coordinates": [ [ [ 18.29945871, 49.94280103 ], [ 18.30126603, 49.35293806 ], [ 19.14128109, 49.0683652 ], [ 19.98751859, 49.37138267 ], [ 19.99941231, 49.96174676 ], [ 19.15134983, 50.24865424 ], [ 18.29945871, 49.94280103 ] ] ] } },
{ "type": "Feature", "properties": { "id": 143 }, "geometry": { "type": "Polygon", "coordinates": [ [ [ 18.29945871, 49.94280103 ], [ 18.30126603, 49.35293806 ], [ 19.14128109, 49.0683652 ], [ 19.98751859, 49.37138267 ], [ 19.99941231, 49.96174676 ], [ 19.15134983, 50.24865424 ], [ 18.29945871, 49.94280103 ] ] ] } },
{ "type": "Feature", "properties": { "id": 144 }, "geometry": { "type": "Polygon", "coordinates": [ [ [ 18.29945871, 49.94280103 ], [ 18.30126603, 49.35293806 ], [ 19.14128109, 49.0683652 ], [ 19.98751859, 49.37138267 ], [ 19.99941231, 49.96174676 ], [ 19.15134983, 50.24865424 ], [ 18.29945871, 49.94280103 ] ] ] } },
{ "type": "Feature", "properties": { "id": 145 }, "geometry": { "type": "Polygon", "coordinates": [ [ [ 18.29945871, 49.94280103 ], [ 18.30126603, 49.35293806 ], [ 19.14128109, 49.0683652 ], [ 19.98751859, 49.37138267 ], [ 19.99941231, 49.96174676 ], [ 19.15134983, 50.24865424 ], [ 18.29945871, 49.94280103 ] ] ] } },
{ "type": "Feature", "properties": { "id": 146 }, "geometry": { "type": "Polygon", "coordinates": [ [ [ 17.43855404, 50.79931026 ], [ 17.44738844, 50.21701519 ], [ 18.29945871, 49.94280103 ], [ 19.15134983, 50.24865424 ], [ 19.15650838, 50.83158197 ], [ 18.29575461, 51.10808629 ], [ 17.43855404, 50.79931026 ] ] ] } },
{ "type": "Feature", "properties": { "id": 147 }, "geometry": { "type": "Polygon", "coordinates": [ [ [ 17.43855404, 50.79931026 ], [ 17.44738844, 50.21701519 ], [ 18.29945871, 49.94280103 ], [ 19.15134983, 50.24865424 ], [ 19.15650838, 50.83158197 ], [ 18.29575461, 51.10808629 ], [ 17.43855404, 50.79931026 ] ] ] } },
{ "type": "Feature", "properties": { "id": 148 }, "geometry": { "type": "Polygon", "coordinates": [ [ [ 19.15650838, 50.83158197 ], [ 19.15134983, 50.24865424 ], [ 19.99941231, 49.96174676 ], [ 20.86041294, 50.25534224 ], [ 20.87963932, 50.83859151 ], [ 20.02378912, 51.12798689 ], [ 19.15650838, 50.83158197 ] ] ] } },
{ "type": "Feature", "properties": { "id": 149 }, "geometry": { "type": "Polygon", "coordinates": [ [ [ 19.15650838, 50.83158197 ], [ 19.15134983, 50.24865424 ], [ 19.99941231, 49.96174676 ], [ 20.86041294, 50.25534224 ], [ 20.87963932, 50.83859151 ], [ 20.02378912, 51.12798689 ], [ 19.15650838, 50.83158197 ] ] ] } },
{ "type": "Feature", "properties": { "id": 150 }, "geometry": { "type": "Polygon", "coordinates": [ [ [ 19.15650838, 50.83158197 ], [ 19.15134983, 50.24865424 ], [ 19.99941231, 49.96174676 ], [ 20.86041294, 50.25534224 ], [ 20.87963932, 50.83859151 ], [ 20.02378912, 51.12798689 ], [ 19.15650838, 50.83158197 ] ] ] } },
{ "type": "Feature", "properties": { "id": 151 }, "geometry": { "type": "Polygon", "coordinates": [ [ [ 17.43855404, 50.79931026 ], [ 17.44738844, 50.21701519 ], [ 18.29945871, 49.94280103 ], [ 19.15134983, 50.24865424 ], [ 19.15650838, 50.83158197 ], [ 18.29575461, 51.10808629 ], [ 17.43855404, 50.79931026 ] ] ] } },
{ "type": "Feature", "properties": { "id": 152 }, "geometry": { "type": "Polygon", "coordinates": [ [ [ 15.65850624, 52.45676979 ], [ 15.68233455, 51.89014192 ], [ 16.55831294, 51.63743695 ], [ 17.42044306, 51.94921901 ], [ 17.41115904, 52.51672781 ], [ 16.52514859, 52.77163656 ], [ 15.65850624, 52.45676979 ] ] ] } },
{ "type": "Feature", "properties": { "id": 153 }, "geometry": { "type": "Polygon", "coordinates": [ [ [ 13.91773302, 52.37133269 ], [ 13.95586621, 51.80587945 ], [ 14.83277142, 51.56623118 ], [ 15.68233455, 51.89014192 ], [ 15.65850624, 52.45676979 ], [ 14.77073743, 52.69837346 ], [ 13.91773302, 52.37133269 ] ] ] } },
{ "type": "Feature", "properties": { "id": 154 }, "geometry": { "type": "Polygon", "coordinates": [ [ [ 19.15650838, 50.83158197 ], [ 19.15134983, 50.24865424 ], [ 19.99941231, 49.96174676 ], [ 20.86041294, 50.25534224 ], [ 20.87963932, 50.83859151 ], [ 20.02378912, 51.12798689 ], [ 19.15650838, 50.83158197 ] ] ] } },
{ "type": "Feature", "properties": { "id": 155 }, "geometry": { "type": "Polygon", "coordinates": [ [ [ 19.15650838, 50.83158197 ], [ 19.15134983, 50.24865424 ], [ 19.99941231, 49.96174676 ], [ 20.86041294, 50.25534224 ], [ 20.87963932, 50.83859151 ], [ 20.02378912, 51.12798689 ], [ 19.15650838, 50.83158197 ] ] ] } },
{ "type": "Feature", "properties": { "id": 156 }, "geometry": { "type": "Polygon", "coordinates": [ [ [ 19.15650838, 50.83158197 ], [ 19.15134983, 50.24865424 ], [ 19.99941231, 49.96174676 ], [ 20.86041294, 50.25534224 ], [ 20.87963932, 50.83859151 ], [ 20.02378912, 51.12798689 ], [ 19.15650838, 50.83158197 ] ] ] } },
{ "type": "Feature", "properties": { "id": 157 }, "geometry": { "type": "Polygon", "coordinates": [ [ [ 19.17250585, 52.55079476 ], [ 19.1670842, 51.98270463 ], [ 20.03628203, 51.70374321 ], [ 20.91905668, 51.99031374 ], [ 20.93926391, 52.55868184 ], [ 20.06190264, 52.84026629 ], [ 19.17250585, 52.55079476 ] ] ] } },
{ "type": "Feature", "properties": { "id": 158 }, "geometry": { "type": "Polygon", "coordinates": [ [ [ 20.03628203, 51.70374321 ], [ 20.02378912, 51.12798689 ], [ 20.87963932, 50.83859151 ], [ 21.7554729, 51.1223767 ], [ 21.78239484, 51.69827848 ], [ 20.91905668, 51.99031374 ], [ 20.03628203, 51.70374321 ] ] ] } },
{ "type": "Feature", "properties": { "id": 159 }, "geometry": { "type": "Polygon", "coordinates": [ [ [ 20.03628203, 51.70374321 ], [ 20.02378912, 51.12798689 ], [ 20.87963932, 50.83859151 ], [ 21.7554729, 51.1223767 ], [ 21.78239484, 51.69827848 ], [ 20.91905668, 51.99031374 ], [ 20.03628203, 51.70374321 ] ] ] } },
{ "type": "Feature", "properties": { "id": 160 }, "geometry": { "type": "Polygon", "coordinates": [ [ [ 20.03628203, 51.70374321 ], [ 20.02378912, 51.12798689 ], [ 20.87963932, 50.83859151 ], [ 21.7554729, 51.1223767 ], [ 21.78239484, 51.69827848 ], [ 20.91905668, 51.99031374 ], [ 20.03628203, 51.70374321 ] ] ] } },
{ "type": "Feature", "properties": { "id": 161 }, "geometry": { "type": "Polygon", "coordinates": [ [ [ 20.03628203, 51.70374321 ], [ 20.02378912, 51.12798689 ], [ 20.87963932, 50.83859151 ], [ 21.7554729, 51.1223767 ], [ 21.78239484, 51.69827848 ], [ 20.91905668, 51.99031374 ], [ 20.03628203, 51.70374321 ] ] ] } },
{ "type": "Feature", "properties": { "id": 162 }, "geometry": { "type": "Polygon", "coordinates": [ [ [ 20.03628203, 51.70374321 ], [ 20.02378912, 51.12798689 ], [ 20.87963932, 50.83859151 ], [ 21.7554729, 51.1223767 ], [ 21.78239484, 51.69827848 ], [ 20.91905668, 51.99031374 ], [ 20.03628203, 51.70374321 ] ] ] } },
{ "type": "Feature", "properties": { "id": 163 }, "geometry": { "type": "Polygon", "coordinates": [ [ [ 20.03628203, 51.70374321 ], [ 20.02378912, 51.12798689 ], [ 20.87963932, 50.83859151 ], [ 21.7554729, 51.1223767 ], [ 21.78239484, 51.69827848 ], [ 20.91905668, 51.99031374 ], [ 20.03628203, 51.70374321 ] ] ] } },
{ "type": "Feature", "properties": { "id": 164 }, "geometry": { "type": "Polygon", "coordinates": [ [ [ 20.03628203, 51.70374321 ], [ 20.02378912, 51.12798689 ], [ 20.87963932, 50.83859151 ], [ 21.7554729, 51.1223767 ], [ 21.78239484, 51.69827848 ], [ 20.91905668, 51.99031374 ], [ 20.03628203, 51.70374321 ] ] ] } },
{ "type": "Feature", "properties": { "id": 165 }, "geometry": { "type": "Polygon", "coordinates": [ [ [ 17.43855404, 50.79931026 ], [ 17.44738844, 50.21701519 ], [ 18.29945871, 49.94280103 ], [ 19.15134983, 50.24865424 ], [ 19.15650838, 50.83158197 ], [ 18.29575461, 51.10808629 ], [ 17.43855404, 50.79931026 ] ] ] } },
{ "type": "Feature", "properties": { "id": 166 }, "geometry": { "type": "Polygon", "coordinates": [ [ [ 20.87963932, 50.83859151 ], [ 20.86041294, 50.25534224 ], [ 21.7029406, 49.95580621 ], [ 22.57155115, 50.23692458 ], [ 22.60484482, 50.82018253 ], [ 21.7554729, 51.1223767 ], [ 20.87963932, 50.83859151 ] ] ] } },
{ "type": "Feature", "properties": { "id": 167 }, "geometry": { "type": "Polygon", "coordinates": [ [ [ 19.15650838, 50.83158197 ], [ 19.15134983, 50.24865424 ], [ 19.99941231, 49.96174676 ], [ 20.86041294, 50.25534224 ], [ 20.87963932, 50.83859151 ], [ 20.02378912, 51.12798689 ], [ 19.15650838, 50.83158197 ] ] ] } },
{ "type": "Feature", "properties": { "id": 168 }, "geometry": { "type": "Polygon", "coordinates": [ [ [ 20.03628203, 51.70374321 ], [ 20.02378912, 51.12798689 ], [ 20.87963932, 50.83859151 ], [ 21.7554729, 51.1223767 ], [ 21.78239484, 51.69827848 ], [ 20.91905668, 51.99031374 ], [ 20.03628203, 51.70374321 ] ] ] } },
{ "type": "Feature", "properties": { "id": 169 }, "geometry": { "type": "Polygon", "coordinates": [ [ [ 18.29385635, 51.6833889 ], [ 18.29575461, 51.10808629 ], [ 19.15650838, 50.83158197 ], [ 20.02378912, 51.12798689 ], [ 20.03628203, 51.70374321 ], [ 19.1670842, 51.98270463 ], [ 18.29385635, 51.6833889 ] ] ] } },
{ "type": "Feature", "properties": { "id": 170 }, "geometry": { "type": "Polygon", "coordinates": [ [ [ 20.03628203, 51.70374321 ], [ 20.02378912, 51.12798689 ], [ 20.87963932, 50.83859151 ], [ 21.7554729, 51.1223767 ], [ 21.78239484, 51.69827848 ], [ 20.91905668, 51.99031374 ], [ 20.03628203, 51.70374321 ] ] ] } },
{ "type": "Feature", "properties": { "id": 171 }, "geometry": { "type": "Polygon", "coordinates": [ [ [ 19.17250585, 52.55079476 ], [ 19.1670842, 51.98270463 ], [ 20.03628203, 51.70374321 ], [ 20.91905668, 51.99031374 ], [ 20.93926391, 52.55868184 ], [ 20.06190264, 52.84026629 ], [ 19.17250585, 52.55079476 ] ] ] } },
{ "type": "Feature", "properties": { "id": 172 }, "geometry": { "type": "Polygon", "coordinates": [ [ [ 19.99941231, 49.96174676 ], [ 19.98751859, 49.37138267 ], [ 20.82288608, 49.07436692 ], [ 21.67730912, 49.36525738 ], [ 21.7029406, 49.95580621 ], [ 20.86041294, 50.25534224 ], [ 19.99941231, 49.96174676 ] ] ] } },
{ "type": "Feature", "properties": { "id": 173 }, "geometry": { "type": "Polygon", "coordinates": [ [ [ 18.29945871, 49.94280103 ], [ 18.30126603, 49.35293806 ], [ 19.14128109, 49.0683652 ], [ 19.98751859, 49.37138267 ], [ 19.99941231, 49.96174676 ], [ 19.15134983, 50.24865424 ], [ 18.29945871, 49.94280103 ] ] ] } },
{ "type": "Feature", "properties": { "id": 174 }, "geometry": { "type": "Polygon", "coordinates": [ [ [ 19.14128109, 49.0683652 ], [ 19.13636695, 48.47113883 ], [ 19.96429717, 48.17650397 ], [ 20.80457087, 48.47677596 ], [ 20.82288608, 49.07436692 ], [ 19.98751859, 49.37138267 ], [ 19.14128109, 49.0683652 ] ] ] } },
{ "type": "Feature", "properties": { "id": 175 }, "geometry": { "type": "Polygon", "coordinates": [ [ [ 18.29945871, 49.94280103 ], [ 18.30126603, 49.35293806 ], [ 19.14128109, 49.0683652 ], [ 19.98751859, 49.37138267 ], [ 19.99941231, 49.96174676 ], [ 19.15134983, 50.24865424 ], [ 18.29945871, 49.94280103 ] ] ] } },
{ "type": "Feature", "properties": { "id": 176 }, "geometry": { "type": "Polygon", "coordinates": [ [ [ 18.29385635, 51.6833889 ], [ 18.29575461, 51.10808629 ], [ 19.15650838, 50.83158197 ], [ 20.02378912, 51.12798689 ], [ 20.03628203, 51.70374321 ], [ 19.1670842, 51.98270463 ], [ 18.29385635, 51.6833889 ] ] ] } },
{ "type": "Feature", "properties": { "id": 177 }, "geometry": { "type": "Polygon", "coordinates": [ [ [ 15.65850624, 52.45676979 ], [ 15.68233455, 51.89014192 ], [ 16.55831294, 51.63743695 ], [ 17.42044306, 51.94921901 ], [ 17.41115904, 52.51672781 ], [ 16.52514859, 52.77163656 ], [ 15.65850624, 52.45676979 ] ] ] } },
{ "type": "Feature", "properties": { "id": 178 }, "geometry": { "type": "Polygon", "coordinates": [ [ [ 22.70808927, 52.5402279 ], [ 22.67309986, 51.97188672 ], [ 23.52895882, 51.66689912 ], [ 24.42592995, 51.92739197 ], [ 24.47561443, 52.49540206 ], [ 23.61366933, 52.80331484 ], [ 22.70808927, 52.5402279 ] ] ] } },
{ "type": "Feature", "properties": { "id": 179 }, "geometry": { "type": "Polygon", "coordinates": [ [ [ 14.73893306, 53.25694132 ], [ 14.77073743, 52.69837346 ], [ 15.65850624, 52.45676979 ], [ 16.52514859, 52.77163656 ], [ 16.50814335, 53.33120219 ], [ 15.60963136, 53.57496623 ], [ 14.73893306, 53.25694132 ] ] ] } },
{ "type": "Feature", "properties": { "id": 180 }, "geometry": { "type": "Polygon", "coordinates": [ [ [ 13.91773302, 52.37133269 ], [ 13.95586621, 51.80587945 ], [ 14.83277142, 51.56623118 ], [ 15.68233455, 51.89014192 ], [ 15.65850624, 52.45676979 ], [ 14.77073743, 52.69837346 ], [ 13.91773302, 52.37133269 ] ] ] } },
{ "type": "Feature", "properties": { "id": 138 }, "geometry": { "type": "Polygon", "coordinates": [ [ [ 18.29385635, 51.6833889 ], [ 18.29575461, 51.10808629 ], [ 19.15650838, 50.83158197 ], [ 20.02378912, 51.12798689 ], [ 20.03628203, 51.70374321 ], [ 19.1670842, 51.98270463 ], [ 18.29385635, 51.6833889 ] ] ] } },
{ "type": "Feature", "properties": { "id": 139 }, "geometry": { "type": "Polygon", "coordinates": [ [ [ 20.03628203, 51.70374321 ], [ 20.02378912, 51.12798689 ], [ 20.87963932, 50.83859151 ], [ 21.7554729, 51.1223767 ], [ 21.78239484, 51.69827848 ], [ 20.91905668, 51.99031374 ], [ 20.03628203, 51.70374321 ] ] ] } },
{ "type": "Feature", "properties": { "id": 140 }, "geometry": { "type": "Polygon", "coordinates": [ [ [ 18.29945871, 49.94280103 ], [ 18.30126603, 49.35293806 ], [ 19.14128109, 49.0683652 ], [ 19.98751859, 49.37138267 ], [ 19.99941231, 49.96174676 ], [ 19.15134983, 50.24865424 ], [ 18.29945871, 49.94280103 ] ] ] } },
{ "type": "Feature", "properties": { "id": 181 }, "geometry": { "type": "Polygon", "coordinates": [ [ [ 15.65850624, 52.45676979 ], [ 15.68233455, 51.89014192 ], [ 16.55831294, 51.63743695 ], [ 17.42044306, 51.94921901 ], [ 17.41115904, 52.51672781 ], [ 16.52514859, 52.77163656 ], [ 15.65850624, 52.45676979 ] ] ] } },
{ "type": "Feature", "properties": { "id": 182 }, "geometry": { "type": "Polygon", "coordinates": [ [ [ 18.28796724, 53.37932209 ], [ 18.28996349, 52.819052 ], [ 19.17250585, 52.55079476 ], [ 20.06190264, 52.84026629 ], [ 20.07504119, 53.40094272 ], [ 19.18362806, 53.67180671 ], [ 18.28796724, 53.37932209 ] ] ] } },
{ "type": "Feature", "properties": { "id": 183 }, "geometry": { "type": "Polygon", "coordinates": [ [ [ 20.87963932, 50.83859151 ], [ 20.86041294, 50.25534224 ], [ 21.7029406, 49.95580621 ], [ 22.57155115, 50.23692458 ], [ 22.60484482, 50.82018253 ], [ 21.7554729, 51.1223767 ], [ 20.87963932, 50.83859151 ] ] ] } },
{ "type": "Feature", "properties": { "id": 184 }, "geometry": { "type": "Polygon", "coordinates": [ [ [ 16.55831294, 51.63743695 ], [ 16.57448598, 51.06289358 ], [ 17.43855404, 50.79931026 ], [ 18.29575461, 51.10808629 ], [ 18.29385635, 51.6833889 ], [ 17.42044306, 51.94921901 ], [ 16.55831294, 51.63743695 ] ] ] } },
{ "type": "Feature", "properties": { "id": 185 }, "geometry": { "type": "Polygon", "coordinates": [ [ [ 22.81668337, 54.21467861 ], [ 22.77986553, 53.66166209 ], [ 23.65710617, 53.36390144 ], [ 24.57752641, 53.61614554 ], [ 24.62979751, 54.16880211 ], [ 23.74623641, 54.46964051 ], [ 22.81668337, 54.21467861 ] ] ] } },
{ "type": "Feature", "properties": { "id": 186 }, "geometry": { "type": "Polygon", "coordinates": [ [ [ 19.15650838, 50.83158197 ], [ 19.15134983, 50.24865424 ], [ 19.99941231, 49.96174676 ], [ 20.86041294, 50.25534224 ], [ 20.87963932, 50.83859151 ], [ 20.02378912, 51.12798689 ], [ 19.15650838, 50.83158197 ] ] ] } },
{ "type": "Feature", "properties": { "id": 187 }, "geometry": { "type": "Polygon", "coordinates": [ [ [ 19.15650838, 50.83158197 ], [ 19.15134983, 50.24865424 ], [ 19.99941231, 49.96174676 ], [ 20.86041294, 50.25534224 ], [ 20.87963932, 50.83859151 ], [ 20.02378912, 51.12798689 ], [ 19.15650838, 50.83158197 ] ] ] } },
{ "type": "Feature", "properties": { "id": 188 }, "geometry": { "type": "Polygon", "coordinates": [ [ [ 20.03628203, 51.70374321 ], [ 20.02378912, 51.12798689 ], [ 20.87963932, 50.83859151 ], [ 21.7554729, 51.1223767 ], [ 21.78239484, 51.69827848 ], [ 20.91905668, 51.99031374 ], [ 20.03628203, 51.70374321 ] ] ] } },
{ "type": "Feature", "properties": { "id": 189 }, "geometry": { "type": "Polygon", "coordinates": [ [ [ 19.17250585, 52.55079476 ], [ 19.1670842, 51.98270463 ], [ 20.03628203, 51.70374321 ], [ 20.91905668, 51.99031374 ], [ 20.93926391, 52.55868184 ], [ 20.06190264, 52.84026629 ], [ 19.17250585, 52.55079476 ] ] ] } },
{ "type": "Feature", "properties": { "id": 190 }, "geometry": { "type": "Polygon", "coordinates": [ [ [ 18.28176879, 55.02944136 ], [ 18.2838708, 54.48454826 ], [ 19.18933346, 54.22465218 ], [ 20.10200326, 54.50693452 ], [ 20.1158388, 55.05218709 ], [ 19.20104552, 55.31486493 ], [ 18.28176879, 55.02944136 ] ] ] } },
{ "type": "Feature", "properties": { "id": 191 }, "geometry": { "type": "Polygon", "coordinates": [ [ [ 16.50814335, 53.33120219 ], [ 16.52514859, 52.77163656 ], [ 17.41115904, 52.51672781 ], [ 18.28996349, 52.819052 ], [ 18.28796724, 53.37932209 ], [ 17.39211441, 53.636628 ], [ 16.50814335, 53.33120219 ] ] ] } },
{ "type": "Feature", "properties": { "id": 192 }, "geometry": { "type": "Polygon", "coordinates": [ [ [ 15.65850624, 52.45676979 ], [ 15.68233455, 51.89014192 ], [ 16.55831294, 51.63743695 ], [ 17.42044306, 51.94921901 ], [ 17.41115904, 52.51672781 ], [ 16.52514859, 52.77163656 ], [ 15.65850624, 52.45676979 ] ] ] } },
{ "type": "Feature", "properties": { "id": 193 }, "geometry": { "type": "Polygon", "coordinates": [ [ [ 15.65850624, 52.45676979 ], [ 15.68233455, 51.89014192 ], [ 16.55831294, 51.63743695 ], [ 17.42044306, 51.94921901 ], [ 17.41115904, 52.51672781 ], [ 16.52514859, 52.77163656 ], [ 15.65850624, 52.45676979 ] ] ] } },
{ "type": "Feature", "properties": { "id": 194 }, "geometry": { "type": "Polygon", "coordinates": [ [ [ 15.58456386, 54.12645786 ], [ 15.60963136, 53.57496623 ], [ 16.50814335, 53.33120219 ], [ 17.39211441, 53.636628 ], [ 17.38234557, 54.18894285 ], [ 16.47325019, 54.43507326 ], [ 15.58456386, 54.12645786 ] ] ] } },
{ "type": "Feature", "properties": { "id": 195 }, "geometry": { "type": "Polygon", "coordinates": [ [ [ 15.58456386, 54.12645786 ], [ 15.60963136, 53.57496623 ], [ 16.50814335, 53.33120219 ], [ 17.39211441, 53.636628 ], [ 17.38234557, 54.18894285 ], [ 16.47325019, 54.43507326 ], [ 15.58456386, 54.12645786 ] ] ] } },
{ "type": "Feature", "properties": { "id": 196 }, "geometry": { "type": "Polygon", "coordinates": [ [ [ 15.58456386, 54.12645786 ], [ 15.60963136, 53.57496623 ], [ 16.50814335, 53.33120219 ], [ 17.39211441, 53.636628 ], [ 17.38234557, 54.18894285 ], [ 16.47325019, 54.43507326 ], [ 15.58456386, 54.12645786 ] ] ] } },
{ "type": "Feature", "properties": { "id": 197 }, "geometry": { "type": "Polygon", "coordinates": [ [ [ 15.58456386, 54.12645786 ], [ 15.60963136, 53.57496623 ], [ 16.50814335, 53.33120219 ], [ 17.39211441, 53.636628 ], [ 17.38234557, 54.18894285 ], [ 16.47325019, 54.43507326 ], [ 15.58456386, 54.12645786 ] ] ] } },
{ "type": "Feature", "properties": { "id": 198 }, "geometry": { "type": "Polygon", "coordinates": [ [ [ 14.73893306, 53.25694132 ], [ 14.77073743, 52.69837346 ], [ 15.65850624, 52.45676979 ], [ 16.52514859, 52.77163656 ], [ 16.50814335, 53.33120219 ], [ 15.60963136, 53.57496623 ], [ 14.73893306, 53.25694132 ] ] ] } },
{ "type": "Feature", "properties": { "id": 199 }, "geometry": { "type": "Polygon", "coordinates": [ [ [ 16.50814335, 53.33120219 ], [ 16.52514859, 52.77163656 ], [ 17.41115904, 52.51672781 ], [ 18.28996349, 52.819052 ], [ 18.28796724, 53.37932209 ], [ 17.39211441, 53.636628 ], [ 16.50814335, 53.33120219 ] ] ] } },
{ "type": "Feature", "properties": { "id": 200 }, "geometry": { "type": "Polygon", "coordinates": [ [ [ 17.41115904, 52.51672781 ], [ 17.42044306, 51.94921901 ], [ 18.29385635, 51.6833889 ], [ 19.1670842, 51.98270463 ], [ 19.17250585, 52.55079476 ], [ 18.28996349, 52.819052 ], [ 17.41115904, 52.51672781 ] ] ] } },
{ "type": "Feature", "properties": { "id": 201 }, "geometry": { "type": "Polygon", "coordinates": [ [ [ 17.41115904, 52.51672781 ], [ 17.42044306, 51.94921901 ], [ 18.29385635, 51.6833889 ], [ 19.1670842, 51.98270463 ], [ 19.17250585, 52.55079476 ], [ 18.28996349, 52.819052 ], [ 17.41115904, 52.51672781 ] ] ] } },
{ "type": "Feature", "properties": { "id": 202 }, "geometry": { "type": "Polygon", "coordinates": [ [ [ 17.41115904, 52.51672781 ], [ 17.42044306, 51.94921901 ], [ 18.29385635, 51.6833889 ], [ 19.1670842, 51.98270463 ], [ 19.17250585, 52.55079476 ], [ 18.28996349, 52.819052 ], [ 17.41115904, 52.51672781 ] ] ] } },
{ "type": "Feature", "properties": { "id": 203 }, "geometry": { "type": "Polygon", "coordinates": [ [ [ 18.28796724, 53.37932209 ], [ 18.28996349, 52.819052 ], [ 19.17250585, 52.55079476 ], [ 20.06190264, 52.84026629 ], [ 20.07504119, 53.40094272 ], [ 19.18362806, 53.67180671 ], [ 18.28796724, 53.37932209 ] ] ] } },
{ "type": "Feature", "properties": { "id": 204 }, "geometry": { "type": "Polygon", "coordinates": [ [ [ 15.58456386, 54.12645786 ], [ 15.60963136, 53.57496623 ], [ 16.50814335, 53.33120219 ], [ 17.39211441, 53.636628 ], [ 17.38234557, 54.18894285 ], [ 16.47325019, 54.43507326 ], [ 15.58456386, 54.12645786 ] ] ] } },
{ "type": "Feature", "properties": { "id": 205 }, "geometry": { "type": "Polygon", "coordinates": [ [ [ 18.28796724, 53.37932209 ], [ 18.28996349, 52.819052 ], [ 19.17250585, 52.55079476 ], [ 20.06190264, 52.84026629 ], [ 20.07504119, 53.40094272 ], [ 19.18362806, 53.67180671 ], [ 18.28796724, 53.37932209 ] ] ] } },
{ "type": "Feature", "properties": { "id": 206 }, "geometry": { "type": "Polygon", "coordinates": [ [ [ 18.28796724, 53.37932209 ], [ 18.28996349, 52.819052 ], [ 19.17250585, 52.55079476 ], [ 20.06190264, 52.84026629 ], [ 20.07504119, 53.40094272 ], [ 19.18362806, 53.67180671 ], [ 18.28796724, 53.37932209 ] ] ] } },
{ "type": "Feature", "properties": { "id": 207 }, "geometry": { "type": "Polygon", "coordinates": [ [ [ 18.28796724, 53.37932209 ], [ 18.28996349, 52.819052 ], [ 19.17250585, 52.55079476 ], [ 20.06190264, 52.84026629 ], [ 20.07504119, 53.40094272 ], [ 19.18362806, 53.67180671 ], [ 18.28796724, 53.37932209 ] ] ] } },
{ "type": "Feature", "properties": { "id": 208 }, "geometry": { "type": "Polygon", "coordinates": [ [ [ 18.28796724, 53.37932209 ], [ 18.28996349, 52.819052 ], [ 19.17250585, 52.55079476 ], [ 20.06190264, 52.84026629 ], [ 20.07504119, 53.40094272 ], [ 19.18362806, 53.67180671 ], [ 18.28796724, 53.37932209 ] ] ] } },
{ "type": "Feature", "properties": { "id": 209 }, "geometry": { "type": "Polygon", "coordinates": [ [ [ 18.28796724, 53.37932209 ], [ 18.28996349, 52.819052 ], [ 19.17250585, 52.55079476 ], [ 20.06190264, 52.84026629 ], [ 20.07504119, 53.40094272 ], [ 19.18362806, 53.67180671 ], [ 18.28796724, 53.37932209 ] ] ] } },
{ "type": "Feature", "properties": { "id": 210 }, "geometry": { "type": "Polygon", "coordinates": [ [ [ 18.28796724, 53.37932209 ], [ 18.28996349, 52.819052 ], [ 19.17250585, 52.55079476 ], [ 20.06190264, 52.84026629 ], [ 20.07504119, 53.40094272 ], [ 19.18362806, 53.67180671 ], [ 18.28796724, 53.37932209 ] ] ] } },
{ "type": "Feature", "properties": { "id": 211 }, "geometry": { "type": "Polygon", "coordinates": [ [ [ 17.41115904, 52.51672781 ], [ 17.42044306, 51.94921901 ], [ 18.29385635, 51.6833889 ], [ 19.1670842, 51.98270463 ], [ 19.17250585, 52.55079476 ], [ 18.28996349, 52.819052 ], [ 17.41115904, 52.51672781 ] ] ] } },
{ "type": "Feature", "properties": { "id": 212 }, "geometry": { "type": "Polygon", "coordinates": [ [ [ 17.41115904, 52.51672781 ], [ 17.42044306, 51.94921901 ], [ 18.29385635, 51.6833889 ], [ 19.1670842, 51.98270463 ], [ 19.17250585, 52.55079476 ], [ 18.28996349, 52.819052 ], [ 17.41115904, 52.51672781 ] ] ] } },
{ "type": "Feature", "properties": { "id": 213 }, "geometry": { "type": "Polygon", "coordinates": [ [ [ 18.28796724, 53.37932209 ], [ 18.28996349, 52.819052 ], [ 19.17250585, 52.55079476 ], [ 20.06190264, 52.84026629 ], [ 20.07504119, 53.40094272 ], [ 19.18362806, 53.67180671 ], [ 18.28796724, 53.37932209 ] ] ] } },
{ "type": "Feature", "properties": { "id": 214 }, "geometry": { "type": "Polygon", "coordinates": [ [ [ 21.78239484, 51.69827848 ], [ 21.7554729, 51.1223767 ], [ 22.60484482, 50.82018253 ], [ 23.48764963, 51.09116066 ], [ 23.52895882, 51.66689912 ], [ 22.67309986, 51.97188672 ], [ 21.78239484, 51.69827848 ] ] ] } },
{ "type": "Feature", "properties": { "id": 215 }, "geometry": { "type": "Polygon", "coordinates": [ [ [ 21.7029406, 49.95580621 ], [ 21.67730912, 49.36525738 ], [ 22.50656483, 49.05589699 ], [ 23.36770506, 49.33446914 ], [ 23.40703884, 49.9248856 ], [ 22.57155115, 50.23692458 ], [ 21.7029406, 49.95580621 ] ] ] } },
{ "type": "Feature", "properties": { "id": 216 }, "geometry": { "type": "Polygon", "coordinates": [ [ [ 21.7029406, 49.95580621 ], [ 21.67730912, 49.36525738 ], [ 22.50656483, 49.05589699 ], [ 23.36770506, 49.33446914 ], [ 23.40703884, 49.9248856 ], [ 22.57155115, 50.23692458 ], [ 21.7029406, 49.95580621 ] ] ] } },
{ "type": "Feature", "properties": { "id": 229 }, "geometry": { "type": "Polygon", "coordinates": [ [ [ 14.73893306, 53.25694132 ], [ 14.77073743, 52.69837346 ], [ 15.65850624, 52.45676979 ], [ 16.52514859, 52.77163656 ], [ 16.50814335, 53.33120219 ], [ 15.60963136, 53.57496623 ], [ 14.73893306, 53.25694132 ] ] ] } },
{ "type": "Feature", "properties": { "id": 230 }, "geometry": { "type": "Polygon", "coordinates": [ [ [ 19.15650838, 50.83158197 ], [ 19.15134983, 50.24865424 ], [ 19.99941231, 49.96174676 ], [ 20.86041294, 50.25534224 ], [ 20.87963932, 50.83859151 ], [ 20.02378912, 51.12798689 ], [ 19.15650838, 50.83158197 ] ] ] } },
{ "type": "Feature", "properties": { "id": 231 }, "geometry": { "type": "Polygon", "coordinates": [ [ [ 19.99941231, 49.96174676 ], [ 19.98751859, 49.37138267 ], [ 20.82288608, 49.07436692 ], [ 21.67730912, 49.36525738 ], [ 21.7029406, 49.95580621 ], [ 20.86041294, 50.25534224 ], [ 19.99941231, 49.96174676 ] ] ] } },
{ "type": "Feature", "properties": { "id": 232 }, "geometry": { "type": "Polygon", "coordinates": [ [ [ 19.99941231, 49.96174676 ], [ 19.98751859, 49.37138267 ], [ 20.82288608, 49.07436692 ], [ 21.67730912, 49.36525738 ], [ 21.7029406, 49.95580621 ], [ 20.86041294, 50.25534224 ], [ 19.99941231, 49.96174676 ] ] ] } },
{ "type": "Feature", "properties": { "id": 233 }, "geometry": { "type": "Polygon", "coordinates": [ [ [ 20.87963932, 50.83859151 ], [ 20.86041294, 50.25534224 ], [ 21.7029406, 49.95580621 ], [ 22.57155115, 50.23692458 ], [ 22.60484482, 50.82018253 ], [ 21.7554729, 51.1223767 ], [ 20.87963932, 50.83859151 ] ] ] } },
{ "type": "Feature", "properties": { "id": 234 }, "geometry": { "type": "Polygon", "coordinates": [ [ [ 20.87963932, 50.83859151 ], [ 20.86041294, 50.25534224 ], [ 21.7029406, 49.95580621 ], [ 22.57155115, 50.23692458 ], [ 22.60484482, 50.82018253 ], [ 21.7554729, 51.1223767 ], [ 20.87963932, 50.83859151 ] ] ] } },
{ "type": "Feature", "properties": { "id": 235 }, "geometry": { "type": "Polygon", "coordinates": [ [ [ 20.87963932, 50.83859151 ], [ 20.86041294, 50.25534224 ], [ 21.7029406, 49.95580621 ], [ 22.57155115, 50.23692458 ], [ 22.60484482, 50.82018253 ], [ 21.7554729, 51.1223767 ], [ 20.87963932, 50.83859151 ] ] ] } },
{ "type": "Feature", "properties": { "id": 236 }, "geometry": { "type": "Polygon", "coordinates": [ [ [ 21.7029406, 49.95580621 ], [ 21.67730912, 49.36525738 ], [ 22.50656483, 49.05589699 ], [ 23.36770506, 49.33446914 ], [ 23.40703884, 49.9248856 ], [ 22.57155115, 50.23692458 ], [ 21.7029406, 49.95580621 ] ] ] } },
{ "type": "Feature", "properties": { "id": 237 }, "geometry": { "type": "Polygon", "coordinates": [ [ [ 21.7029406, 49.95580621 ], [ 21.67730912, 49.36525738 ], [ 22.50656483, 49.05589699 ], [ 23.36770506, 49.33446914 ], [ 23.40703884, 49.9248856 ], [ 22.57155115, 50.23692458 ], [ 21.7029406, 49.95580621 ] ] ] } },
{ "type": "Feature", "properties": { "id": 238 }, "geometry": { "type": "Polygon", "coordinates": [ [ [ 21.7029406, 49.95580621 ], [ 21.67730912, 49.36525738 ], [ 22.50656483, 49.05589699 ], [ 23.36770506, 49.33446914 ], [ 23.40703884, 49.9248856 ], [ 22.57155115, 50.23692458 ], [ 21.7029406, 49.95580621 ] ] ] } },
{ "type": "Feature", "properties": { "id": 239 }, "geometry": { "type": "Polygon", "coordinates": [ [ [ 21.7029406, 49.95580621 ], [ 21.67730912, 49.36525738 ], [ 22.50656483, 49.05589699 ], [ 23.36770506, 49.33446914 ], [ 23.40703884, 49.9248856 ], [ 22.57155115, 50.23692458 ], [ 21.7029406, 49.95580621 ] ] ] } },
{ "type": "Feature", "properties": { "id": 240 }, "geometry": { "type": "Polygon", "coordinates": [ [ [ 21.7029406, 49.95580621 ], [ 21.67730912, 49.36525738 ], [ 22.50656483, 49.05589699 ], [ 23.36770506, 49.33446914 ], [ 23.40703884, 49.9248856 ], [ 22.57155115, 50.23692458 ], [ 21.7029406, 49.95580621 ] ] ] } },
{ "type": "Feature", "properties": { "id": 241 }, "geometry": { "type": "Polygon", "coordinates": [ [ [ 23.52895882, 51.66689912 ], [ 23.48764963, 51.09116066 ], [ 24.32900034, 50.77632225 ], [ 25.21715756, 51.03436895 ], [ 25.27273298, 51.609637 ], [ 24.42592995, 51.92739197 ], [ 23.52895882, 51.66689912 ] ] ] } },
{ "type": "Feature", "properties": { "id": 242 }, "geometry": { "type": "Polygon", "coordinates": [ [ [ 19.15650838, 50.83158197 ], [ 19.15134983, 50.24865424 ], [ 19.99941231, 49.96174676 ], [ 20.86041294, 50.25534224 ], [ 20.87963932, 50.83859151 ], [ 20.02378912, 51.12798689 ], [ 19.15650838, 50.83158197 ] ] ] } },
{ "type": "Feature", "properties": { "id": 243 }, "geometry": { "type": "Polygon", "coordinates": [ [ [ 17.43855404, 50.79931026 ], [ 17.44738844, 50.21701519 ], [ 18.29945871, 49.94280103 ], [ 19.15134983, 50.24865424 ], [ 19.15650838, 50.83158197 ], [ 18.29575461, 51.10808629 ], [ 17.43855404, 50.79931026 ] ] ] } },
{ "type": "Feature", "properties": { "id": 244 }, "geometry": { "type": "Polygon", "coordinates": [ [ [ 17.43855404, 50.79931026 ], [ 17.44738844, 50.21701519 ], [ 18.29945871, 49.94280103 ], [ 19.15134983, 50.24865424 ], [ 19.15650838, 50.83158197 ], [ 18.29575461, 51.10808629 ], [ 17.43855404, 50.79931026 ] ] ] } },
{ "type": "Feature", "properties": { "id": 217 }, "geometry": { "type": "Polygon", "coordinates": [ [ [ 21.7029406, 49.95580621 ], [ 21.67730912, 49.36525738 ], [ 22.50656483, 49.05589699 ], [ 23.36770506, 49.33446914 ], [ 23.40703884, 49.9248856 ], [ 22.57155115, 50.23692458 ], [ 21.7029406, 49.95580621 ] ] ] } },
{ "type": "Feature", "properties": { "id": 218 }, "geometry": { "type": "Polygon", "coordinates": [ [ [ 17.41115904, 52.51672781 ], [ 17.42044306, 51.94921901 ], [ 18.29385635, 51.6833889 ], [ 19.1670842, 51.98270463 ], [ 19.17250585, 52.55079476 ], [ 18.28996349, 52.819052 ], [ 17.41115904, 52.51672781 ] ] ] } },
{ "type": "Feature", "properties": { "id": 219 }, "geometry": { "type": "Polygon", "coordinates": [ [ [ 20.87963932, 50.83859151 ], [ 20.86041294, 50.25534224 ], [ 21.7029406, 49.95580621 ], [ 22.57155115, 50.23692458 ], [ 22.60484482, 50.82018253 ], [ 21.7554729, 51.1223767 ], [ 20.87963932, 50.83859151 ] ] ] } },
{ "type": "Feature", "properties": { "id": 220 }, "geometry": { "type": "Polygon", "coordinates": [ [ [ 20.87963932, 50.83859151 ], [ 20.86041294, 50.25534224 ], [ 21.7029406, 49.95580621 ], [ 22.57155115, 50.23692458 ], [ 22.60484482, 50.82018253 ], [ 21.7554729, 51.1223767 ], [ 20.87963932, 50.83859151 ] ] ] } },
{ "type": "Feature", "properties": { "id": 221 }, "geometry": { "type": "Polygon", "coordinates": [ [ [ 20.87963932, 50.83859151 ], [ 20.86041294, 50.25534224 ], [ 21.7029406, 49.95580621 ], [ 22.57155115, 50.23692458 ], [ 22.60484482, 50.82018253 ], [ 21.7554729, 51.1223767 ], [ 20.87963932, 50.83859151 ] ] ] } },
{ "type": "Feature", "properties": { "id": 222 }, "geometry": { "type": "Polygon", "coordinates": [ [ [ 20.87963932, 50.83859151 ], [ 20.86041294, 50.25534224 ], [ 21.7029406, 49.95580621 ], [ 22.57155115, 50.23692458 ], [ 22.60484482, 50.82018253 ], [ 21.7554729, 51.1223767 ], [ 20.87963932, 50.83859151 ] ] ] } },
{ "type": "Feature", "properties": { "id": 223 }, "geometry": { "type": "Polygon", "coordinates": [ [ [ 19.99941231, 49.96174676 ], [ 19.98751859, 49.37138267 ], [ 20.82288608, 49.07436692 ], [ 21.67730912, 49.36525738 ], [ 21.7029406, 49.95580621 ], [ 20.86041294, 50.25534224 ], [ 19.99941231, 49.96174676 ] ] ] } },
{ "type": "Feature", "properties": { "id": 224 }, "geometry": { "type": "Polygon", "coordinates": [ [ [ 19.99941231, 49.96174676 ], [ 19.98751859, 49.37138267 ], [ 20.82288608, 49.07436692 ], [ 21.67730912, 49.36525738 ], [ 21.7029406, 49.95580621 ], [ 20.86041294, 50.25534224 ], [ 19.99941231, 49.96174676 ] ] ] } },
{ "type": "Feature", "properties": { "id": 225 }, "geometry": { "type": "Polygon", "coordinates": [ [ [ 20.87963932, 50.83859151 ], [ 20.86041294, 50.25534224 ], [ 21.7029406, 49.95580621 ], [ 22.57155115, 50.23692458 ], [ 22.60484482, 50.82018253 ], [ 21.7554729, 51.1223767 ], [ 20.87963932, 50.83859151 ] ] ] } },
{ "type": "Feature", "properties": { "id": 226 }, "geometry": { "type": "Polygon", "coordinates": [ [ [ 21.7029406, 49.95580621 ], [ 21.67730912, 49.36525738 ], [ 22.50656483, 49.05589699 ], [ 23.36770506, 49.33446914 ], [ 23.40703884, 49.9248856 ], [ 22.57155115, 50.23692458 ], [ 21.7029406, 49.95580621 ] ] ] } },
{ "type": "Feature", "properties": { "id": 227 }, "geometry": { "type": "Polygon", "coordinates": [ [ [ 14.73893306, 53.25694132 ], [ 14.77073743, 52.69837346 ], [ 15.65850624, 52.45676979 ], [ 16.52514859, 52.77163656 ], [ 16.50814335, 53.33120219 ], [ 15.60963136, 53.57496623 ], [ 14.73893306, 53.25694132 ] ] ] } },
{ "type": "Feature", "properties": { "id": 228 }, "geometry": { "type": "Polygon", "coordinates": [ [ [ 21.7029406, 49.95580621 ], [ 21.67730912, 49.36525738 ], [ 22.50656483, 49.05589699 ], [ 23.36770506, 49.33446914 ], [ 23.40703884, 49.9248856 ], [ 22.57155115, 50.23692458 ], [ 21.7029406, 49.95580621 ] ] ] } },
{ "type": "Feature", "properties": { "id": 245 }, "geometry": { "type": "Polygon", "coordinates": [ [ [ 15.72882266, 50.74205382 ], [ 15.75150138, 50.16069867 ], [ 16.60604685, 49.89918214 ], [ 17.44738844, 50.21701519 ], [ 17.43855404, 50.79931026 ], [ 16.57448598, 51.06289358 ], [ 15.72882266, 50.74205382 ] ] ] } },
{ "type": "Feature", "properties": { "id": 246 }, "geometry": { "type": "Polygon", "coordinates": [ [ [ 17.43855404, 50.79931026 ], [ 17.44738844, 50.21701519 ], [ 18.29945871, 49.94280103 ], [ 19.15134983, 50.24865424 ], [ 19.15650838, 50.83158197 ], [ 18.29575461, 51.10808629 ], [ 17.43855404, 50.79931026 ] ] ] } },
{ "type": "Feature", "properties": { "id": 247 }, "geometry": { "type": "Polygon", "coordinates": [ [ [ 17.43855404, 50.79931026 ], [ 17.44738844, 50.21701519 ], [ 18.29945871, 49.94280103 ], [ 19.15134983, 50.24865424 ], [ 19.15650838, 50.83158197 ], [ 18.29575461, 51.10808629 ], [ 17.43855404, 50.79931026 ] ] ] } },
{ "type": "Feature", "properties": { "id": 248 }, "geometry": { "type": "Polygon", "coordinates": [ [ [ 18.29945871, 49.94280103 ], [ 18.30126603, 49.35293806 ], [ 19.14128109, 49.0683652 ], [ 19.98751859, 49.37138267 ], [ 19.99941231, 49.96174676 ], [ 19.15134983, 50.24865424 ], [ 18.29945871, 49.94280103 ] ] ] } },
{ "type": "Feature", "properties": { "id": 249 }, "geometry": { "type": "Polygon", "coordinates": [ [ [ 17.43855404, 50.79931026 ], [ 17.44738844, 50.21701519 ], [ 18.29945871, 49.94280103 ], [ 19.15134983, 50.24865424 ], [ 19.15650838, 50.83158197 ], [ 18.29575461, 51.10808629 ], [ 17.43855404, 50.79931026 ] ] ] } },
{ "type": "Feature", "properties": { "id": 250 }, "geometry": { "type": "Polygon", "coordinates": [ [ [ 17.43855404, 50.79931026 ], [ 17.44738844, 50.21701519 ], [ 18.29945871, 49.94280103 ], [ 19.15134983, 50.24865424 ], [ 19.15650838, 50.83158197 ], [ 18.29575461, 51.10808629 ], [ 17.43855404, 50.79931026 ] ] ] } },
{ "type": "Feature", "properties": { "id": 251 }, "geometry": { "type": "Polygon", "coordinates": [ [ [ 17.43855404, 50.79931026 ], [ 17.44738844, 50.21701519 ], [ 18.29945871, 49.94280103 ], [ 19.15134983, 50.24865424 ], [ 19.15650838, 50.83158197 ], [ 18.29575461, 51.10808629 ], [ 17.43855404, 50.79931026 ] ] ] } },
{ "type": "Feature", "properties": { "id": 252 }, "geometry": { "type": "Polygon", "coordinates": [ [ [ 14.73893306, 53.25694132 ], [ 14.77073743, 52.69837346 ], [ 15.65850624, 52.45676979 ], [ 16.52514859, 52.77163656 ], [ 16.50814335, 53.33120219 ], [ 15.60963136, 53.57496623 ], [ 14.73893306, 53.25694132 ] ] ] } },
{ "type": "Feature", "properties": { "id": 253 }, "geometry": { "type": "Polygon", "coordinates": [ [ [ 14.73893306, 53.25694132 ], [ 14.77073743, 52.69837346 ], [ 15.65850624, 52.45676979 ], [ 16.52514859, 52.77163656 ], [ 16.50814335, 53.33120219 ], [ 15.60963136, 53.57496623 ], [ 14.73893306, 53.25694132 ] ] ] } },
{ "type": "Feature", "properties": { "id": 254 }, "geometry": { "type": "Polygon", "coordinates": [ [ [ 14.73893306, 53.25694132 ], [ 14.77073743, 52.69837346 ], [ 15.65850624, 52.45676979 ], [ 16.52514859, 52.77163656 ], [ 16.50814335, 53.33120219 ], [ 15.60963136, 53.57496623 ], [ 14.73893306, 53.25694132 ] ] ] } },
{ "type": "Feature", "properties": { "id": 255 }, "geometry": { "type": "Polygon", "coordinates": [ [ [ 13.79942434, 54.03762692 ], [ 13.83952861, 53.48724516 ], [ 14.73893306, 53.25694132 ], [ 15.60963136, 53.57496623 ], [ 15.58456386, 54.12645786 ], [ 14.67368187, 54.35887748 ], [ 13.79942434, 54.03762692 ] ] ] } },
{ "type": "Feature", "properties": { "id": 256 }, "geometry": { "type": "Polygon", "coordinates": [ [ [ 13.91773302, 52.37133269 ], [ 13.95586621, 51.80587945 ], [ 14.83277142, 51.56623118 ], [ 15.68233455, 51.89014192 ], [ 15.65850624, 52.45676979 ], [ 14.77073743, 52.69837346 ], [ 13.91773302, 52.37133269 ] ] ] } },
{ "type": "Feature", "properties": { "id": 257 }, "geometry": { "type": "Polygon", "coordinates": [ [ [ 14.83277142, 51.56623118 ], [ 14.86302677, 50.99274772 ], [ 15.72882266, 50.74205382 ], [ 16.57448598, 51.06289358 ], [ 16.55831294, 51.63743695 ], [ 15.68233455, 51.89014192 ], [ 14.83277142, 51.56623118 ] ] ] } },
{ "type": "Feature", "properties": { "id": 258 }, "geometry": { "type": "Polygon", "coordinates": [ [ [ 14.83277142, 51.56623118 ], [ 14.86302677, 50.99274772 ], [ 15.72882266, 50.74205382 ], [ 16.57448598, 51.06289358 ], [ 16.55831294, 51.63743695 ], [ 15.68233455, 51.89014192 ], [ 14.83277142, 51.56623118 ] ] ] } },
{ "type": "Feature", "properties": { "id": 259 }, "geometry": { "type": "Polygon", "coordinates": [ [ [ 14.83277142, 51.56623118 ], [ 14.86302677, 50.99274772 ], [ 15.72882266, 50.74205382 ], [ 16.57448598, 51.06289358 ], [ 16.55831294, 51.63743695 ], [ 15.68233455, 51.89014192 ], [ 14.83277142, 51.56623118 ] ] ] } },
{ "type": "Feature", "properties": { "id": 260 }, "geometry": { "type": "Polygon", "coordinates": [ [ [ 15.65850624, 52.45676979 ], [ 15.68233455, 51.89014192 ], [ 16.55831294, 51.63743695 ], [ 17.42044306, 51.94921901 ], [ 17.41115904, 52.51672781 ], [ 16.52514859, 52.77163656 ], [ 15.65850624, 52.45676979 ] ] ] } },
{ "type": "Feature", "properties": { "id": 261 }, "geometry": { "type": "Polygon", "coordinates": [ [ [ 13.91773302, 52.37133269 ], [ 13.95586621, 51.80587945 ], [ 14.83277142, 51.56623118 ], [ 15.68233455, 51.89014192 ], [ 15.65850624, 52.45676979 ], [ 14.77073743, 52.69837346 ], [ 13.91773302, 52.37133269 ] ] ] } },
{ "type": "Feature", "properties": { "id": 262 }, "geometry": { "type": "Polygon", "coordinates": [ [ [ 14.73893306, 53.25694132 ], [ 14.77073743, 52.69837346 ], [ 15.65850624, 52.45676979 ], [ 16.52514859, 52.77163656 ], [ 16.50814335, 53.33120219 ], [ 15.60963136, 53.57496623 ], [ 14.73893306, 53.25694132 ] ] ] } },
{ "type": "Feature", "properties": { "id": 263 }, "geometry": { "type": "Polygon", "coordinates": [ [ [ 14.73893306, 53.25694132 ], [ 14.77073743, 52.69837346 ], [ 15.65850624, 52.45676979 ], [ 16.52514859, 52.77163656 ], [ 16.50814335, 53.33120219 ], [ 15.60963136, 53.57496623 ], [ 14.73893306, 53.25694132 ] ] ] } },
{ "type": "Feature", "properties": { "id": 264 }, "geometry": { "type": "Polygon", "coordinates": [ [ [ 14.73893306, 53.25694132 ], [ 14.77073743, 52.69837346 ], [ 15.65850624, 52.45676979 ], [ 16.52514859, 52.77163656 ], [ 16.50814335, 53.33120219 ], [ 15.60963136, 53.57496623 ], [ 14.73893306, 53.25694132 ] ] ] } },
{ "type": "Feature", "properties": { "id": 265 }, "geometry": { "type": "Polygon", "coordinates": [ [ [ 19.15650838, 50.83158197 ], [ 19.15134983, 50.24865424 ], [ 19.99941231, 49.96174676 ], [ 20.86041294, 50.25534224 ], [ 20.87963932, 50.83859151 ], [ 20.02378912, 51.12798689 ], [ 19.15650838, 50.83158197 ] ] ] } },
{ "type": "Feature", "properties": { "id": 266 }, "geometry": { "type": "Polygon", "coordinates": [ [ [ 22.60484482, 50.82018253 ], [ 22.57155115, 50.23692458 ], [ 23.40703884, 49.9248856 ], [ 24.28171575, 50.193368 ], [ 24.32900034, 50.77632225 ], [ 23.48764963, 51.09116066 ], [ 22.60484482, 50.82018253 ] ] ] } },
{ "type": "Feature", "properties": { "id": 267 }, "geometry": { "type": "Polygon", "coordinates": [ [ [ 19.99941231, 49.96174676 ], [ 19.98751859, 49.37138267 ], [ 20.82288608, 49.07436692 ], [ 21.67730912, 49.36525738 ], [ 21.7029406, 49.95580621 ], [ 20.86041294, 50.25534224 ], [ 19.99941231, 49.96174676 ] ] ] } },
{ "type": "Feature", "properties": { "id": 268 }, "geometry": { "type": "Polygon", "coordinates": [ [ [ 19.99941231, 49.96174676 ], [ 19.98751859, 49.37138267 ], [ 20.82288608, 49.07436692 ], [ 21.67730912, 49.36525738 ], [ 21.7029406, 49.95580621 ], [ 20.86041294, 50.25534224 ], [ 19.99941231, 49.96174676 ] ] ] } },
{ "type": "Feature", "properties": { "id": 269 }, "geometry": { "type": "Polygon", "coordinates": [ [ [ 19.99941231, 49.96174676 ], [ 19.98751859, 49.37138267 ], [ 20.82288608, 49.07436692 ], [ 21.67730912, 49.36525738 ], [ 21.7029406, 49.95580621 ], [ 20.86041294, 50.25534224 ], [ 19.99941231, 49.96174676 ] ] ] } },
{ "type": "Feature", "properties": { "id": 270 }, "geometry": { "type": "Polygon", "coordinates": [ [ [ 17.41115904, 52.51672781 ], [ 17.42044306, 51.94921901 ], [ 18.29385635, 51.6833889 ], [ 19.1670842, 51.98270463 ], [ 19.17250585, 52.55079476 ], [ 18.28996349, 52.819052 ], [ 17.41115904, 52.51672781 ] ] ] } },
{ "type": "Feature", "properties": { "id": 271 }, "geometry": { "type": "Polygon", "coordinates": [ [ [ 19.99941231, 49.96174676 ], [ 19.98751859, 49.37138267 ], [ 20.82288608, 49.07436692 ], [ 21.67730912, 49.36525738 ], [ 21.7029406, 49.95580621 ], [ 20.86041294, 50.25534224 ], [ 19.99941231, 49.96174676 ] ] ] } },
{ "type": "Feature", "properties": { "id": 272 }, "geometry": { "type": "Polygon", "coordinates": [ [ [ 19.99941231, 49.96174676 ], [ 19.98751859, 49.37138267 ], [ 20.82288608, 49.07436692 ], [ 21.67730912, 49.36525738 ], [ 21.7029406, 49.95580621 ], [ 20.86041294, 50.25534224 ], [ 19.99941231, 49.96174676 ] ] ] } },
{ "type": "Feature", "properties": { "id": 273 }, "geometry": { "type": "Polygon", "coordinates": [ [ [ 21.78239484, 51.69827848 ], [ 21.7554729, 51.1223767 ], [ 22.60484482, 50.82018253 ], [ 23.48764963, 51.09116066 ], [ 23.52895882, 51.66689912 ], [ 22.67309986, 51.97188672 ], [ 21.78239484, 51.69827848 ] ] ] } },
{ "type": "Feature", "properties": { "id": 274 }, "geometry": { "type": "Polygon", "coordinates": [ [ [ 19.99941231, 49.96174676 ], [ 19.98751859, 49.37138267 ], [ 20.82288608, 49.07436692 ], [ 21.67730912, 49.36525738 ], [ 21.7029406, 49.95580621 ], [ 20.86041294, 50.25534224 ], [ 19.99941231, 49.96174676 ] ] ] } },
{ "type": "Feature", "properties": { "id": 275 }, "geometry": { "type": "Polygon", "coordinates": [ [ [ 19.99941231, 49.96174676 ], [ 19.98751859, 49.37138267 ], [ 20.82288608, 49.07436692 ], [ 21.67730912, 49.36525738 ], [ 21.7029406, 49.95580621 ], [ 20.86041294, 50.25534224 ], [ 19.99941231, 49.96174676 ] ] ] } },
{ "type": "Feature", "properties": { "id": 276 }, "geometry": { "type": "Polygon", "coordinates": [ [ [ 20.87963932, 50.83859151 ], [ 20.86041294, 50.25534224 ], [ 21.7029406, 49.95580621 ], [ 22.57155115, 50.23692458 ], [ 22.60484482, 50.82018253 ], [ 21.7554729, 51.1223767 ], [ 20.87963932, 50.83859151 ] ] ] } },
{ "type": "Feature", "properties": { "id": 278 }, "geometry": { "type": "Polygon", "coordinates": [ [ [ 13.79942434, 54.03762692 ], [ 13.83952861, 53.48724516 ], [ 14.73893306, 53.25694132 ], [ 15.60963136, 53.57496623 ], [ 15.58456386, 54.12645786 ], [ 14.67368187, 54.35887748 ], [ 13.79942434, 54.03762692 ] ] ] } },
{ "type": "Feature", "properties": { "id": 279 }, "geometry": { "type": "Polygon", "coordinates": [ [ [ 17.43855404, 50.79931026 ], [ 17.44738844, 50.21701519 ], [ 18.29945871, 49.94280103 ], [ 19.15134983, 50.24865424 ], [ 19.15650838, 50.83158197 ], [ 18.29575461, 51.10808629 ], [ 17.43855404, 50.79931026 ] ] ] } },
{ "type": "Feature", "properties": { "id": 280 }, "geometry": { "type": "Polygon", "coordinates": [ [ [ 19.18933346, 54.22465218 ], [ 19.18362806, 53.67180671 ], [ 20.07504119, 53.40094272 ], [ 20.98071822, 53.68020609 ], [ 21.00198327, 54.23328591 ], [ 20.10200326, 54.50693452 ], [ 19.18933346, 54.22465218 ] ] ] } },
{ "type": "Feature", "properties": { "id": 281 }, "geometry": { "type": "Polygon", "coordinates": [ [ [ 19.18933346, 54.22465218 ], [ 19.18362806, 53.67180671 ], [ 20.07504119, 53.40094272 ], [ 20.98071822, 53.68020609 ], [ 21.00198327, 54.23328591 ], [ 20.10200326, 54.50693452 ], [ 19.18933346, 54.22465218 ] ] ] } },
{ "type": "Feature", "properties": { "id": 277 }, "geometry": { "type": "Polygon", "coordinates": [ [ [ 21.86591799, 53.39583473 ], [ 21.83760574, 52.8350527 ], [ 22.70808927, 52.5402279 ], [ 23.61366933, 52.80331484 ], [ 23.65710617, 53.36390144 ], [ 22.77986553, 53.66166209 ], [ 21.86591799, 53.39583473 ] ] ] } },
{ "type": "Feature", "properties": { "id": 282 }, "geometry": { "type": "Polygon", "coordinates": [ [ [ 18.28796724, 53.37932209 ], [ 18.28996349, 52.819052 ], [ 19.17250585, 52.55079476 ], [ 20.06190264, 52.84026629 ], [ 20.07504119, 53.40094272 ], [ 19.18362806, 53.67180671 ], [ 18.28796724, 53.37932209 ] ] ] } },
{ "type": "Feature", "properties": { "id": 283 }, "geometry": { "type": "Polygon", "coordinates": [ [ [ 18.28796724, 53.37932209 ], [ 18.28996349, 52.819052 ], [ 19.17250585, 52.55079476 ], [ 20.06190264, 52.84026629 ], [ 20.07504119, 53.40094272 ], [ 19.18362806, 53.67180671 ], [ 18.28796724, 53.37932209 ] ] ] } },
{ "type": "Feature", "properties": { "id": 284 }, "geometry": { "type": "Polygon", "coordinates": [ [ [ 19.18933346, 54.22465218 ], [ 19.18362806, 53.67180671 ], [ 20.07504119, 53.40094272 ], [ 20.98071822, 53.68020609 ], [ 21.00198327, 54.23328591 ], [ 20.10200326, 54.50693452 ], [ 19.18933346, 54.22465218 ] ] ] } },
{ "type": "Feature", "properties": { "id": 285 }, "geometry": { "type": "Polygon", "coordinates": [ [ [ 20.07504119, 53.40094272 ], [ 20.06190264, 52.84026629 ], [ 20.93926391, 52.55868184 ], [ 21.83760574, 52.8350527 ], [ 21.86591799, 53.39583473 ], [ 20.98071822, 53.68020609 ], [ 20.07504119, 53.40094272 ] ] ] } },
{ "type": "Feature", "properties": { "id": 286 }, "geometry": { "type": "Polygon", "coordinates": [ [ [ 20.07504119, 53.40094272 ], [ 20.06190264, 52.84026629 ], [ 20.93926391, 52.55868184 ], [ 21.83760574, 52.8350527 ], [ 21.86591799, 53.39583473 ], [ 20.98071822, 53.68020609 ], [ 20.07504119, 53.40094272 ] ] ] } },
{ "type": "Feature", "properties": { "id": 287 }, "geometry": { "type": "Polygon", "coordinates": [ [ [ 21.00198327, 54.23328591 ], [ 20.98071822, 53.68020609 ], [ 21.86591799, 53.39583473 ], [ 22.77986553, 53.66166209 ], [ 22.81668337, 54.21467861 ], [ 21.92401744, 54.50199763 ], [ 21.00198327, 54.23328591 ] ] ] } },
{ "type": "Feature", "properties": { "id": 288 }, "geometry": { "type": "Polygon", "coordinates": [ [ [ 19.18933346, 54.22465218 ], [ 19.18362806, 53.67180671 ], [ 20.07504119, 53.40094272 ], [ 20.98071822, 53.68020609 ], [ 21.00198327, 54.23328591 ], [ 20.10200326, 54.50693452 ], [ 19.18933346, 54.22465218 ] ] ] } },
{ "type": "Feature", "properties": { "id": 289 }, "geometry": { "type": "Polygon", "coordinates": [ [ [ 19.18933346, 54.22465218 ], [ 19.18362806, 53.67180671 ], [ 20.07504119, 53.40094272 ], [ 20.98071822, 53.68020609 ], [ 21.00198327, 54.23328591 ], [ 20.10200326, 54.50693452 ], [ 19.18933346, 54.22465218 ] ] ] } },
{ "type": "Feature", "properties": { "id": 290 }, "geometry": { "type": "Polygon", "coordinates": [ [ [ 19.18933346, 54.22465218 ], [ 19.18362806, 53.67180671 ], [ 20.07504119, 53.40094272 ], [ 20.98071822, 53.68020609 ], [ 21.00198327, 54.23328591 ], [ 20.10200326, 54.50693452 ], [ 19.18933346, 54.22465218 ] ] ] } },
{ "type": "Feature", "properties": { "id": 291 }, "geometry": { "type": "Polygon", "coordinates": [ [ [ 19.18933346, 54.22465218 ], [ 19.18362806, 53.67180671 ], [ 20.07504119, 53.40094272 ], [ 20.98071822, 53.68020609 ], [ 21.00198327, 54.23328591 ], [ 20.10200326, 54.50693452 ], [ 19.18933346, 54.22465218 ] ] ] } },
{ "type": "Feature", "properties": { "id": 292 }, "geometry": { "type": "Polygon", "coordinates": [ [ [ 21.00198327, 54.23328591 ], [ 20.98071822, 53.68020609 ], [ 21.86591799, 53.39583473 ], [ 22.77986553, 53.66166209 ], [ 22.81668337, 54.21467861 ], [ 21.92401744, 54.50199763 ], [ 21.00198327, 54.23328591 ] ] ] } },
{ "type": "Feature", "properties": { "id": 293 }, "geometry": { "type": "Polygon", "coordinates": [ [ [ 21.00198327, 54.23328591 ], [ 20.98071822, 53.68020609 ], [ 21.86591799, 53.39583473 ], [ 22.77986553, 53.66166209 ], [ 22.81668337, 54.21467861 ], [ 21.92401744, 54.50199763 ], [ 21.00198327, 54.23328591 ] ] ] } },
{ "type": "Feature", "properties": { "id": 294 }, "geometry": { "type": "Polygon", "coordinates": [ [ [ 21.00198327, 54.23328591 ], [ 20.98071822, 53.68020609 ], [ 21.86591799, 53.39583473 ], [ 22.77986553, 53.66166209 ], [ 22.81668337, 54.21467861 ], [ 21.92401744, 54.50199763 ], [ 21.00198327, 54.23328591 ] ] ] } },
{ "type": "Feature", "properties": { "id": 295 }, "geometry": { "type": "Polygon", "coordinates": [ [ [ 21.00198327, 54.23328591 ], [ 20.98071822, 53.68020609 ], [ 21.86591799, 53.39583473 ], [ 22.77986553, 53.66166209 ], [ 22.81668337, 54.21467861 ], [ 21.92401744, 54.50199763 ], [ 21.00198327, 54.23328591 ] ] ] } },
{ "type": "Feature", "properties": { "id": 296 }, "geometry": { "type": "Polygon", "coordinates": [ [ [ 21.00198327, 54.23328591 ], [ 20.98071822, 53.68020609 ], [ 21.86591799, 53.39583473 ], [ 22.77986553, 53.66166209 ], [ 22.81668337, 54.21467861 ], [ 21.92401744, 54.50199763 ], [ 21.00198327, 54.23328591 ] ] ] } },
{ "type": "Feature", "properties": { "id": 297 }, "geometry": { "type": "Polygon", "coordinates": [ [ [ 21.00198327, 54.23328591 ], [ 20.98071822, 53.68020609 ], [ 21.86591799, 53.39583473 ], [ 22.77986553, 53.66166209 ], [ 22.81668337, 54.21467861 ], [ 21.92401744, 54.50199763 ], [ 21.00198327, 54.23328591 ] ] ] } },
{ "type": "Feature", "properties": { "id": 298 }, "geometry": { "type": "Polygon", "coordinates": [ [ [ 21.00198327, 54.23328591 ], [ 20.98071822, 53.68020609 ], [ 21.86591799, 53.39583473 ], [ 22.77986553, 53.66166209 ], [ 22.81668337, 54.21467861 ], [ 21.92401744, 54.50199763 ], [ 21.00198327, 54.23328591 ] ] ] } },
{ "type": "Feature", "properties": { "id": 299 }, "geometry": { "type": "Polygon", "coordinates": [ [ [ 20.07504119, 53.40094272 ], [ 20.06190264, 52.84026629 ], [ 20.93926391, 52.55868184 ], [ 21.83760574, 52.8350527 ], [ 21.86591799, 53.39583473 ], [ 20.98071822, 53.68020609 ], [ 20.07504119, 53.40094272 ] ] ] } },
{ "type": "Feature", "properties": { "id": 300 }, "geometry": { "type": "Polygon", "coordinates": [ [ [ 22.60484482, 50.82018253 ], [ 22.57155115, 50.23692458 ], [ 23.40703884, 49.9248856 ], [ 24.28171575, 50.193368 ], [ 24.32900034, 50.77632225 ], [ 23.48764963, 51.09116066 ], [ 22.60484482, 50.82018253 ] ] ] } },
{ "type": "Feature", "properties": { "id": 301 }, "geometry": { "type": "Polygon", "coordinates": [ [ [ 20.87963932, 50.83859151 ], [ 20.86041294, 50.25534224 ], [ 21.7029406, 49.95580621 ], [ 22.57155115, 50.23692458 ], [ 22.60484482, 50.82018253 ], [ 21.7554729, 51.1223767 ], [ 20.87963932, 50.83859151 ] ] ] } },
{ "type": "Feature", "properties": { "id": 302 }, "geometry": { "type": "Polygon", "coordinates": [ [ [ 17.41115904, 52.51672781 ], [ 17.42044306, 51.94921901 ], [ 18.29385635, 51.6833889 ], [ 19.1670842, 51.98270463 ], [ 19.17250585, 52.55079476 ], [ 18.28996349, 52.819052 ], [ 17.41115904, 52.51672781 ] ] ] } },
{ "type": "Feature", "properties": { "id": 303 }, "geometry": { "type": "Polygon", "coordinates": [ [ [ 17.41115904, 52.51672781 ], [ 17.42044306, 51.94921901 ], [ 18.29385635, 51.6833889 ], [ 19.1670842, 51.98270463 ], [ 19.17250585, 52.55079476 ], [ 18.28996349, 52.819052 ], [ 17.41115904, 52.51672781 ] ] ] } },
{ "type": "Feature", "properties": { "id": 304 }, "geometry": { "type": "Polygon", "coordinates": [ [ [ 17.41115904, 52.51672781 ], [ 17.42044306, 51.94921901 ], [ 18.29385635, 51.6833889 ], [ 19.1670842, 51.98270463 ], [ 19.17250585, 52.55079476 ], [ 18.28996349, 52.819052 ], [ 17.41115904, 52.51672781 ] ] ] } },
{ "type": "Feature", "properties": { "id": 305 }, "geometry": { "type": "Polygon", "coordinates": [ [ [ 16.55831294, 51.63743695 ], [ 16.57448598, 51.06289358 ], [ 17.43855404, 50.79931026 ], [ 18.29575461, 51.10808629 ], [ 18.29385635, 51.6833889 ], [ 17.42044306, 51.94921901 ], [ 16.55831294, 51.63743695 ] ] ] } },
{ "type": "Feature", "properties": { "id": 306 }, "geometry": { "type": "Polygon", "coordinates": [ [ [ 16.55831294, 51.63743695 ], [ 16.57448598, 51.06289358 ], [ 17.43855404, 50.79931026 ], [ 18.29575461, 51.10808629 ], [ 18.29385635, 51.6833889 ], [ 17.42044306, 51.94921901 ], [ 16.55831294, 51.63743695 ] ] ] } },
{ "type": "Feature", "properties": { "id": 307 }, "geometry": { "type": "Polygon", "coordinates": [ [ [ 16.55831294, 51.63743695 ], [ 16.57448598, 51.06289358 ], [ 17.43855404, 50.79931026 ], [ 18.29575461, 51.10808629 ], [ 18.29385635, 51.6833889 ], [ 17.42044306, 51.94921901 ], [ 16.55831294, 51.63743695 ] ] ] } },
{ "type": "Feature", "properties": { "id": 308 }, "geometry": { "type": "Polygon", "coordinates": [ [ [ 16.55831294, 51.63743695 ], [ 16.57448598, 51.06289358 ], [ 17.43855404, 50.79931026 ], [ 18.29575461, 51.10808629 ], [ 18.29385635, 51.6833889 ], [ 17.42044306, 51.94921901 ], [ 16.55831294, 51.63743695 ] ] ] } },
{ "type": "Feature", "properties": { "id": 309 }, "geometry": { "type": "Polygon", "coordinates": [ [ [ 20.03628203, 51.70374321 ], [ 20.02378912, 51.12798689 ], [ 20.87963932, 50.83859151 ], [ 21.7554729, 51.1223767 ], [ 21.78239484, 51.69827848 ], [ 20.91905668, 51.99031374 ], [ 20.03628203, 51.70374321 ] ] ] } },
{ "type": "Feature", "properties": { "id": 310 }, "geometry": { "type": "Polygon", "coordinates": [ [ [ 20.03628203, 51.70374321 ], [ 20.02378912, 51.12798689 ], [ 20.87963932, 50.83859151 ], [ 21.7554729, 51.1223767 ], [ 21.78239484, 51.69827848 ], [ 20.91905668, 51.99031374 ], [ 20.03628203, 51.70374321 ] ] ] } },
{ "type": "Feature", "properties": { "id": 311 }, "geometry": { "type": "Polygon", "coordinates": [ [ [ 16.55831294, 51.63743695 ], [ 16.57448598, 51.06289358 ], [ 17.43855404, 50.79931026 ], [ 18.29575461, 51.10808629 ], [ 18.29385635, 51.6833889 ], [ 17.42044306, 51.94921901 ], [ 16.55831294, 51.63743695 ] ] ] } },
{ "type": "Feature", "properties": { "id": 312 }, "geometry": { "type": "Polygon", "coordinates": [ [ [ 15.65850624, 52.45676979 ], [ 15.68233455, 51.89014192 ], [ 16.55831294, 51.63743695 ], [ 17.42044306, 51.94921901 ], [ 17.41115904, 52.51672781 ], [ 16.52514859, 52.77163656 ], [ 15.65850624, 52.45676979 ] ] ] } },
{ "type": "Feature", "properties": { "id": 313 }, "geometry": { "type": "Polygon", "coordinates": [ [ [ 15.65850624, 52.45676979 ], [ 15.68233455, 51.89014192 ], [ 16.55831294, 51.63743695 ], [ 17.42044306, 51.94921901 ], [ 17.41115904, 52.51672781 ], [ 16.52514859, 52.77163656 ], [ 15.65850624, 52.45676979 ] ] ] } },
{ "type": "Feature", "properties": { "id": 314 }, "geometry": { "type": "Polygon", "coordinates": [ [ [ 22.60484482, 50.82018253 ], [ 22.57155115, 50.23692458 ], [ 23.40703884, 49.9248856 ], [ 24.28171575, 50.193368 ], [ 24.32900034, 50.77632225 ], [ 23.48764963, 51.09116066 ], [ 22.60484482, 50.82018253 ] ] ] } },
{ "type": "Feature", "properties": { "id": 315 }, "geometry": { "type": "Polygon", "coordinates": [ [ [ 21.78239484, 51.69827848 ], [ 21.7554729, 51.1223767 ], [ 22.60484482, 50.82018253 ], [ 23.48764963, 51.09116066 ], [ 23.52895882, 51.66689912 ], [ 22.67309986, 51.97188672 ], [ 21.78239484, 51.69827848 ] ] ] } },
{ "type": "Feature", "properties": { "id": 316 }, "geometry": { "type": "Polygon", "coordinates": [ [ [ 15.65850624, 52.45676979 ], [ 15.68233455, 51.89014192 ], [ 16.55831294, 51.63743695 ], [ 17.42044306, 51.94921901 ], [ 17.41115904, 52.51672781 ], [ 16.52514859, 52.77163656 ], [ 15.65850624, 52.45676979 ] ] ] } },
{ "type": "Feature", "properties": { "id": 317 }, "geometry": { "type": "Polygon", "coordinates": [ [ [ 21.78239484, 51.69827848 ], [ 21.7554729, 51.1223767 ], [ 22.60484482, 50.82018253 ], [ 23.48764963, 51.09116066 ], [ 23.52895882, 51.66689912 ], [ 22.67309986, 51.97188672 ], [ 21.78239484, 51.69827848 ] ] ] } },
{ "type": "Feature", "properties": { "id": 318 }, "geometry": { "type": "Polygon", "coordinates": [ [ [ 15.65850624, 52.45676979 ], [ 15.68233455, 51.89014192 ], [ 16.55831294, 51.63743695 ], [ 17.42044306, 51.94921901 ], [ 17.41115904, 52.51672781 ], [ 16.52514859, 52.77163656 ], [ 15.65850624, 52.45676979 ] ] ] } },
{ "type": "Feature", "properties": { "id": 319 }, "geometry": { "type": "Polygon", "coordinates": [ [ [ 15.65850624, 52.45676979 ], [ 15.68233455, 51.89014192 ], [ 16.55831294, 51.63743695 ], [ 17.42044306, 51.94921901 ], [ 17.41115904, 52.51672781 ], [ 16.52514859, 52.77163656 ], [ 15.65850624, 52.45676979 ] ] ] } },
{ "type": "Feature", "properties": { "id": 320 }, "geometry": { "type": "Polygon", "coordinates": [ [ [ 14.73893306, 53.25694132 ], [ 14.77073743, 52.69837346 ], [ 15.65850624, 52.45676979 ], [ 16.52514859, 52.77163656 ], [ 16.50814335, 53.33120219 ], [ 15.60963136, 53.57496623 ], [ 14.73893306, 53.25694132 ] ] ] } },
{ "type": "Feature", "properties": { "id": 321 }, "geometry": { "type": "Polygon", "coordinates": [ [ [ 20.93926391, 52.55868184 ], [ 20.91905668, 51.99031374 ], [ 21.78239484, 51.69827848 ], [ 22.67309986, 51.97188672 ], [ 22.70808927, 52.5402279 ], [ 21.83760574, 52.8350527 ], [ 20.93926391, 52.55868184 ] ] ] } },
{ "type": "Feature", "properties": { "id": 322 }, "geometry": { "type": "Polygon", "coordinates": [ [ [ 16.50814335, 53.33120219 ], [ 16.52514859, 52.77163656 ], [ 17.41115904, 52.51672781 ], [ 18.28996349, 52.819052 ], [ 18.28796724, 53.37932209 ], [ 17.39211441, 53.636628 ], [ 16.50814335, 53.33120219 ] ] ] } },
{ "type": "Feature", "properties": { "id": 323 }, "geometry": { "type": "Polygon", "coordinates": [ [ [ 20.93926391, 52.55868184 ], [ 20.91905668, 51.99031374 ], [ 21.78239484, 51.69827848 ], [ 22.67309986, 51.97188672 ], [ 22.70808927, 52.5402279 ], [ 21.83760574, 52.8350527 ], [ 20.93926391, 52.55868184 ] ] ] } },
{ "type": "Feature", "properties": { "id": 324 }, "geometry": { "type": "Polygon", "coordinates": [ [ [ 20.93926391, 52.55868184 ], [ 20.91905668, 51.99031374 ], [ 21.78239484, 51.69827848 ], [ 22.67309986, 51.97188672 ], [ 22.70808927, 52.5402279 ], [ 21.83760574, 52.8350527 ], [ 20.93926391, 52.55868184 ] ] ] } },
{ "type": "Feature", "properties": { "id": 325 }, "geometry": { "type": "Polygon", "coordinates": [ [ [ 20.93926391, 52.55868184 ], [ 20.91905668, 51.99031374 ], [ 21.78239484, 51.69827848 ], [ 22.67309986, 51.97188672 ], [ 22.70808927, 52.5402279 ], [ 21.83760574, 52.8350527 ], [ 20.93926391, 52.55868184 ] ] ] } },
{ "type": "Feature", "properties": { "id": 326 }, "geometry": { "type": "Polygon", "coordinates": [ [ [ 16.50814335, 53.33120219 ], [ 16.52514859, 52.77163656 ], [ 17.41115904, 52.51672781 ], [ 18.28996349, 52.819052 ], [ 18.28796724, 53.37932209 ], [ 17.39211441, 53.636628 ], [ 16.50814335, 53.33120219 ] ] ] } },
{ "type": "Feature", "properties": { "id": 327 }, "geometry": { "type": "Polygon", "coordinates": [ [ [ 14.73893306, 53.25694132 ], [ 14.77073743, 52.69837346 ], [ 15.65850624, 52.45676979 ], [ 16.52514859, 52.77163656 ], [ 16.50814335, 53.33120219 ], [ 15.60963136, 53.57496623 ], [ 14.73893306, 53.25694132 ] ] ] } },
{ "type": "Feature", "properties": { "id": 328 }, "geometry": { "type": "Polygon", "coordinates": [ [ [ 16.50814335, 53.33120219 ], [ 16.52514859, 52.77163656 ], [ 17.41115904, 52.51672781 ], [ 18.28996349, 52.819052 ], [ 18.28796724, 53.37932209 ], [ 17.39211441, 53.636628 ], [ 16.50814335, 53.33120219 ] ] ] } },
{ "type": "Feature", "properties": { "id": 329 }, "geometry": { "type": "Polygon", "coordinates": [ [ [ 18.28796724, 53.37932209 ], [ 18.28996349, 52.819052 ], [ 19.17250585, 52.55079476 ], [ 20.06190264, 52.84026629 ], [ 20.07504119, 53.40094272 ], [ 19.18362806, 53.67180671 ], [ 18.28796724, 53.37932209 ] ] ] } },
{ "type": "Feature", "properties": { "id": 330 }, "geometry": { "type": "Polygon", "coordinates": [ [ [ 20.07504119, 53.40094272 ], [ 20.06190264, 52.84026629 ], [ 20.93926391, 52.55868184 ], [ 21.83760574, 52.8350527 ], [ 21.86591799, 53.39583473 ], [ 20.98071822, 53.68020609 ], [ 20.07504119, 53.40094272 ] ] ] } },
{ "type": "Feature", "properties": { "id": 331 }, "geometry": { "type": "Polygon", "coordinates": [ [ [ 18.28796724, 53.37932209 ], [ 18.28996349, 52.819052 ], [ 19.17250585, 52.55079476 ], [ 20.06190264, 52.84026629 ], [ 20.07504119, 53.40094272 ], [ 19.18362806, 53.67180671 ], [ 18.28796724, 53.37932209 ] ] ] } },
{ "type": "Feature", "properties": { "id": 332 }, "geometry": { "type": "Polygon", "coordinates": [ [ [ 20.07504119, 53.40094272 ], [ 20.06190264, 52.84026629 ], [ 20.93926391, 52.55868184 ], [ 21.83760574, 52.8350527 ], [ 21.86591799, 53.39583473 ], [ 20.98071822, 53.68020609 ], [ 20.07504119, 53.40094272 ] ] ] } },
{ "type": "Feature", "properties": { "id": 333 }, "geometry": { "type": "Polygon", "coordinates": [ [ [ 20.07504119, 53.40094272 ], [ 20.06190264, 52.84026629 ], [ 20.93926391, 52.55868184 ], [ 21.83760574, 52.8350527 ], [ 21.86591799, 53.39583473 ], [ 20.98071822, 53.68020609 ], [ 20.07504119, 53.40094272 ] ] ] } },
{ "type": "Feature", "properties": { "id": 334 }, "geometry": { "type": "Polygon", "coordinates": [ [ [ 20.93926391, 52.55868184 ], [ 20.91905668, 51.99031374 ], [ 21.78239484, 51.69827848 ], [ 22.67309986, 51.97188672 ], [ 22.70808927, 52.5402279 ], [ 21.83760574, 52.8350527 ], [ 20.93926391, 52.55868184 ] ] ] } },
{ "type": "Feature", "properties": { "id": 335 }, "geometry": { "type": "Polygon", "coordinates": [ [ [ 20.07504119, 53.40094272 ], [ 20.06190264, 52.84026629 ], [ 20.93926391, 52.55868184 ], [ 21.83760574, 52.8350527 ], [ 21.86591799, 53.39583473 ], [ 20.98071822, 53.68020609 ], [ 20.07504119, 53.40094272 ] ] ] } },
{ "type": "Feature", "properties": { "id": 336 }, "geometry": { "type": "Polygon", "coordinates": [ [ [ 21.86591799, 53.39583473 ], [ 21.83760574, 52.8350527 ], [ 22.70808927, 52.5402279 ], [ 23.61366933, 52.80331484 ], [ 23.65710617, 53.36390144 ], [ 22.77986553, 53.66166209 ], [ 21.86591799, 53.39583473 ] ] ] } },
{ "type": "Feature", "properties": { "id": 337 }, "geometry": { "type": "Polygon", "coordinates": [ [ [ 21.86591799, 53.39583473 ], [ 21.83760574, 52.8350527 ], [ 22.70808927, 52.5402279 ], [ 23.61366933, 52.80331484 ], [ 23.65710617, 53.36390144 ], [ 22.77986553, 53.66166209 ], [ 21.86591799, 53.39583473 ] ] ] } },
{ "type": "Feature", "properties": { "id": 338 }, "geometry": { "type": "Polygon", "coordinates": [ [ [ 21.86591799, 53.39583473 ], [ 21.83760574, 52.8350527 ], [ 22.70808927, 52.5402279 ], [ 23.61366933, 52.80331484 ], [ 23.65710617, 53.36390144 ], [ 22.77986553, 53.66166209 ], [ 21.86591799, 53.39583473 ] ] ] } },
{ "type": "Feature", "properties": { "id": 339 }, "geometry": { "type": "Polygon", "coordinates": [ [ [ 20.07504119, 53.40094272 ], [ 20.06190264, 52.84026629 ], [ 20.93926391, 52.55868184 ], [ 21.83760574, 52.8350527 ], [ 21.86591799, 53.39583473 ], [ 20.98071822, 53.68020609 ], [ 20.07504119, 53.40094272 ] ] ] } },
{ "type": "Feature", "properties": { "id": 340 }, "geometry": { "type": "Polygon", "coordinates": [ [ [ 20.93926391, 52.55868184 ], [ 20.91905668, 51.99031374 ], [ 21.78239484, 51.69827848 ], [ 22.67309986, 51.97188672 ], [ 22.70808927, 52.5402279 ], [ 21.83760574, 52.8350527 ], [ 20.93926391, 52.55868184 ] ] ] } },
{ "type": "Feature", "properties": { "id": 341 }, "geometry": { "type": "Polygon", "coordinates": [ [ [ 22.70808927, 52.5402279 ], [ 22.67309986, 51.97188672 ], [ 23.52895882, 51.66689912 ], [ 24.42592995, 51.92739197 ], [ 24.47561443, 52.49540206 ], [ 23.61366933, 52.80331484 ], [ 22.70808927, 52.5402279 ] ] ] } },
{ "type": "Feature", "properties": { "id": 342 }, "geometry": { "type": "Polygon", "coordinates": [ [ [ 20.93926391, 52.55868184 ], [ 20.91905668, 51.99031374 ], [ 21.78239484, 51.69827848 ], [ 22.67309986, 51.97188672 ], [ 22.70808927, 52.5402279 ], [ 21.83760574, 52.8350527 ], [ 20.93926391, 52.55868184 ] ] ] } },
{ "type": "Feature", "properties": { "id": 343 }, "geometry": { "type": "Polygon", "coordinates": [ [ [ 21.86591799, 53.39583473 ], [ 21.83760574, 52.8350527 ], [ 22.70808927, 52.5402279 ], [ 23.61366933, 52.80331484 ], [ 23.65710617, 53.36390144 ], [ 22.77986553, 53.66166209 ], [ 21.86591799, 53.39583473 ] ] ] } },
{ "type": "Feature", "properties": { "id": 344 }, "geometry": { "type": "Polygon", "coordinates": [ [ [ 22.70808927, 52.5402279 ], [ 22.67309986, 51.97188672 ], [ 23.52895882, 51.66689912 ], [ 24.42592995, 51.92739197 ], [ 24.47561443, 52.49540206 ], [ 23.61366933, 52.80331484 ], [ 22.70808927, 52.5402279 ] ] ] } },
{ "type": "Feature", "properties": { "id": 345 }, "geometry": { "type": "Polygon", "coordinates": [ [ [ 21.86591799, 53.39583473 ], [ 21.83760574, 52.8350527 ], [ 22.70808927, 52.5402279 ], [ 23.61366933, 52.80331484 ], [ 23.65710617, 53.36390144 ], [ 22.77986553, 53.66166209 ], [ 21.86591799, 53.39583473 ] ] ] } },
{ "type": "Feature", "properties": { "id": 346 }, "geometry": { "type": "Polygon", "coordinates": [ [ [ 22.60484482, 50.82018253 ], [ 22.57155115, 50.23692458 ], [ 23.40703884, 49.9248856 ], [ 24.28171575, 50.193368 ], [ 24.32900034, 50.77632225 ], [ 23.48764963, 51.09116066 ], [ 22.60484482, 50.82018253 ] ] ] } },
{ "type": "Feature", "properties": { "id": 347 }, "geometry": { "type": "Polygon", "coordinates": [ [ [ 18.29385635, 51.6833889 ], [ 18.29575461, 51.10808629 ], [ 19.15650838, 50.83158197 ], [ 20.02378912, 51.12798689 ], [ 20.03628203, 51.70374321 ], [ 19.1670842, 51.98270463 ], [ 18.29385635, 51.6833889 ] ] ] } },
{ "type": "Feature", "properties": { "id": 348 }, "geometry": { "type": "Polygon", "coordinates": [ [ [ 18.29385635, 51.6833889 ], [ 18.29575461, 51.10808629 ], [ 19.15650838, 50.83158197 ], [ 20.02378912, 51.12798689 ], [ 20.03628203, 51.70374321 ], [ 19.1670842, 51.98270463 ], [ 18.29385635, 51.6833889 ] ] ] } },
{ "type": "Feature", "properties": { "id": 349 }, "geometry": { "type": "Polygon", "coordinates": [ [ [ 18.29385635, 51.6833889 ], [ 18.29575461, 51.10808629 ], [ 19.15650838, 50.83158197 ], [ 20.02378912, 51.12798689 ], [ 20.03628203, 51.70374321 ], [ 19.1670842, 51.98270463 ], [ 18.29385635, 51.6833889 ] ] ] } },
{ "type": "Feature", "properties": { "id": 350 }, "geometry": { "type": "Polygon", "coordinates": [ [ [ 18.29385635, 51.6833889 ], [ 18.29575461, 51.10808629 ], [ 19.15650838, 50.83158197 ], [ 20.02378912, 51.12798689 ], [ 20.03628203, 51.70374321 ], [ 19.1670842, 51.98270463 ], [ 18.29385635, 51.6833889 ] ] ] } },
{ "type": "Feature", "properties": { "id": 351 }, "geometry": { "type": "Polygon", "coordinates": [ [ [ 16.55831294, 51.63743695 ], [ 16.57448598, 51.06289358 ], [ 17.43855404, 50.79931026 ], [ 18.29575461, 51.10808629 ], [ 18.29385635, 51.6833889 ], [ 17.42044306, 51.94921901 ], [ 16.55831294, 51.63743695 ] ] ] } },
{ "type": "Feature", "properties": { "id": 352 }, "geometry": { "type": "Polygon", "coordinates": [ [ [ 18.29385635, 51.6833889 ], [ 18.29575461, 51.10808629 ], [ 19.15650838, 50.83158197 ], [ 20.02378912, 51.12798689 ], [ 20.03628203, 51.70374321 ], [ 19.1670842, 51.98270463 ], [ 18.29385635, 51.6833889 ] ] ] } },
{ "type": "Feature", "properties": { "id": 353 }, "geometry": { "type": "Polygon", "coordinates": [ [ [ 15.72882266, 50.74205382 ], [ 15.75150138, 50.16069867 ], [ 16.60604685, 49.89918214 ], [ 17.44738844, 50.21701519 ], [ 17.43855404, 50.79931026 ], [ 16.57448598, 51.06289358 ], [ 15.72882266, 50.74205382 ] ] ] } },
{ "type": "Feature", "properties": { "id": 354 }, "geometry": { "type": "Polygon", "coordinates": [ [ [ 12.98357923, 53.15702121 ], [ 13.02989321, 52.59973749 ], [ 13.91773302, 52.37133269 ], [ 14.77073743, 52.69837346 ], [ 14.73893306, 53.25694132 ], [ 13.83952861, 53.48724516 ], [ 12.98357923, 53.15702121 ] ] ] } },
{ "type": "Feature", "properties": { "id": 355 }, "geometry": { "type": "Polygon", "coordinates": [ [ [ 13.79942434, 54.03762692 ], [ 13.83952861, 53.48724516 ], [ 14.73893306, 53.25694132 ], [ 15.60963136, 53.57496623 ], [ 15.58456386, 54.12645786 ], [ 14.67368187, 54.35887748 ], [ 13.79942434, 54.03762692 ] ] ] } },
{ "type": "Feature", "properties": { "id": 356 }, "geometry": { "type": "Polygon", "coordinates": [ [ [ 13.79942434, 54.03762692 ], [ 13.83952861, 53.48724516 ], [ 14.73893306, 53.25694132 ], [ 15.60963136, 53.57496623 ], [ 15.58456386, 54.12645786 ], [ 14.67368187, 54.35887748 ], [ 13.79942434, 54.03762692 ] ] ] } },
{ "type": "Feature", "properties": { "id": 357 }, "geometry": { "type": "Polygon", "coordinates": [ [ [ 13.79942434, 54.03762692 ], [ 13.83952861, 53.48724516 ], [ 14.73893306, 53.25694132 ], [ 15.60963136, 53.57496623 ], [ 15.58456386, 54.12645786 ], [ 14.67368187, 54.35887748 ], [ 13.79942434, 54.03762692 ] ] ] } },
{ "type": "Feature", "properties": { "id": 358 }, "geometry": { "type": "Polygon", "coordinates": [ [ [ 15.58456386, 54.12645786 ], [ 15.60963136, 53.57496623 ], [ 16.50814335, 53.33120219 ], [ 17.39211441, 53.636628 ], [ 17.38234557, 54.18894285 ], [ 16.47325019, 54.43507326 ], [ 15.58456386, 54.12645786 ] ] ] } },
{ "type": "Feature", "properties": { "id": 359 }, "geometry": { "type": "Polygon", "coordinates": [ [ [ 18.29385635, 51.6833889 ], [ 18.29575461, 51.10808629 ], [ 19.15650838, 50.83158197 ], [ 20.02378912, 51.12798689 ], [ 20.03628203, 51.70374321 ], [ 19.1670842, 51.98270463 ], [ 18.29385635, 51.6833889 ] ] ] } },
{ "type": "Feature", "properties": { "id": 360 }, "geometry": { "type": "Polygon", "coordinates": [ [ [ 21.78239484, 51.69827848 ], [ 21.7554729, 51.1223767 ], [ 22.60484482, 50.82018253 ], [ 23.48764963, 51.09116066 ], [ 23.52895882, 51.66689912 ], [ 22.67309986, 51.97188672 ], [ 21.78239484, 51.69827848 ] ] ] } },
{ "type": "Feature", "properties": { "id": 361 }, "geometry": { "type": "Polygon", "coordinates": [ [ [ 18.29385635, 51.6833889 ], [ 18.29575461, 51.10808629 ], [ 19.15650838, 50.83158197 ], [ 20.02378912, 51.12798689 ], [ 20.03628203, 51.70374321 ], [ 19.1670842, 51.98270463 ], [ 18.29385635, 51.6833889 ] ] ] } },
{ "type": "Feature", "properties": { "id": 362 }, "geometry": { "type": "Polygon", "coordinates": [ [ [ 20.87963932, 50.83859151 ], [ 20.86041294, 50.25534224 ], [ 21.7029406, 49.95580621 ], [ 22.57155115, 50.23692458 ], [ 22.60484482, 50.82018253 ], [ 21.7554729, 51.1223767 ], [ 20.87963932, 50.83859151 ] ] ] } },
{ "type": "Feature", "properties": { "id": 363 }, "geometry": { "type": "Polygon", "coordinates": [ [ [ 21.78239484, 51.69827848 ], [ 21.7554729, 51.1223767 ], [ 22.60484482, 50.82018253 ], [ 23.48764963, 51.09116066 ], [ 23.52895882, 51.66689912 ], [ 22.67309986, 51.97188672 ], [ 21.78239484, 51.69827848 ] ] ] } },
{ "type": "Feature", "properties": { "id": 364 }, "geometry": { "type": "Polygon", "coordinates": [ [ [ 21.78239484, 51.69827848 ], [ 21.7554729, 51.1223767 ], [ 22.60484482, 50.82018253 ], [ 23.48764963, 51.09116066 ], [ 23.52895882, 51.66689912 ], [ 22.67309986, 51.97188672 ], [ 21.78239484, 51.69827848 ] ] ] } },
{ "type": "Feature", "properties": { "id": 365 }, "geometry": { "type": "Polygon", "coordinates": [ [ [ 21.78239484, 51.69827848 ], [ 21.7554729, 51.1223767 ], [ 22.60484482, 50.82018253 ], [ 23.48764963, 51.09116066 ], [ 23.52895882, 51.66689912 ], [ 22.67309986, 51.97188672 ], [ 21.78239484, 51.69827848 ] ] ] } },
{ "type": "Feature", "properties": { "id": 366 }, "geometry": { "type": "Polygon", "coordinates": [ [ [ 21.78239484, 51.69827848 ], [ 21.7554729, 51.1223767 ], [ 22.60484482, 50.82018253 ], [ 23.48764963, 51.09116066 ], [ 23.52895882, 51.66689912 ], [ 22.67309986, 51.97188672 ], [ 21.78239484, 51.69827848 ] ] ] } },
{ "type": "Feature", "properties": { "id": 367 }, "geometry": { "type": "Polygon", "coordinates": [ [ [ 21.78239484, 51.69827848 ], [ 21.7554729, 51.1223767 ], [ 22.60484482, 50.82018253 ], [ 23.48764963, 51.09116066 ], [ 23.52895882, 51.66689912 ], [ 22.67309986, 51.97188672 ], [ 21.78239484, 51.69827848 ] ] ] } },
{ "type": "Feature", "properties": { "id": 368 }, "geometry": { "type": "Polygon", "coordinates": [ [ [ 22.81668337, 54.21467861 ], [ 22.77986553, 53.66166209 ], [ 23.65710617, 53.36390144 ], [ 24.57752641, 53.61614554 ], [ 24.62979751, 54.16880211 ], [ 23.74623641, 54.46964051 ], [ 22.81668337, 54.21467861 ] ] ] } },
{ "type": "Feature", "properties": { "id": 369 }, "geometry": { "type": "Polygon", "coordinates": [ [ [ 21.86591799, 53.39583473 ], [ 21.83760574, 52.8350527 ], [ 22.70808927, 52.5402279 ], [ 23.61366933, 52.80331484 ], [ 23.65710617, 53.36390144 ], [ 22.77986553, 53.66166209 ], [ 21.86591799, 53.39583473 ] ] ] } },
{ "type": "Feature", "properties": { "id": 370 }, "geometry": { "type": "Polygon", "coordinates": [ [ [ 21.86591799, 53.39583473 ], [ 21.83760574, 52.8350527 ], [ 22.70808927, 52.5402279 ], [ 23.61366933, 52.80331484 ], [ 23.65710617, 53.36390144 ], [ 22.77986553, 53.66166209 ], [ 21.86591799, 53.39583473 ] ] ] } },
{ "type": "Feature", "properties": { "id": 371 }, "geometry": { "type": "Polygon", "coordinates": [ [ [ 21.86591799, 53.39583473 ], [ 21.83760574, 52.8350527 ], [ 22.70808927, 52.5402279 ], [ 23.61366933, 52.80331484 ], [ 23.65710617, 53.36390144 ], [ 22.77986553, 53.66166209 ], [ 21.86591799, 53.39583473 ] ] ] } },
{ "type": "Feature", "properties": { "id": 372 }, "geometry": { "type": "Polygon", "coordinates": [ [ [ 22.70808927, 52.5402279 ], [ 22.67309986, 51.97188672 ], [ 23.52895882, 51.66689912 ], [ 24.42592995, 51.92739197 ], [ 24.47561443, 52.49540206 ], [ 23.61366933, 52.80331484 ], [ 22.70808927, 52.5402279 ] ] ] } },
{ "type": "Feature", "properties": { "id": 373 }, "geometry": { "type": "Polygon", "coordinates": [ [ [ 21.86591799, 53.39583473 ], [ 21.83760574, 52.8350527 ], [ 22.70808927, 52.5402279 ], [ 23.61366933, 52.80331484 ], [ 23.65710617, 53.36390144 ], [ 22.77986553, 53.66166209 ], [ 21.86591799, 53.39583473 ] ] ] } },
{ "type": "Feature", "properties": { "id": 374 }, "geometry": { "type": "Polygon", "coordinates": [ [ [ 22.81668337, 54.21467861 ], [ 22.77986553, 53.66166209 ], [ 23.65710617, 53.36390144 ], [ 24.57752641, 53.61614554 ], [ 24.62979751, 54.16880211 ], [ 23.74623641, 54.46964051 ], [ 22.81668337, 54.21467861 ] ] ] } },
{ "type": "Feature", "properties": { "id": 375 }, "geometry": { "type": "Polygon", "coordinates": [ [ [ 21.86591799, 53.39583473 ], [ 21.83760574, 52.8350527 ], [ 22.70808927, 52.5402279 ], [ 23.61366933, 52.80331484 ], [ 23.65710617, 53.36390144 ], [ 22.77986553, 53.66166209 ], [ 21.86591799, 53.39583473 ] ] ] } },
{ "type": "Feature", "properties": { "id": 376 }, "geometry": { "type": "Polygon", "coordinates": [ [ [ 19.17250585, 52.55079476 ], [ 19.1670842, 51.98270463 ], [ 20.03628203, 51.70374321 ], [ 20.91905668, 51.99031374 ], [ 20.93926391, 52.55868184 ], [ 20.06190264, 52.84026629 ], [ 19.17250585, 52.55079476 ] ] ] } },
{ "type": "Feature", "properties": { "id": 377 }, "geometry": { "type": "Polygon", "coordinates": [ [ [ 18.29385635, 51.6833889 ], [ 18.29575461, 51.10808629 ], [ 19.15650838, 50.83158197 ], [ 20.02378912, 51.12798689 ], [ 20.03628203, 51.70374321 ], [ 19.1670842, 51.98270463 ], [ 18.29385635, 51.6833889 ] ] ] } },
{ "type": "Feature", "properties": { "id": 378 }, "geometry": { "type": "Polygon", "coordinates": [ [ [ 18.29385635, 51.6833889 ], [ 18.29575461, 51.10808629 ], [ 19.15650838, 50.83158197 ], [ 20.02378912, 51.12798689 ], [ 20.03628203, 51.70374321 ], [ 19.1670842, 51.98270463 ], [ 18.29385635, 51.6833889 ] ] ] } },
{ "type": "Feature", "properties": { "id": 379 }, "geometry": { "type": "Polygon", "coordinates": [ [ [ 22.81668337, 54.21467861 ], [ 22.77986553, 53.66166209 ], [ 23.65710617, 53.36390144 ], [ 24.57752641, 53.61614554 ], [ 24.62979751, 54.16880211 ], [ 23.74623641, 54.46964051 ], [ 22.81668337, 54.21467861 ] ] ] } },
{ "type": "Feature", "properties": { "id": 380 }, "geometry": { "type": "Polygon", "coordinates": [ [ [ 18.29945871, 49.94280103 ], [ 18.30126603, 49.35293806 ], [ 19.14128109, 49.0683652 ], [ 19.98751859, 49.37138267 ], [ 19.99941231, 49.96174676 ], [ 19.15134983, 50.24865424 ], [ 18.29945871, 49.94280103 ] ] ] } }
]
}
