{
"type": "FeatureCollection",
"name": "pl_l6_h3_00_hx",
"crs": { "type": "name", "properties": { "name": "urn:ogc:def:crs:OGC:1.3:CRS84" } },
"xy_coordinate_resolution": 1e-08,
"features": [
{ "type": "Feature", "properties": { "id": 1 }, "geometry": { "type": "Polygon", "coordinates": [ [ [ 5.52364655, 55.70676847 ], [ 2.02656897, 45.18424869 ], [ 13.24431348, 37.52371237 ], [ 28.84686885, 39.64331055 ], [ 36.11672363, 49.77934287 ], [ 25.08272233, 58.40154487 ], [ 5.52364655, 55.70676847 ] ] ] } },
{ "type": "Feature", "properties": { "id": 2 }, "geometry": { "type": "Polygon", "coordinates": [ [ [ 5.52364655, 55.70676847 ], [ 2.02656897, 45.18424869 ], [ 13.24431348, 37.52371237 ], [ 28.84686885, 39.64331055 ], [ 36.11672363, 49.77934287 ], [ 25.08272233, 58.40154487 ], [ 5.52364655, 55.70676847 ] ] ] } },
{ "type": "Feature", "properties": { "id": 3 }, "geometry": { "type": "Polygon", "coordinates": [ [ [ 5.52364655, 55.70676847 ], [ 2.02656897, 45.18424869 ], [ 13.24431348, 37.52371237 ], [ 28.84686885, 39.64331055 ], [ 36.11672363, 49.77934287 ], [ 25.08272233, 58.40154487 ], [ 5.52364655, 55.70676847 ] ] ] } },
{ "type": "Feature", "properties": { "id": 4 }, "geometry": { "type": "Polygon", "coordinates": [ [ [ 5.52364655, 55.70676847 ], [ 2.02656897, 45.18424869 ], [ 13.24431348, 37.52371237 ], [ 28.84686885, 39.64331055 ], [ 36.11672363, 49.77934287 ], [ 25.08272233, 58.40154487 ], [ 5.52364655, 55.70676847 ] ] ] } },
{ "type": "Feature", "properties": { "id": 5 }, "geometry": { "type": "Polygon", "coordinates": [ [ [ 5.52364655, 55.70676847 ], [ 2.02656897, 45.18424869 ], [ 13.24431348, 37.52371237 ], [ 28.84686885, 39.64331055 ], [ 36.11672363, 49.77934287 ], [ 25.08272233, 58.40154487 ], [ 5.52364655, 55.70676847 ] ] ] } },
{ "type": "Feature", "properties": { "id": 6 }, "geometry": { "type": "Polygon", "coordinates": [ [ [ 5.52364655, 55.70676847 ], [ 2.02656897, 45.18424869 ], [ 13.24431348, 37.52371237 ], [ 28.84686885, 39.64331055 ], [ 36.11672363, 49.77934287 ], [ 25.08272233, 58.40154487 ], [ 5.52364655, 55.70676847 ] ] ] } },
{ "type": "Feature", "properties": { "id": 7 }, "geometry": { "type": "Polygon", "coordinates": [ [ [ 5.52364655, 55.70676847 ], [ 2.02656897, 45.18424869 ], [ 13.24431348, 37.52371237 ], [ 28.84686885, 39.64331055 ], [ 36.11672363, 49.77934287 ], [ 25.08272233, 58.40154487 ], [ 5.52364655, 55.70676847 ] ] ] } },
{ "type": "Feature", "properties": { "id": 8 }, "geometry": { "type": "Polygon", "coordinates": [ [ [ 5.52364655, 55.70676847 ], [ 2.02656897, 45.18424869 ], [ 13.24431348, 37.52371237 ], [ 28.84686885, 39.64331055 ], [ 36.11672363, 49.77934287 ], [ 25.08272233, 58.40154487 ], [ 5.52364655, 55.70676847 ] ] ] } },
{ "type": "Feature", "properties": { "id": 9 }, "geometry": { "type": "Polygon", "coordinates": [ [ [ 5.52364655, 55.70676847 ], [ 2.02656897, 45.18424869 ], [ 13.24431348, 37.52371237 ], [ 28.84686885, 39.64331055 ], [ 36.11672363, 49.77934287 ], [ 25.08272233, 58.40154487 ], [ 5.52364655, 55.70676847 ] ] ] } },
{ "type": "Feature", "properties": { "id": 10 }, "geometry": { "type": "Polygon", "coordinates": [ [ [ 5.52364655, 55.70676847 ], [ 2.02656897, 45.18424869 ], [ 13.24431348, 37.52371237 ], [ 28.84686885, 39.64331055 ], [ 36.11672363, 49.77934287 ], [ 25.08272233, 58.40154487 ], [ 5.52364655, 55.70676847 ] ] ] } },
{ "type": "Feature", "properties": { "id": 11 }, "geometry": { "type": "Polygon", "coordinates": [ [ [ 5.52364655, 55.70676847 ], [ 2.02656897, 45.18424869 ], [ 13.24431348, 37.52371237 ], [ 28.84686885, 39.64331055 ], [ 36.11672363, 49.77934287 ], [ 25.08272233, 58.40154487 ], [ 5.52364655, 55.70676847 ] ] ] } },
{ "type": "Feature", "properties": { "id": 12 }, "geometry": { "type": "Polygon", "coordinates": [ [ [ 5.52364655, 55.70676847 ], [ 2.02656897, 45.18424869 ], [ 13.24431348, 37.52371237 ], [ 28.84686885, 39.64331055 ], [ 36.11672363, 49.77934287 ], [ 25.08272233, 58.40154487 ], [ 5.52364655, 55.70676847 ] ] ] } },
{ "type": "Feature", "properties": { "id": 13 }, "geometry": { "type": "Polygon", "coordinates": [ [ [ 5.52364655, 55.70676847 ], [ 2.02656897, 45.18424869 ], [ 13.24431348, 37.52371237 ], [ 28.84686885, 39.64331055 ], [ 36.11672363, 49.77934287 ], [ 25.08272233, 58.40154487 ], [ 5.52364655, 55.70676847 ] ] ] } },
{ "type": "Feature", "properties": { "id": 14 }, "geometry": { "type": "Polygon", "coordinates": [ [ [ 5.52364655, 55.70676847 ], [ 2.02656897, 45.18424869 ], [ 13.24431348, 37.52371237 ], [ 28.84686885, 39.64331055 ], [ 36.11672363, 49.77934287 ], [ 25.08272233, 58.40154487 ], [ 5.52364655, 55.70676847 ] ] ] } },
{ "type": "Feature", "properties": { "id": 15 }, "geometry": { "type": "Polygon", "coordinates": [ [ [ 5.52364655, 55.70676847 ], [ 2.02656897, 45.18424869 ], [ 13.24431348, 37.52371237 ], [ 28.84686885, 39.64331055 ], [ 36.11672363, 49.77934287 ], [ 25.08272233, 58.40154487 ], [ 5.52364655, 55.70676847 ] ] ] } },
{ "type": "Feature", "properties": { "id": 16 }, "geometry": { "type": "Polygon", "coordinates": [ [ [ 5.52364655, 55.70676847 ], [ 2.02656897, 45.18424869 ], [ 13.24431348, 37.52371237 ], [ 28.84686885, 39.64331055 ], [ 36.11672363, 49.77934287 ], [ 25.08272233, 58.40154487 ], [ 5.52364655, 55.70676847 ] ] ] } },
{ "type": "Feature", "properties": { "id": 17 }, "geometry": { "type": "Polygon", "coordinates": [ [ [ 5.52364655, 55.70676847 ], [ 2.02656897, 45.18424869 ], [ 13.24431348, 37.52371237 ], [ 28.84686885, 39.64331055 ], [ 36.11672363, 49.77934287 ], [ 25.08272233, 58.40154487 ], [ 5.52364655, 55.70676847 ] ] ] } },
{ "type": "Feature", "properties": { "id": 18 }, "geometry": { "type": "Polygon", "coordinates": [ [ [ 5.52364655, 55.70676847 ], [ 2.02656897, 45.18424869 ], [ 13.24431348, 37.52371237 ], [ 28.84686885, 39.64331055 ], [ 36.11672363, 49.77934287 ], [ 25.08272233, 58.40154487 ], [ 5.52364655, 55.70676847 ] ] ] } },
{ "type": "Feature", "properties": { "id": 19 }, "geometry": { "type": "Polygon", "coordinates": [ [ [ 5.52364655, 55.70676847 ], [ 2.02656897, 45.18424869 ], [ 13.24431348, 37.52371237 ], [ 28.84686885, 39.64331055 ], [ 36.11672363, 49.77934287 ], [ 25.08272233, 58.40154487 ], [ 5.52364655, 55.70676847 ] ] ] } },
{ "type": "Feature", "properties": { "id": 20 }, "geometry": { "type": "Polygon", "coordinates": [ [ [ 5.52364655, 55.70676847 ], [ 2.02656897, 45.18424869 ], [ 13.24431348, 37.52371237 ], [ 28.84686885, 39.64331055 ], [ 36.11672363, 49.77934287 ], [ 25.08272233, 58.40154487 ], [ 5.52364655, 55.70676847 ] ] ] } },
{ "type": "Feature", "properties": { "id": 21 }, "geometry": { "type": "Polygon", "coordinates": [ [ [ 5.52364655, 55.70676847 ], [ 2.02656897, 45.18424869 ], [ 13.24431348, 37.52371237 ], [ 28.84686885, 39.64331055 ], [ 36.11672363, 49.77934287 ], [ 25.08272233, 58.40154487 ], [ 5.52364655, 55.70676847 ] ] ] } },
{ "type": "Feature", "properties": { "id": 22 }, "geometry": { "type": "Polygon", "coordinates": [ [ [ 5.52364655, 55.70676847 ], [ 2.02656897, 45.18424869 ], [ 13.24431348, 37.52371237 ], [ 28.84686885, 39.64331055 ], [ 36.11672363, 49.77934287 ], [ 25.08272233, 58.40154487 ], [ 5.52364655, 55.70676847 ] ] ] } },
{ "type": "Feature", "properties": { "id": 23 }, "geometry": { "type": "Polygon", "coordinates": [ [ [ 5.52364655, 55.70676847 ], [ 2.02656897, 45.18424869 ], [ 13.24431348, 37.52371237 ], [ 28.84686885, 39.64331055 ], [ 36.11672363, 49.77934287 ], [ 25.08272233, 58.40154487 ], [ 5.52364655, 55.70676847 ] ] ] } },
{ "type": "Feature", "properties": { "id": 24 }, "geometry": { "type": "Polygon", "coordinates": [ [ [ 5.52364655, 55.70676847 ], [ 2.02656897, 45.18424869 ], [ 13.24431348, 37.52371237 ], [ 28.84686885, 39.64331055 ], [ 36.11672363, 49.77934287 ], [ 25.08272233, 58.40154487 ], [ 5.52364655, 55.70676847 ] ] ] } },
{ "type": "Feature", "properties": { "id": 25 }, "geometry": { "type": "Polygon", "coordinates": [ [ [ 5.52364655, 55.70676847 ], [ 2.02656897, 45.18424869 ], [ 13.24431348, 37.52371237 ], [ 28.84686885, 39.64331055 ], [ 36.11672363, 49.77934287 ], [ 25.08272233, 58.40154487 ], [ 5.52364655, 55.70676847 ] ] ] } },
{ "type": "Feature", "properties": { "id": 26 }, "geometry": { "type": "Polygon", "coordinates": [ [ [ 5.52364655, 55.70676847 ], [ 2.02656897, 45.18424869 ], [ 13.24431348, 37.52371237 ], [ 28.84686885, 39.64331055 ], [ 36.11672363, 49.77934287 ], [ 25.08272233, 58.40154487 ], [ 5.52364655, 55.70676847 ] ] ] } },
{ "type": "Feature", "properties": { "id": 27 }, "geometry": { "type": "Polygon", "coordinates": [ [ [ 5.52364655, 55.70676847 ], [ 2.02656897, 45.18424869 ], [ 13.24431348, 37.52371237 ], [ 28.84686885, 39.64331055 ], [ 36.11672363, 49.77934287 ], [ 25.08272233, 58.40154487 ], [ 5.52364655, 55.70676847 ] ] ] } },
{ "type": "Feature", "properties": { "id": 28 }, "geometry": { "type": "Polygon", "coordinates": [ [ [ 5.52364655, 55.70676847 ], [ 2.02656897, 45.18424869 ], [ 13.24431348, 37.52371237 ], [ 28.84686885, 39.64331055 ], [ 36.11672363, 49.77934287 ], [ 25.08272233, 58.40154487 ], [ 5.52364655, 55.70676847 ] ] ] } },
{ "type": "Feature", "properties": { "id": 29 }, "geometry": { "type": "Polygon", "coordinates": [ [ [ 5.52364655, 55.70676847 ], [ 2.02656897, 45.18424869 ], [ 13.24431348, 37.52371237 ], [ 28.84686885, 39.64331055 ], [ 36.11672363, 49.77934287 ], [ 25.08272233, 58.40154487 ], [ 5.52364655, 55.70676847 ] ] ] } },
{ "type": "Feature", "properties": { "id": 30 }, "geometry": { "type": "Polygon", "coordinates": [ [ [ 5.52364655, 55.70676847 ], [ 2.02656897, 45.18424869 ], [ 13.24431348, 37.52371237 ], [ 28.84686885, 39.64331055 ], [ 36.11672363, 49.77934287 ], [ 25.08272233, 58.40154487 ], [ 5.52364655, 55.70676847 ] ] ] } },
{ "type": "Feature", "properties": { "id": 31 }, "geometry": { "type": "Polygon", "coordinates": [ [ [ 5.52364655, 55.70676847 ], [ 2.02656897, 45.18424869 ], [ 13.24431348, 37.52371237 ], [ 28.84686885, 39.64331055 ], [ 36.11672363, 49.77934287 ], [ 25.08272233, 58.40154487 ], [ 5.52364655, 55.70676847 ] ] ] } },
{ "type": "Feature", "properties": { "id": 32 }, "geometry": { "type": "Polygon", "coordinates": [ [ [ 5.52364655, 55.70676847 ], [ 2.02656897, 45.18424869 ], [ 13.24431348, 37.52371237 ], [ 28.84686885, 39.64331055 ], [ 36.11672363, 49.77934287 ], [ 25.08272233, 58.40154487 ], [ 5.52364655, 55.70676847 ] ] ] } },
{ "type": "Feature", "properties": { "id": 33 }, "geometry": { "type": "Polygon", "coordinates": [ [ [ 5.52364655, 55.70676847 ], [ 2.02656897, 45.18424869 ], [ 13.24431348, 37.52371237 ], [ 28.84686885, 39.64331055 ], [ 36.11672363, 49.77934287 ], [ 25.08272233, 58.40154487 ], [ 5.52364655, 55.70676847 ] ] ] } },
{ "type": "Feature", "properties": { "id": 34 }, "geometry": { "type": "Polygon", "coordinates": [ [ [ 5.52364655, 55.70676847 ], [ 2.02656897, 45.18424869 ], [ 13.24431348, 37.52371237 ], [ 28.84686885, 39.64331055 ], [ 36.11672363, 49.77934287 ], [ 25.08272233, 58.40154487 ], [ 5.52364655, 55.70676847 ] ] ] } },
{ "type": "Feature", "properties": { "id": 35 }, "geometry": { "type": "Polygon", "coordinates": [ [ [ 5.52364655, 55.70676847 ], [ 2.02656897, 45.18424869 ], [ 13.24431348, 37.52371237 ], [ 28.84686885, 39.64331055 ], [ 36.11672363, 49.77934287 ], [ 25.08272233, 58.40154487 ], [ 5.52364655, 55.70676847 ] ] ] } },
{ "type": "Feature", "properties": { "id": 36 }, "geometry": { "type": "Polygon", "coordinates": [ [ [ 5.52364655, 55.70676847 ], [ 2.02656897, 45.18424869 ], [ 13.24431348, 37.52371237 ], [ 28.84686885, 39.64331055 ], [ 36.11672363, 49.77934287 ], [ 25.08272233, 58.40154487 ], [ 5.52364655, 55.70676847 ] ] ] } },
{ "type": "Feature", "properties": { "id": 37 }, "geometry": { "type": "Polygon", "coordinates": [ [ [ 5.52364655, 55.70676847 ], [ 2.02656897, 45.18424869 ], [ 13.24431348, 37.52371237 ], [ 28.84686885, 39.64331055 ], [ 36.11672363, 49.77934287 ], [ 25.08272233, 58.40154487 ], [ 5.52364655, 55.70676847 ] ] ] } },
{ "type": "Feature", "properties": { "id": 38 }, "geometry": { "type": "Polygon", "coordinates": [ [ [ 5.52364655, 55.70676847 ], [ 2.02656897, 45.18424869 ], [ 13.24431348, 37.52371237 ], [ 28.84686885, 39.64331055 ], [ 36.11672363, 49.77934287 ], [ 25.08272233, 58.40154487 ], [ 5.52364655, 55.70676847 ] ] ] } },
{ "type": "Feature", "properties": { "id": 39 }, "geometry": { "type": "Polygon", "coordinates": [ [ [ 5.52364655, 55.70676847 ], [ 2.02656897, 45.18424869 ], [ 13.24431348, 37.52371237 ], [ 28.84686885, 39.64331055 ], [ 36.11672363, 49.77934287 ], [ 25.08272233, 58.40154487 ], [ 5.52364655, 55.70676847 ] ] ] } },
{ "type": "Feature", "properties": { "id": 40 }, "geometry": { "type": "Polygon", "coordinates": [ [ [ 5.52364655, 55.70676847 ], [ 2.02656897, 45.18424869 ], [ 13.24431348, 37.52371237 ], [ 28.84686885, 39.64331055 ], [ 36.11672363, 49.77934287 ], [ 25.08272233, 58.40154487 ], [ 5.52364655, 55.70676847 ] ] ] } },
{ "type": "Feature", "properties": { "id": 41 }, "geometry": { "type": "Polygon", "coordinates": [ [ [ 5.52364655, 55.70676847 ], [ 2.02656897, 45.18424869 ], [ 13.24431348, 37.52371237 ], [ 28.84686885, 39.64331055 ], [ 36.11672363, 49.77934287 ], [ 25.08272233, 58.40154487 ], [ 5.52364655, 55.70676847 ] ] ] } },
{ "type": "Feature", "properties": { "id": 42 }, "geometry": { "type": "Polygon", "coordinates": [ [ [ 5.52364655, 55.70676847 ], [ 2.02656897, 45.18424869 ], [ 13.24431348, 37.52371237 ], [ 28.84686885, 39.64331055 ], [ 36.11672363, 49.77934287 ], [ 25.08272233, 58.40154487 ], [ 5.52364655, 55.70676847 ] ] ] } },
{ "type": "Feature", "properties": { "id": 43 }, "geometry": { "type": "Polygon", "coordinates": [ [ [ 5.52364655, 55.70676847 ], [ 2.02656897, 45.18424869 ], [ 13.24431348, 37.52371237 ], [ 28.84686885, 39.64331055 ], [ 36.11672363, 49.77934287 ], [ 25.08272233, 58.40154487 ], [ 5.52364655, 55.70676847 ] ] ] } },
{ "type": "Feature", "properties": { "id": 44 }, "geometry": { "type": "Polygon", "coordinates": [ [ [ 5.52364655, 55.70676847 ], [ 2.02656897, 45.18424869 ], [ 13.24431348, 37.52371237 ], [ 28.84686885, 39.64331055 ], [ 36.11672363, 49.77934287 ], [ 25.08272233, 58.40154487 ], [ 5.52364655, 55.70676847 ] ] ] } },
{ "type": "Feature", "properties": { "id": 45 }, "geometry": { "type": "Polygon", "coordinates": [ [ [ 5.52364655, 55.70676847 ], [ 2.02656897, 45.18424869 ], [ 13.24431348, 37.52371237 ], [ 28.84686885, 39.64331055 ], [ 36.11672363, 49.77934287 ], [ 25.08272233, 58.40154487 ], [ 5.52364655, 55.70676847 ] ] ] } },
{ "type": "Feature", "properties": { "id": 46 }, "geometry": { "type": "Polygon", "coordinates": [ [ [ 5.52364655, 55.70676847 ], [ 2.02656897, 45.18424869 ], [ 13.24431348, 37.52371237 ], [ 28.84686885, 39.64331055 ], [ 36.11672363, 49.77934287 ], [ 25.08272233, 58.40154487 ], [ 5.52364655, 55.70676847 ] ] ] } },
{ "type": "Feature", "properties": { "id": 47 }, "geometry": { "type": "Polygon", "coordinates": [ [ [ 5.52364655, 55.70676847 ], [ 2.02656897, 45.18424869 ], [ 13.24431348, 37.52371237 ], [ 28.84686885, 39.64331055 ], [ 36.11672363, 49.77934287 ], [ 25.08272233, 58.40154487 ], [ 5.52364655, 55.70676847 ] ] ] } },
{ "type": "Feature", "properties": { "id": 48 }, "geometry": { "type": "Polygon", "coordinates": [ [ [ 5.52364655, 55.70676847 ], [ 2.02656897, 45.18424869 ], [ 13.24431348, 37.52371237 ], [ 28.84686885, 39.64331055 ], [ 36.11672363, 49.77934287 ], [ 25.08272233, 58.40154487 ], [ 5.52364655, 55.70676847 ] ] ] } },
{ "type": "Feature", "properties": { "id": 49 }, "geometry": { "type": "Polygon", "coordinates": [ [ [ 5.52364655, 55.70676847 ], [ 2.02656897, 45.18424869 ], [ 13.24431348, 37.52371237 ], [ 28.84686885, 39.64331055 ], [ 36.11672363, 49.77934287 ], [ 25.08272233, 58.40154487 ], [ 5.52364655, 55.70676847 ] ] ] } },
{ "type": "Feature", "properties": { "id": 50 }, "geometry": { "type": "Polygon", "coordinates": [ [ [ 5.52364655, 55.70676847 ], [ 2.02656897, 45.18424869 ], [ 13.24431348, 37.52371237 ], [ 28.84686885, 39.64331055 ], [ 36.11672363, 49.77934287 ], [ 25.08272233, 58.40154487 ], [ 5.52364655, 55.70676847 ] ] ] } },
{ "type": "Feature", "properties": { "id": 51 }, "geometry": { "type": "Polygon", "coordinates": [ [ [ 5.52364655, 55.70676847 ], [ 2.02656897, 45.18424869 ], [ 13.24431348, 37.52371237 ], [ 28.84686885, 39.64331055 ], [ 36.11672363, 49.77934287 ], [ 25.08272233, 58.40154487 ], [ 5.52364655, 55.70676847 ] ] ] } },
{ "type": "Feature", "properties": { "id": 52 }, "geometry": { "type": "Polygon", "coordinates": [ [ [ 5.52364655, 55.70676847 ], [ 2.02656897, 45.18424869 ], [ 13.24431348, 37.52371237 ], [ 28.84686885, 39.64331055 ], [ 36.11672363, 49.77934287 ], [ 25.08272233, 58.40154487 ], [ 5.52364655, 55.70676847 ] ] ] } },
{ "type": "Feature", "properties": { "id": 57 }, "geometry": { "type": "Polygon", "coordinates": [ [ [ 5.52364655, 55.70676847 ], [ 2.02656897, 45.18424869 ], [ 13.24431348, 37.52371237 ], [ 28.84686885, 39.64331055 ], [ 36.11672363, 49.77934287 ], [ 25.08272233, 58.40154487 ], [ 5.52364655, 55.70676847 ] ] ] } },
{ "type": "Feature", "properties": { "id": 58 }, "geometry": { "type": "Polygon", "coordinates": [ [ [ 5.52364655, 55.70676847 ], [ 2.02656897, 45.18424869 ], [ 13.24431348, 37.52371237 ], [ 28.84686885, 39.64331055 ], [ 36.11672363, 49.77934287 ], [ 25.08272233, 58.40154487 ], [ 5.52364655, 55.70676847 ] ] ] } },
{ "type": "Feature", "properties": { "id": 59 }, "geometry": { "type": "Polygon", "coordinates": [ [ [ 5.52364655, 55.70676847 ], [ 2.02656897, 45.18424869 ], [ 13.24431348, 37.52371237 ], [ 28.84686885, 39.64331055 ], [ 36.11672363, 49.77934287 ], [ 25.08272233, 58.40154487 ], [ 5.52364655, 55.70676847 ] ] ] } },
{ "type": "Feature", "properties": { "id": 60 }, "geometry": { "type": "Polygon", "coordinates": [ [ [ 5.52364655, 55.70676847 ], [ 2.02656897, 45.18424869 ], [ 13.24431348, 37.52371237 ], [ 28.84686885, 39.64331055 ], [ 36.11672363, 49.77934287 ], [ 25.08272233, 58.40154487 ], [ 5.52364655, 55.70676847 ] ] ] } },
{ "type": "Feature", "properties": { "id": 61 }, "geometry": { "type": "Polygon", "coordinates": [ [ [ 5.52364655, 55.70676847 ], [ 2.02656897, 45.18424869 ], [ 13.24431348, 37.52371237 ], [ 28.84686885, 39.64331055 ], [ 36.11672363, 49.77934287 ], [ 25.08272233, 58.40154487 ], [ 5.52364655, 55.70676847 ] ] ] } },
{ "type": "Feature", "properties": { "id": 62 }, "geometry": { "type": "Polygon", "coordinates": [ [ [ 5.52364655, 55.70676847 ], [ 2.02656897, 45.18424869 ], [ 13.24431348, 37.52371237 ], [ 28.84686885, 39.64331055 ], [ 36.11672363, 49.77934287 ], [ 25.08272233, 58.40154487 ], [ 5.52364655, 55.70676847 ] ] ] } },
{ "type": "Feature", "properties": { "id": 63 }, "geometry": { "type": "Polygon", "coordinates": [ [ [ 5.52364655, 55.70676847 ], [ 2.02656897, 45.18424869 ], [ 13.24431348, 37.52371237 ], [ 28.84686885, 39.64331055 ], [ 36.11672363, 49.77934287 ], [ 25.08272233, 58.40154487 ], [ 5.52364655, 55.70676847 ] ] ] } },
{ "type": "Feature", "properties": { "id": 64 }, "geometry": { "type": "Polygon", "coordinates": [ [ [ 5.52364655, 55.70676847 ], [ 2.02656897, 45.18424869 ], [ 13.24431348, 37.52371237 ], [ 28.84686885, 39.64331055 ], [ 36.11672363, 49.77934287 ], [ 25.08272233, 58.40154487 ], [ 5.52364655, 55.70676847 ] ] ] } },
{ "type": "Feature", "properties": { "id": 65 }, "geometry": { "type": "Polygon", "coordinates": [ [ [ 5.52364655, 55.70676847 ], [ 2.02656897, 45.18424869 ], [ 13.24431348, 37.52371237 ], [ 28.84686885, 39.64331055 ], [ 36.11672363, 49.77934287 ], [ 25.08272233, 58.40154487 ], [ 5.52364655, 55.70676847 ] ] ] } },
{ "type": "Feature", "properties": { "id": 66 }, "geometry": { "type": "Polygon", "coordinates": [ [ [ 5.52364655, 55.70676847 ], [ 2.02656897, 45.18424869 ], [ 13.24431348, 37.52371237 ], [ 28.84686885, 39.64331055 ], [ 36.11672363, 49.77934287 ], [ 25.08272233, 58.40154487 ], [ 5.52364655, 55.70676847 ] ] ] } },
{ "type": "Feature", "properties": { "id": 67 }, "geometry": { "type": "Polygon", "coordinates": [ [ [ 5.52364655, 55.70676847 ], [ 2.02656897, 45.18424869 ], [ 13.24431348, 37.52371237 ], [ 28.84686885, 39.64331055 ], [ 36.11672363, 49.77934287 ], [ 25.08272233, 58.40154487 ], [ 5.52364655, 55.70676847 ] ] ] } },
{ "type": "Feature", "properties": { "id": 68 }, "geometry": { "type": "Polygon", "coordinates": [ [ [ 5.52364655, 55.70676847 ], [ 2.02656897, 45.18424869 ], [ 13.24431348, 37.52371237 ], [ 28.84686885, 39.64331055 ], [ 36.11672363, 49.77934287 ], [ 25.08272233, 58.40154487 ], [ 5.52364655, 55.70676847 ] ] ] } },
{ "type": "Feature", "properties": { "id": 69 }, "geometry": { "type": "Polygon", "coordinates": [ [ [ 5.52364655, 55.70676847 ], [ 2.02656897, 45.18424869 ], [ 13.24431348, 37.52371237 ], [ 28.84686885, 39.64331055 ], [ 36.11672363, 49.77934287 ], [ 25.08272233, 58.40154487 ], [ 5.52364655, 55.70676847 ] ] ] } },
{ "type": "Feature", "properties": { "id": 70 }, "geometry": { "type": "Polygon", "coordinates": [ [ [ 5.52364655, 55.70676847 ], [ 2.02656897, 45.18424869 ], [ 13.24431348, 37.52371237 ], [ 28.84686885, 39.64331055 ], [ 36.11672363, 49.77934287 ], [ 25.08272233, 58.40154487 ], [ 5.52364655, 55.70676847 ] ] ] } },
{ "type": "Feature", "properties": { "id": 71 }, "geometry": { "type": "Polygon", "coordinates": [ [ [ 5.52364655, 55.70676847 ], [ 2.02656897, 45.18424869 ], [ 13.24431348, 37.52371237 ], [ 28.84686885, 39.64331055 ], [ 36.11672363, 49.77934287 ], [ 25.08272233, 58.40154487 ], [ 5.52364655, 55.70676847 ] ] ] } },
{ "type": "Feature", "properties": { "id": 72 }, "geometry": { "type": "Polygon", "coordinates": [ [ [ 5.52364655, 55.70676847 ], [ 2.02656897, 45.18424869 ], [ 13.24431348, 37.52371237 ], [ 28.84686885, 39.64331055 ], [ 36.11672363, 49.77934287 ], [ 25.08272233, 58.40154487 ], [ 5.52364655, 55.70676847 ] ] ] } },
{ "type": "Feature", "properties": { "id": 73 }, "geometry": { "type": "Polygon", "coordinates": [ [ [ 5.52364655, 55.70676847 ], [ 2.02656897, 45.18424869 ], [ 13.24431348, 37.52371237 ], [ 28.84686885, 39.64331055 ], [ 36.11672363, 49.77934287 ], [ 25.08272233, 58.40154487 ], [ 5.52364655, 55.70676847 ] ] ] } },
{ "type": "Feature", "properties": { "id": 74 }, "geometry": { "type": "Polygon", "coordinates": [ [ [ 5.52364655, 55.70676847 ], [ 2.02656897, 45.18424869 ], [ 13.24431348, 37.52371237 ], [ 28.84686885, 39.64331055 ], [ 36.11672363, 49.77934287 ], [ 25.08272233, 58.40154487 ], [ 5.52364655, 55.70676847 ] ] ] } },
{ "type": "Feature", "properties": { "id": 75 }, "geometry": { "type": "Polygon", "coordinates": [ [ [ 5.52364655, 55.70676847 ], [ 2.02656897, 45.18424869 ], [ 13.24431348, 37.52371237 ], [ 28.84686885, 39.64331055 ], [ 36.11672363, 49.77934287 ], [ 25.08272233, 58.40154487 ], [ 5.52364655, 55.70676847 ] ] ] } },
{ "type": "Feature", "properties": { "id": 76 }, "geometry": { "type": "Polygon", "coordinates": [ [ [ 5.52364655, 55.70676847 ], [ 2.02656897, 45.18424869 ], [ 13.24431348, 37.52371237 ], [ 28.84686885, 39.64331055 ], [ 36.11672363, 49.77934287 ], [ 25.08272233, 58.40154487 ], [ 5.52364655, 55.70676847 ] ] ] } },
{ "type": "Feature", "properties": { "id": 77 }, "geometry": { "type": "Polygon", "coordinates": [ [ [ 5.52364655, 55.70676847 ], [ 2.02656897, 45.18424869 ], [ 13.24431348, 37.52371237 ], [ 28.84686885, 39.64331055 ], [ 36.11672363, 49.77934287 ], [ 25.08272233, 58.40154487 ], [ 5.52364655, 55.70676847 ] ] ] } },
{ "type": "Feature", "properties": { "id": 53 }, "geometry": { "type": "Polygon", "coordinates": [ [ [ 5.52364655, 55.70676847 ], [ 2.02656897, 45.18424869 ], [ 13.24431348, 37.52371237 ], [ 28.84686885, 39.64331055 ], [ 36.11672363, 49.77934287 ], [ 25.08272233, 58.40154487 ], [ 5.52364655, 55.70676847 ] ] ] } },
{ "type": "Feature", "properties": { "id": 54 }, "geometry": { "type": "Polygon", "coordinates": [ [ [ 5.52364655, 55.70676847 ], [ 2.02656897, 45.18424869 ], [ 13.24431348, 37.52371237 ], [ 28.84686885, 39.64331055 ], [ 36.11672363, 49.77934287 ], [ 25.08272233, 58.40154487 ], [ 5.52364655, 55.70676847 ] ] ] } },
{ "type": "Feature", "properties": { "id": 55 }, "geometry": { "type": "Polygon", "coordinates": [ [ [ 5.52364655, 55.70676847 ], [ 2.02656897, 45.18424869 ], [ 13.24431348, 37.52371237 ], [ 28.84686885, 39.64331055 ], [ 36.11672363, 49.77934287 ], [ 25.08272233, 58.40154487 ], [ 5.52364655, 55.70676847 ] ] ] } },
{ "type": "Feature", "properties": { "id": 56 }, "geometry": { "type": "Polygon", "coordinates": [ [ [ 5.52364655, 55.70676847 ], [ 2.02656897, 45.18424869 ], [ 13.24431348, 37.52371237 ], [ 28.84686885, 39.64331055 ], [ 36.11672363, 49.77934287 ], [ 25.08272233, 58.40154487 ], [ 5.52364655, 55.70676847 ] ] ] } },
{ "type": "Feature", "properties": { "id": 78 }, "geometry": { "type": "Polygon", "coordinates": [ [ [ 5.52364655, 55.70676847 ], [ 2.02656897, 45.18424869 ], [ 13.24431348, 37.52371237 ], [ 28.84686885, 39.64331055 ], [ 36.11672363, 49.77934287 ], [ 25.08272233, 58.40154487 ], [ 5.52364655, 55.70676847 ] ] ] } },
{ "type": "Feature", "properties": { "id": 79 }, "geometry": { "type": "Polygon", "coordinates": [ [ [ 5.52364655, 55.70676847 ], [ 2.02656897, 45.18424869 ], [ 13.24431348, 37.52371237 ], [ 28.84686885, 39.64331055 ], [ 36.11672363, 49.77934287 ], [ 25.08272233, 58.40154487 ], [ 5.52364655, 55.70676847 ] ] ] } },
{ "type": "Feature", "properties": { "id": 80 }, "geometry": { "type": "Polygon", "coordinates": [ [ [ 5.52364655, 55.70676847 ], [ 2.02656897, 45.18424869 ], [ 13.24431348, 37.52371237 ], [ 28.84686885, 39.64331055 ], [ 36.11672363, 49.77934287 ], [ 25.08272233, 58.40154487 ], [ 5.52364655, 55.70676847 ] ] ] } },
{ "type": "Feature", "properties": { "id": 81 }, "geometry": { "type": "Polygon", "coordinates": [ [ [ 5.52364655, 55.70676847 ], [ 2.02656897, 45.18424869 ], [ 13.24431348, 37.52371237 ], [ 28.84686885, 39.64331055 ], [ 36.11672363, 49.77934287 ], [ 25.08272233, 58.40154487 ], [ 5.52364655, 55.70676847 ] ] ] } },
{ "type": "Feature", "properties": { "id": 82 }, "geometry": { "type": "Polygon", "coordinates": [ [ [ 5.52364655, 55.70676847 ], [ 2.02656897, 45.18424869 ], [ 13.24431348, 37.52371237 ], [ 28.84686885, 39.64331055 ], [ 36.11672363, 49.77934287 ], [ 25.08272233, 58.40154487 ], [ 5.52364655, 55.70676847 ] ] ] } },
{ "type": "Feature", "properties": { "id": 83 }, "geometry": { "type": "Polygon", "coordinates": [ [ [ 5.52364655, 55.70676847 ], [ 2.02656897, 45.18424869 ], [ 13.24431348, 37.52371237 ], [ 28.84686885, 39.64331055 ], [ 36.11672363, 49.77934287 ], [ 25.08272233, 58.40154487 ], [ 5.52364655, 55.70676847 ] ] ] } },
{ "type": "Feature", "properties": { "id": 84 }, "geometry": { "type": "Polygon", "coordinates": [ [ [ 5.52364655, 55.70676847 ], [ 2.02656897, 45.18424869 ], [ 13.24431348, 37.52371237 ], [ 28.84686885, 39.64331055 ], [ 36.11672363, 49.77934287 ], [ 25.08272233, 58.40154487 ], [ 5.52364655, 55.70676847 ] ] ] } },
{ "type": "Feature", "properties": { "id": 85 }, "geometry": { "type": "Polygon", "coordinates": [ [ [ 5.52364655, 55.70676847 ], [ 2.02656897, 45.18424869 ], [ 13.24431348, 37.52371237 ], [ 28.84686885, 39.64331055 ], [ 36.11672363, 49.77934287 ], [ 25.08272233, 58.40154487 ], [ 5.52364655, 55.70676847 ] ] ] } },
{ "type": "Feature", "properties": { "id": 86 }, "geometry": { "type": "Polygon", "coordinates": [ [ [ 5.52364655, 55.70676847 ], [ 2.02656897, 45.18424869 ], [ 13.24431348, 37.52371237 ], [ 28.84686885, 39.64331055 ], [ 36.11672363, 49.77934287 ], [ 25.08272233, 58.40154487 ], [ 5.52364655, 55.70676847 ] ] ] } },
{ "type": "Feature", "properties": { "id": 87 }, "geometry": { "type": "Polygon", "coordinates": [ [ [ 5.52364655, 55.70676847 ], [ 2.02656897, 45.18424869 ], [ 13.24431348, 37.52371237 ], [ 28.84686885, 39.64331055 ], [ 36.11672363, 49.77934287 ], [ 25.08272233, 58.40154487 ], [ 5.52364655, 55.70676847 ] ] ] } },
{ "type": "Feature", "properties": { "id": 93 }, "geometry": { "type": "Polygon", "coordinates": [ [ [ 5.52364655, 55.70676847 ], [ 2.02656897, 45.18424869 ], [ 13.24431348, 37.52371237 ], [ 28.84686885, 39.64331055 ], [ 36.11672363, 49.77934287 ], [ 25.08272233, 58.40154487 ], [ 5.52364655, 55.70676847 ] ] ] } },
{ "type": "Feature", "properties": { "id": 94 }, "geometry": { "type": "Polygon", "coordinates": [ [ [ 5.52364655, 55.70676847 ], [ 2.02656897, 45.18424869 ], [ 13.24431348, 37.52371237 ], [ 28.84686885, 39.64331055 ], [ 36.11672363, 49.77934287 ], [ 25.08272233, 58.40154487 ], [ 5.52364655, 55.70676847 ] ] ] } },
{ "type": "Feature", "properties": { "id": 95 }, "geometry": { "type": "Polygon", "coordinates": [ [ [ 5.52364655, 55.70676847 ], [ 2.02656897, 45.18424869 ], [ 13.24431348, 37.52371237 ], [ 28.84686885, 39.64331055 ], [ 36.11672363, 49.77934287 ], [ 25.08272233, 58.40154487 ], [ 5.52364655, 55.70676847 ] ] ] } },
{ "type": "Feature", "properties": { "id": 96 }, "geometry": { "type": "Polygon", "coordinates": [ [ [ 5.52364655, 55.70676847 ], [ 2.02656897, 45.18424869 ], [ 13.24431348, 37.52371237 ], [ 28.84686885, 39.64331055 ], [ 36.11672363, 49.77934287 ], [ 25.08272233, 58.40154487 ], [ 5.52364655, 55.70676847 ] ] ] } },
{ "type": "Feature", "properties": { "id": 97 }, "geometry": { "type": "Polygon", "coordinates": [ [ [ 5.52364655, 55.70676847 ], [ 2.02656897, 45.18424869 ], [ 13.24431348, 37.52371237 ], [ 28.84686885, 39.64331055 ], [ 36.11672363, 49.77934287 ], [ 25.08272233, 58.40154487 ], [ 5.52364655, 55.70676847 ] ] ] } },
{ "type": "Feature", "properties": { "id": 98 }, "geometry": { "type": "Polygon", "coordinates": [ [ [ 5.52364655, 55.70676847 ], [ 2.02656897, 45.18424869 ], [ 13.24431348, 37.52371237 ], [ 28.84686885, 39.64331055 ], [ 36.11672363, 49.77934287 ], [ 25.08272233, 58.40154487 ], [ 5.52364655, 55.70676847 ] ] ] } },
{ "type": "Feature", "properties": { "id": 99 }, "geometry": { "type": "Polygon", "coordinates": [ [ [ 5.52364655, 55.70676847 ], [ 2.02656897, 45.18424869 ], [ 13.24431348, 37.52371237 ], [ 28.84686885, 39.64331055 ], [ 36.11672363, 49.77934287 ], [ 25.08272233, 58.40154487 ], [ 5.52364655, 55.70676847 ] ] ] } },
{ "type": "Feature", "properties": { "id": 100 }, "geometry": { "type": "Polygon", "coordinates": [ [ [ 5.52364655, 55.70676847 ], [ 2.02656897, 45.18424869 ], [ 13.24431348, 37.52371237 ], [ 28.84686885, 39.64331055 ], [ 36.11672363, 49.77934287 ], [ 25.08272233, 58.40154487 ], [ 5.52364655, 55.70676847 ] ] ] } },
{ "type": "Feature", "properties": { "id": 101 }, "geometry": { "type": "Polygon", "coordinates": [ [ [ 5.52364655, 55.70676847 ], [ 2.02656897, 45.18424869 ], [ 13.24431348, 37.52371237 ], [ 28.84686885, 39.64331055 ], [ 36.11672363, 49.77934287 ], [ 25.08272233, 58.40154487 ], [ 5.52364655, 55.70676847 ] ] ] } },
{ "type": "Feature", "properties": { "id": 102 }, "geometry": { "type": "Polygon", "coordinates": [ [ [ 5.52364655, 55.70676847 ], [ 2.02656897, 45.18424869 ], [ 13.24431348, 37.52371237 ], [ 28.84686885, 39.64331055 ], [ 36.11672363, 49.77934287 ], [ 25.08272233, 58.40154487 ], [ 5.52364655, 55.70676847 ] ] ] } },
{ "type": "Feature", "properties": { "id": 103 }, "geometry": { "type": "Polygon", "coordinates": [ [ [ 5.52364655, 55.70676847 ], [ 2.02656897, 45.18424869 ], [ 13.24431348, 37.52371237 ], [ 28.84686885, 39.64331055 ], [ 36.11672363, 49.77934287 ], [ 25.08272233, 58.40154487 ], [ 5.52364655, 55.70676847 ] ] ] } },
{ "type": "Feature", "properties": { "id": 104 }, "geometry": { "type": "Polygon", "coordinates": [ [ [ 5.52364655, 55.70676847 ], [ 2.02656897, 45.18424869 ], [ 13.24431348, 37.52371237 ], [ 28.84686885, 39.64331055 ], [ 36.11672363, 49.77934287 ], [ 25.08272233, 58.40154487 ], [ 5.52364655, 55.70676847 ] ] ] } },
{ "type": "Feature", "properties": { "id": 105 }, "geometry": { "type": "Polygon", "coordinates": [ [ [ 5.52364655, 55.70676847 ], [ 2.02656897, 45.18424869 ], [ 13.24431348, 37.52371237 ], [ 28.84686885, 39.64331055 ], [ 36.11672363, 49.77934287 ], [ 25.08272233, 58.40154487 ], [ 5.52364655, 55.70676847 ] ] ] } },
{ "type": "Feature", "properties": { "id": 106 }, "geometry": { "type": "Polygon", "coordinates": [ [ [ 5.52364655, 55.70676847 ], [ 2.02656897, 45.18424869 ], [ 13.24431348, 37.52371237 ], [ 28.84686885, 39.64331055 ], [ 36.11672363, 49.77934287 ], [ 25.08272233, 58.40154487 ], [ 5.52364655, 55.70676847 ] ] ] } },
{ "type": "Feature", "properties": { "id": 107 }, "geometry": { "type": "Polygon", "coordinates": [ [ [ 5.52364655, 55.70676847 ], [ 2.02656897, 45.18424869 ], [ 13.24431348, 37.52371237 ], [ 28.84686885, 39.64331055 ], [ 36.11672363, 49.77934287 ], [ 25.08272233, 58.40154487 ], [ 5.52364655, 55.70676847 ] ] ] } },
{ "type": "Feature", "properties": { "id": 115 }, "geometry": { "type": "Polygon", "coordinates": [ [ [ 5.52364655, 55.70676847 ], [ 2.02656897, 45.18424869 ], [ 13.24431348, 37.52371237 ], [ 28.84686885, 39.64331055 ], [ 36.11672363, 49.77934287 ], [ 25.08272233, 58.40154487 ], [ 5.52364655, 55.70676847 ] ] ] } },
{ "type": "Feature", "properties": { "id": 116 }, "geometry": { "type": "Polygon", "coordinates": [ [ [ 5.52364655, 55.70676847 ], [ 2.02656897, 45.18424869 ], [ 13.24431348, 37.52371237 ], [ 28.84686885, 39.64331055 ], [ 36.11672363, 49.77934287 ], [ 25.08272233, 58.40154487 ], [ 5.52364655, 55.70676847 ] ] ] } },
{ "type": "Feature", "properties": { "id": 117 }, "geometry": { "type": "Polygon", "coordinates": [ [ [ 5.52364655, 55.70676847 ], [ 2.02656897, 45.18424869 ], [ 13.24431348, 37.52371237 ], [ 28.84686885, 39.64331055 ], [ 36.11672363, 49.77934287 ], [ 25.08272233, 58.40154487 ], [ 5.52364655, 55.70676847 ] ] ] } },
{ "type": "Feature", "properties": { "id": 118 }, "geometry": { "type": "Polygon", "coordinates": [ [ [ 5.52364655, 55.70676847 ], [ 2.02656897, 45.18424869 ], [ 13.24431348, 37.52371237 ], [ 28.84686885, 39.64331055 ], [ 36.11672363, 49.77934287 ], [ 25.08272233, 58.40154487 ], [ 5.52364655, 55.70676847 ] ] ] } },
{ "type": "Feature", "properties": { "id": 119 }, "geometry": { "type": "Polygon", "coordinates": [ [ [ 5.52364655, 55.70676847 ], [ 2.02656897, 45.18424869 ], [ 13.24431348, 37.52371237 ], [ 28.84686885, 39.64331055 ], [ 36.11672363, 49.77934287 ], [ 25.08272233, 58.40154487 ], [ 5.52364655, 55.70676847 ] ] ] } },
{ "type": "Feature", "properties": { "id": 120 }, "geometry": { "type": "Polygon", "coordinates": [ [ [ 5.52364655, 55.70676847 ], [ 2.02656897, 45.18424869 ], [ 13.24431348, 37.52371237 ], [ 28.84686885, 39.64331055 ], [ 36.11672363, 49.77934287 ], [ 25.08272233, 58.40154487 ], [ 5.52364655, 55.70676847 ] ] ] } },
{ "type": "Feature", "properties": { "id": 121 }, "geometry": { "type": "Polygon", "coordinates": [ [ [ 5.52364655, 55.70676847 ], [ 2.02656897, 45.18424869 ], [ 13.24431348, 37.52371237 ], [ 28.84686885, 39.64331055 ], [ 36.11672363, 49.77934287 ], [ 25.08272233, 58.40154487 ], [ 5.52364655, 55.70676847 ] ] ] } },
{ "type": "Feature", "properties": { "id": 122 }, "geometry": { "type": "Polygon", "coordinates": [ [ [ 5.52364655, 55.70676847 ], [ 2.02656897, 45.18424869 ], [ 13.24431348, 37.52371237 ], [ 28.84686885, 39.64331055 ], [ 36.11672363, 49.77934287 ], [ 25.08272233, 58.40154487 ], [ 5.52364655, 55.70676847 ] ] ] } },
{ "type": "Feature", "properties": { "id": 123 }, "geometry": { "type": "Polygon", "coordinates": [ [ [ 5.52364655, 55.70676847 ], [ 2.02656897, 45.18424869 ], [ 13.24431348, 37.52371237 ], [ 28.84686885, 39.64331055 ], [ 36.11672363, 49.77934287 ], [ 25.08272233, 58.40154487 ], [ 5.52364655, 55.70676847 ] ] ] } },
{ "type": "Feature", "properties": { "id": 124 }, "geometry": { "type": "Polygon", "coordinates": [ [ [ 5.52364655, 55.70676847 ], [ 2.02656897, 45.18424869 ], [ 13.24431348, 37.52371237 ], [ 28.84686885, 39.64331055 ], [ 36.11672363, 49.77934287 ], [ 25.08272233, 58.40154487 ], [ 5.52364655, 55.70676847 ] ] ] } },
{ "type": "Feature", "properties": { "id": 125 }, "geometry": { "type": "Polygon", "coordinates": [ [ [ 5.52364655, 55.70676847 ], [ 2.02656897, 45.18424869 ], [ 13.24431348, 37.52371237 ], [ 28.84686885, 39.64331055 ], [ 36.11672363, 49.77934287 ], [ 25.08272233, 58.40154487 ], [ 5.52364655, 55.70676847 ] ] ] } },
{ "type": "Feature", "properties": { "id": 88 }, "geometry": { "type": "Polygon", "coordinates": [ [ [ 5.52364655, 55.70676847 ], [ 2.02656897, 45.18424869 ], [ 13.24431348, 37.52371237 ], [ 28.84686885, 39.64331055 ], [ 36.11672363, 49.77934287 ], [ 25.08272233, 58.40154487 ], [ 5.52364655, 55.70676847 ] ] ] } },
{ "type": "Feature", "properties": { "id": 89 }, "geometry": { "type": "Polygon", "coordinates": [ [ [ 5.52364655, 55.70676847 ], [ 2.02656897, 45.18424869 ], [ 13.24431348, 37.52371237 ], [ 28.84686885, 39.64331055 ], [ 36.11672363, 49.77934287 ], [ 25.08272233, 58.40154487 ], [ 5.52364655, 55.70676847 ] ] ] } },
{ "type": "Feature", "properties": { "id": 90 }, "geometry": { "type": "Polygon", "coordinates": [ [ [ 5.52364655, 55.70676847 ], [ 2.02656897, 45.18424869 ], [ 13.24431348, 37.52371237 ], [ 28.84686885, 39.64331055 ], [ 36.11672363, 49.77934287 ], [ 25.08272233, 58.40154487 ], [ 5.52364655, 55.70676847 ] ] ] } },
{ "type": "Feature", "properties": { "id": 91 }, "geometry": { "type": "Polygon", "coordinates": [ [ [ 5.52364655, 55.70676847 ], [ 2.02656897, 45.18424869 ], [ 13.24431348, 37.52371237 ], [ 28.84686885, 39.64331055 ], [ 36.11672363, 49.77934287 ], [ 25.08272233, 58.40154487 ], [ 5.52364655, 55.70676847 ] ] ] } },
{ "type": "Feature", "properties": { "id": 92 }, "geometry": { "type": "Polygon", "coordinates": [ [ [ 5.52364655, 55.70676847 ], [ 2.02656897, 45.18424869 ], [ 13.24431348, 37.52371237 ], [ 28.84686885, 39.64331055 ], [ 36.11672363, 49.77934287 ], [ 25.08272233, 58.40154487 ], [ 5.52364655, 55.70676847 ] ] ] } },
{ "type": "Feature", "properties": { "id": 112 }, "geometry": { "type": "Polygon", "coordinates": [ [ [ 5.52364655, 55.70676847 ], [ 2.02656897, 45.18424869 ], [ 13.24431348, 37.52371237 ], [ 28.84686885, 39.64331055 ], [ 36.11672363, 49.77934287 ], [ 25.08272233, 58.40154487 ], [ 5.52364655, 55.70676847 ] ] ] } },
{ "type": "Feature", "properties": { "id": 113 }, "geometry": { "type": "Polygon", "coordinates": [ [ [ 5.52364655, 55.70676847 ], [ 2.02656897, 45.18424869 ], [ 13.24431348, 37.52371237 ], [ 28.84686885, 39.64331055 ], [ 36.11672363, 49.77934287 ], [ 25.08272233, 58.40154487 ], [ 5.52364655, 55.70676847 ] ] ] } },
{ "type": "Feature", "properties": { "id": 114 }, "geometry": { "type": "Polygon", "coordinates": [ [ [ 5.52364655, 55.70676847 ], [ 2.02656897, 45.18424869 ], [ 13.24431348, 37.52371237 ], [ 28.84686885, 39.64331055 ], [ 36.11672363, 49.77934287 ], [ 25.08272233, 58.40154487 ], [ 5.52364655, 55.70676847 ] ] ] } },
{ "type": "Feature", "properties": { "id": 108 }, "geometry": { "type": "Polygon", "coordinates": [ [ [ 5.52364655, 55.70676847 ], [ 2.02656897, 45.18424869 ], [ 13.24431348, 37.52371237 ], [ 28.84686885, 39.64331055 ], [ 36.11672363, 49.77934287 ], [ 25.08272233, 58.40154487 ], [ 5.52364655, 55.70676847 ] ] ] } },
{ "type": "Feature", "properties": { "id": 109 }, "geometry": { "type": "Polygon", "coordinates": [ [ [ 5.52364655, 55.70676847 ], [ 2.02656897, 45.18424869 ], [ 13.24431348, 37.52371237 ], [ 28.84686885, 39.64331055 ], [ 36.11672363, 49.77934287 ], [ 25.08272233, 58.40154487 ], [ 5.52364655, 55.70676847 ] ] ] } },
{ "type": "Feature", "properties": { "id": 110 }, "geometry": { "type": "Polygon", "coordinates": [ [ [ 5.52364655, 55.70676847 ], [ 2.02656897, 45.18424869 ], [ 13.24431348, 37.52371237 ], [ 28.84686885, 39.64331055 ], [ 36.11672363, 49.77934287 ], [ 25.08272233, 58.40154487 ], [ 5.52364655, 55.70676847 ] ] ] } },
{ "type": "Feature", "properties": { "id": 111 }, "geometry": { "type": "Polygon", "coordinates": [ [ [ 5.52364655, 55.70676847 ], [ 2.02656897, 45.18424869 ], [ 13.24431348, 37.52371237 ], [ 28.84686885, 39.64331055 ], [ 36.11672363, 49.77934287 ], [ 25.08272233, 58.40154487 ], [ 5.52364655, 55.70676847 ] ] ] } },
{ "type": "Feature", "properties": { "id": 126 }, "geometry": { "type": "Polygon", "coordinates": [ [ [ 5.52364655, 55.70676847 ], [ 2.02656897, 45.18424869 ], [ 13.24431348, 37.52371237 ], [ 28.84686885, 39.64331055 ], [ 36.11672363, 49.77934287 ], [ 25.08272233, 58.40154487 ], [ 5.52364655, 55.70676847 ] ] ] } },
{ "type": "Feature", "properties": { "id": 127 }, "geometry": { "type": "Polygon", "coordinates": [ [ [ 5.52364655, 55.70676847 ], [ 2.02656897, 45.18424869 ], [ 13.24431348, 37.52371237 ], [ 28.84686885, 39.64331055 ], [ 36.11672363, 49.77934287 ], [ 25.08272233, 58.40154487 ], [ 5.52364655, 55.70676847 ] ] ] } },
{ "type": "Feature", "properties": { "id": 128 }, "geometry": { "type": "Polygon", "coordinates": [ [ [ 5.52364655, 55.70676847 ], [ 2.02656897, 45.18424869 ], [ 13.24431348, 37.52371237 ], [ 28.84686885, 39.64331055 ], [ 36.11672363, 49.77934287 ], [ 25.08272233, 58.40154487 ], [ 5.52364655, 55.70676847 ] ] ] } },
{ "type": "Feature", "properties": { "id": 129 }, "geometry": { "type": "Polygon", "coordinates": [ [ [ 5.52364655, 55.70676847 ], [ 2.02656897, 45.18424869 ], [ 13.24431348, 37.52371237 ], [ 28.84686885, 39.64331055 ], [ 36.11672363, 49.77934287 ], [ 25.08272233, 58.40154487 ], [ 5.52364655, 55.70676847 ] ] ] } },
{ "type": "Feature", "properties": { "id": 130 }, "geometry": { "type": "Polygon", "coordinates": [ [ [ 5.52364655, 55.70676847 ], [ 2.02656897, 45.18424869 ], [ 13.24431348, 37.52371237 ], [ 28.84686885, 39.64331055 ], [ 36.11672363, 49.77934287 ], [ 25.08272233, 58.40154487 ], [ 5.52364655, 55.70676847 ] ] ] } },
{ "type": "Feature", "properties": { "id": 131 }, "geometry": { "type": "Polygon", "coordinates": [ [ [ 5.52364655, 55.70676847 ], [ 2.02656897, 45.18424869 ], [ 13.24431348, 37.52371237 ], [ 28.84686885, 39.64331055 ], [ 36.11672363, 49.77934287 ], [ 25.08272233, 58.40154487 ], [ 5.52364655, 55.70676847 ] ] ] } },
{ "type": "Feature", "properties": { "id": 132 }, "geometry": { "type": "Polygon", "coordinates": [ [ [ 5.52364655, 55.70676847 ], [ 2.02656897, 45.18424869 ], [ 13.24431348, 37.52371237 ], [ 28.84686885, 39.64331055 ], [ 36.11672363, 49.77934287 ], [ 25.08272233, 58.40154487 ], [ 5.52364655, 55.70676847 ] ] ] } },
{ "type": "Feature", "properties": { "id": 133 }, "geometry": { "type": "Polygon", "coordinates": [ [ [ 5.52364655, 55.70676847 ], [ 2.02656897, 45.18424869 ], [ 13.24431348, 37.52371237 ], [ 28.84686885, 39.64331055 ], [ 36.11672363, 49.77934287 ], [ 25.08272233, 58.40154487 ], [ 5.52364655, 55.70676847 ] ] ] } },
{ "type": "Feature", "properties": { "id": 134 }, "geometry": { "type": "Polygon", "coordinates": [ [ [ 5.52364655, 55.70676847 ], [ 2.02656897, 45.18424869 ], [ 13.24431348, 37.52371237 ], [ 28.84686885, 39.64331055 ], [ 36.11672363, 49.77934287 ], [ 25.08272233, 58.40154487 ], [ 5.52364655, 55.70676847 ] ] ] } },
{ "type": "Feature", "properties": { "id": 135 }, "geometry": { "type": "Polygon", "coordinates": [ [ [ 5.52364655, 55.70676847 ], [ 2.02656897, 45.18424869 ], [ 13.24431348, 37.52371237 ], [ 28.84686885, 39.64331055 ], [ 36.11672363, 49.77934287 ], [ 25.08272233, 58.40154487 ], [ 5.52364655, 55.70676847 ] ] ] } },
{ "type": "Feature", "properties": { "id": 136 }, "geometry": { "type": "Polygon", "coordinates": [ [ [ 5.52364655, 55.70676847 ], [ 2.02656897, 45.18424869 ], [ 13.24431348, 37.52371237 ], [ 28.84686885, 39.64331055 ], [ 36.11672363, 49.77934287 ], [ 25.08272233, 58.40154487 ], [ 5.52364655, 55.70676847 ] ] ] } },
{ "type": "Feature", "properties": { "id": 137 }, "geometry": { "type": "Polygon", "coordinates": [ [ [ 5.52364655, 55.70676847 ], [ 2.02656897, 45.18424869 ], [ 13.24431348, 37.52371237 ], [ 28.84686885, 39.64331055 ], [ 36.11672363, 49.77934287 ], [ 25.08272233, 58.40154487 ], [ 5.52364655, 55.70676847 ] ] ] } },
{ "type": "Feature", "properties": { "id": 141 }, "geometry": { "type": "Polygon", "coordinates": [ [ [ 5.52364655, 55.70676847 ], [ 2.02656897, 45.18424869 ], [ 13.24431348, 37.52371237 ], [ 28.84686885, 39.64331055 ], [ 36.11672363, 49.77934287 ], [ 25.08272233, 58.40154487 ], [ 5.52364655, 55.70676847 ] ] ] } },
{ "type": "Feature", "properties": { "id": 142 }, "geometry": { "type": "Polygon", "coordinates": [ [ [ 5.52364655, 55.70676847 ], [ 2.02656897, 45.18424869 ], [ 13.24431348, 37.52371237 ], [ 28.84686885, 39.64331055 ], [ 36.11672363, 49.77934287 ], [ 25.08272233, 58.40154487 ], [ 5.52364655, 55.70676847 ] ] ] } },
{ "type": "Feature", "properties": { "id": 143 }, "geometry": { "type": "Polygon", "coordinates": [ [ [ 5.52364655, 55.70676847 ], [ 2.02656897, 45.18424869 ], [ 13.24431348, 37.52371237 ], [ 28.84686885, 39.64331055 ], [ 36.11672363, 49.77934287 ], [ 25.08272233, 58.40154487 ], [ 5.52364655, 55.70676847 ] ] ] } },
{ "type": "Feature", "properties": { "id": 144 }, "geometry": { "type": "Polygon", "coordinates": [ [ [ 5.52364655, 55.70676847 ], [ 2.02656897, 45.18424869 ], [ 13.24431348, 37.52371237 ], [ 28.84686885, 39.64331055 ], [ 36.11672363, 49.77934287 ], [ 25.08272233, 58.40154487 ], [ 5.52364655, 55.70676847 ] ] ] } },
{ "type": "Feature", "properties": { "id": 145 }, "geometry": { "type": "Polygon", "coordinates": [ [ [ 5.52364655, 55.70676847 ], [ 2.02656897, 45.18424869 ], [ 13.24431348, 37.52371237 ], [ 28.84686885, 39.64331055 ], [ 36.11672363, 49.77934287 ], [ 25.08272233, 58.40154487 ], [ 5.52364655, 55.70676847 ] ] ] } },
{ "type": "Feature", "properties": { "id": 146 }, "geometry": { "type": "Polygon", "coordinates": [ [ [ 5.52364655, 55.70676847 ], [ 2.02656897, 45.18424869 ], [ 13.24431348, 37.52371237 ], [ 28.84686885, 39.64331055 ], [ 36.11672363, 49.77934287 ], [ 25.08272233, 58.40154487 ], [ 5.52364655, 55.70676847 ] ] ] } },
{ "type": "Feature", "properties": { "id": 147 }, "geometry": { "type": "Polygon", "coordinates": [ [ [ 5.52364655, 55.70676847 ], [ 2.02656897, 45.18424869 ], [ 13.24431348, 37.52371237 ], [ 28.84686885, 39.64331055 ], [ 36.11672363, 49.77934287 ], [ 25.08272233, 58.40154487 ], [ 5.52364655, 55.70676847 ] ] ] } },
{ "type": "Feature", "properties": { "id": 148 }, "geometry": { "type": "Polygon", "coordinates": [ [ [ 5.52364655, 55.70676847 ], [ 2.02656897, 45.18424869 ], [ 13.24431348, 37.52371237 ], [ 28.84686885, 39.64331055 ], [ 36.11672363, 49.77934287 ], [ 25.08272233, 58.40154487 ], [ 5.52364655, 55.70676847 ] ] ] } },
{ "type": "Feature", "properties": { "id": 149 }, "geometry": { "type": "Polygon", "coordinates": [ [ [ 5.52364655, 55.70676847 ], [ 2.02656897, 45.18424869 ], [ 13.24431348, 37.52371237 ], [ 28.84686885, 39.64331055 ], [ 36.11672363, 49.77934287 ], [ 25.08272233, 58.40154487 ], [ 5.52364655, 55.70676847 ] ] ] } },
{ "type": "Feature", "properties": { "id": 150 }, "geometry": { "type": "Polygon", "coordinates": [ [ [ 5.52364655, 55.70676847 ], [ 2.02656897, 45.18424869 ], [ 13.24431348, 37.52371237 ], [ 28.84686885, 39.64331055 ], [ 36.11672363, 49.77934287 ], [ 25.08272233, 58.40154487 ], [ 5.52364655, 55.70676847 ] ] ] } },
{ "type": "Feature", "properties": { "id": 151 }, "geometry": { "type": "Polygon", "coordinates": [ [ [ 5.52364655, 55.70676847 ], [ 2.02656897, 45.18424869 ], [ 13.24431348, 37.52371237 ], [ 28.84686885, 39.64331055 ], [ 36.11672363, 49.77934287 ], [ 25.08272233, 58.40154487 ], [ 5.52364655, 55.70676847 ] ] ] } },
{ "type": "Feature", "properties": { "id": 152 }, "geometry": { "type": "Polygon", "coordinates": [ [ [ 5.52364655, 55.70676847 ], [ 2.02656897, 45.18424869 ], [ 13.24431348, 37.52371237 ], [ 28.84686885, 39.64331055 ], [ 36.11672363, 49.77934287 ], [ 25.08272233, 58.40154487 ], [ 5.52364655, 55.70676847 ] ] ] } },
{ "type": "Feature", "properties": { "id": 153 }, "geometry": { "type": "Polygon", "coordinates": [ [ [ 5.52364655, 55.70676847 ], [ 2.02656897, 45.18424869 ], [ 13.24431348, 37.52371237 ], [ 28.84686885, 39.64331055 ], [ 36.11672363, 49.77934287 ], [ 25.08272233, 58.40154487 ], [ 5.52364655, 55.70676847 ] ] ] } },
{ "type": "Feature", "properties": { "id": 154 }, "geometry": { "type": "Polygon", "coordinates": [ [ [ 5.52364655, 55.70676847 ], [ 2.02656897, 45.18424869 ], [ 13.24431348, 37.52371237 ], [ 28.84686885, 39.64331055 ], [ 36.11672363, 49.77934287 ], [ 25.08272233, 58.40154487 ], [ 5.52364655, 55.70676847 ] ] ] } },
{ "type": "Feature", "properties": { "id": 155 }, "geometry": { "type": "Polygon", "coordinates": [ [ [ 5.52364655, 55.70676847 ], [ 2.02656897, 45.18424869 ], [ 13.24431348, 37.52371237 ], [ 28.84686885, 39.64331055 ], [ 36.11672363, 49.77934287 ], [ 25.08272233, 58.40154487 ], [ 5.52364655, 55.70676847 ] ] ] } },
{ "type": "Feature", "properties": { "id": 156 }, "geometry": { "type": "Polygon", "coordinates": [ [ [ 5.52364655, 55.70676847 ], [ 2.02656897, 45.18424869 ], [ 13.24431348, 37.52371237 ], [ 28.84686885, 39.64331055 ], [ 36.11672363, 49.77934287 ], [ 25.08272233, 58.40154487 ], [ 5.52364655, 55.70676847 ] ] ] } },
{ "type": "Feature", "properties": { "id": 157 }, "geometry": { "type": "Polygon", "coordinates": [ [ [ 5.52364655, 55.70676847 ], [ 2.02656897, 45.18424869 ], [ 13.24431348, 37.52371237 ], [ 28.84686885, 39.64331055 ], [ 36.11672363, 49.77934287 ], [ 25.08272233, 58.40154487 ], [ 5.52364655, 55.70676847 ] ] ] } },
{ "type": "Feature", "properties": { "id": 158 }, "geometry": { "type": "Polygon", "coordinates": [ [ [ 5.52364655, 55.70676847 ], [ 2.02656897, 45.18424869 ], [ 13.24431348, 37.52371237 ], [ 28.84686885, 39.64331055 ], [ 36.11672363, 49.77934287 ], [ 25.08272233, 58.40154487 ], [ 5.52364655, 55.70676847 ] ] ] } },
{ "type": "Feature", "properties": { "id": 159 }, "geometry": { "type": "Polygon", "coordinates": [ [ [ 5.52364655, 55.70676847 ], [ 2.02656897, 45.18424869 ], [ 13.24431348, 37.52371237 ], [ 28.84686885, 39.64331055 ], [ 36.11672363, 49.77934287 ], [ 25.08272233, 58.40154487 ], [ 5.52364655, 55.70676847 ] ] ] } },
{ "type": "Feature", "properties": { "id": 160 }, "geometry": { "type": "Polygon", "coordinates": [ [ [ 5.52364655, 55.70676847 ], [ 2.02656897, 45.18424869 ], [ 13.24431348, 37.52371237 ], [ 28.84686885, 39.64331055 ], [ 36.11672363, 49.77934287 ], [ 25.08272233, 58.40154487 ], [ 5.52364655, 55.70676847 ] ] ] } },
{ "type": "Feature", "properties": { "id": 161 }, "geometry": { "type": "Polygon", "coordinates": [ [ [ 5.52364655, 55.70676847 ], [ 2.02656897, 45.18424869 ], [ 13.24431348, 37.52371237 ], [ 28.84686885, 39.64331055 ], [ 36.11672363, 49.77934287 ], [ 25.08272233, 58.40154487 ], [ 5.52364655, 55.70676847 ] ] ] } },
{ "type": "Feature", "properties": { "id": 162 }, "geometry": { "type": "Polygon", "coordinates": [ [ [ 5.52364655, 55.70676847 ], [ 2.02656897, 45.18424869 ], [ 13.24431348, 37.52371237 ], [ 28.84686885, 39.64331055 ], [ 36.11672363, 49.77934287 ], [ 25.08272233, 58.40154487 ], [ 5.52364655, 55.70676847 ] ] ] } },
{ "type": "Feature", "properties": { "id": 163 }, "geometry": { "type": "Polygon", "coordinates": [ [ [ 5.52364655, 55.70676847 ], [ 2.02656897, 45.18424869 ], [ 13.24431348, 37.52371237 ], [ 28.84686885, 39.64331055 ], [ 36.11672363, 49.77934287 ], [ 25.08272233, 58.40154487 ], [ 5.52364655, 55.70676847 ] ] ] } },
{ "type": "Feature", "properties": { "id": 164 }, "geometry": { "type": "Polygon", "coordinates": [ [ [ 5.52364655, 55.70676847 ], [ 2.02656897, 45.18424869 ], [ 13.24431348, 37.52371237 ], [ 28.84686885, 39.64331055 ], [ 36.11672363, 49.77934287 ], [ 25.08272233, 58.40154487 ], [ 5.52364655, 55.70676847 ] ] ] } },
{ "type": "Feature", "properties": { "id": 165 }, "geometry": { "type": "Polygon", "coordinates": [ [ [ 5.52364655, 55.70676847 ], [ 2.02656897, 45.18424869 ], [ 13.24431348, 37.52371237 ], [ 28.84686885, 39.64331055 ], [ 36.11672363, 49.77934287 ], [ 25.08272233, 58.40154487 ], [ 5.52364655, 55.70676847 ] ] ] } },
{ "type": "Feature", "properties": { "id": 166 }, "geometry": { "type": "Polygon", "coordinates": [ [ [ 5.52364655, 55.70676847 ], [ 2.02656897, 45.18424869 ], [ 13.24431348, 37.52371237 ], [ 28.84686885, 39.64331055 ], [ 36.11672363, 49.77934287 ], [ 25.08272233, 58.40154487 ], [ 5.52364655, 55.70676847 ] ] ] } },
{ "type": "Feature", "properties": { "id": 167 }, "geometry": { "type": "Polygon", "coordinates": [ [ [ 5.52364655, 55.70676847 ], [ 2.02656897, 45.18424869 ], [ 13.24431348, 37.52371237 ], [ 28.84686885, 39.64331055 ], [ 36.11672363, 49.77934287 ], [ 25.08272233, 58.40154487 ], [ 5.52364655, 55.70676847 ] ] ] } },
{ "type": "Feature", "properties": { "id": 168 }, "geometry": { "type": "Polygon", "coordinates": [ [ [ 5.52364655, 55.70676847 ], [ 2.02656897, 45.18424869 ], [ 13.24431348, 37.52371237 ], [ 28.84686885, 39.64331055 ], [ 36.11672363, 49.77934287 ], [ 25.08272233, 58.40154487 ], [ 5.52364655, 55.70676847 ] ] ] } },
{ "type": "Feature", "properties": { "id": 169 }, "geometry": { "type": "Polygon", "coordinates": [ [ [ 5.52364655, 55.70676847 ], [ 2.02656897, 45.18424869 ], [ 13.24431348, 37.52371237 ], [ 28.84686885, 39.64331055 ], [ 36.11672363, 49.77934287 ], [ 25.08272233, 58.40154487 ], [ 5.52364655, 55.70676847 ] ] ] } },
{ "type": "Feature", "properties": { "id": 170 }, "geometry": { "type": "Polygon", "coordinates": [ [ [ 5.52364655, 55.70676847 ], [ 2.02656897, 45.18424869 ], [ 13.24431348, 37.52371237 ], [ 28.84686885, 39.64331055 ], [ 36.11672363, 49.77934287 ], [ 25.08272233, 58.40154487 ], [ 5.52364655, 55.70676847 ] ] ] } },
{ "type": "Feature", "properties": { "id": 171 }, "geometry": { "type": "Polygon", "coordinates": [ [ [ 5.52364655, 55.70676847 ], [ 2.02656897, 45.18424869 ], [ 13.24431348, 37.52371237 ], [ 28.84686885, 39.64331055 ], [ 36.11672363, 49.77934287 ], [ 25.08272233, 58.40154487 ], [ 5.52364655, 55.70676847 ] ] ] } },
{ "type": "Feature", "properties": { "id": 172 }, "geometry": { "type": "Polygon", "coordinates": [ [ [ 5.52364655, 55.70676847 ], [ 2.02656897, 45.18424869 ], [ 13.24431348, 37.52371237 ], [ 28.84686885, 39.64331055 ], [ 36.11672363, 49.77934287 ], [ 25.08272233, 58.40154487 ], [ 5.52364655, 55.70676847 ] ] ] } },
{ "type": "Feature", "properties": { "id": 173 }, "geometry": { "type": "Polygon", "coordinates": [ [ [ 5.52364655, 55.70676847 ], [ 2.02656897, 45.18424869 ], [ 13.24431348, 37.52371237 ], [ 28.84686885, 39.64331055 ], [ 36.11672363, 49.77934287 ], [ 25.08272233, 58.40154487 ], [ 5.52364655, 55.70676847 ] ] ] } },
{ "type": "Feature", "properties": { "id": 174 }, "geometry": { "type": "Polygon", "coordinates": [ [ [ 5.52364655, 55.70676847 ], [ 2.02656897, 45.18424869 ], [ 13.24431348, 37.52371237 ], [ 28.84686885, 39.64331055 ], [ 36.11672363, 49.77934287 ], [ 25.08272233, 58.40154487 ], [ 5.52364655, 55.70676847 ] ] ] } },
{ "type": "Feature", "properties": { "id": 175 }, "geometry": { "type": "Polygon", "coordinates": [ [ [ 5.52364655, 55.70676847 ], [ 2.02656897, 45.18424869 ], [ 13.24431348, 37.52371237 ], [ 28.84686885, 39.64331055 ], [ 36.11672363, 49.77934287 ], [ 25.08272233, 58.40154487 ], [ 5.52364655, 55.70676847 ] ] ] } },
{ "type": "Feature", "properties": { "id": 176 }, "geometry": { "type": "Polygon", "coordinates": [ [ [ 5.52364655, 55.70676847 ], [ 2.02656897, 45.18424869 ], [ 13.24431348, 37.52371237 ], [ 28.84686885, 39.64331055 ], [ 36.11672363, 49.77934287 ], [ 25.08272233, 58.40154487 ], [ 5.52364655, 55.70676847 ] ] ] } },
{ "type": "Feature", "properties": { "id": 177 }, "geometry": { "type": "Polygon", "coordinates": [ [ [ 5.52364655, 55.70676847 ], [ 2.02656897, 45.18424869 ], [ 13.24431348, 37.52371237 ], [ 28.84686885, 39.64331055 ], [ 36.11672363, 49.77934287 ], [ 25.08272233, 58.40154487 ], [ 5.52364655, 55.70676847 ] ] ] } },
{ "type": "Feature", "properties": { "id": 178 }, "geometry": { "type": "Polygon", "coordinates": [ [ [ 5.52364655, 55.70676847 ], [ 2.02656897, 45.18424869 ], [ 13.24431348, 37.52371237 ], [ 28.84686885, 39.64331055 ], [ 36.11672363, 49.77934287 ], [ 25.08272233, 58.40154487 ], [ 5.52364655, 55.70676847 ] ] ] } },
{ "type": "Feature", "properties": { "id": 179 }, "geometry": { "type": "Polygon", "coordinates": [ [ [ 5.52364655, 55.70676847 ], [ 2.02656897, 45.18424869 ], [ 13.24431348, 37.52371237 ], [ 28.84686885, 39.64331055 ], [ 36.11672363, 49.77934287 ], [ 25.08272233, 58.40154487 ], [ 5.52364655, 55.70676847 ] ] ] } },
{ "type": "Feature", "properties": { "id": 180 }, "geometry": { "type": "Polygon", "coordinates": [ [ [ 5.52364655, 55.70676847 ], [ 2.02656897, 45.18424869 ], [ 13.24431348, 37.52371237 ], [ 28.84686885, 39.64331055 ], [ 36.11672363, 49.77934287 ], [ 25.08272233, 58.40154487 ], [ 5.52364655, 55.70676847 ] ] ] } },
{ "type": "Feature", "properties": { "id": 138 }, "geometry": { "type": "Polygon", "coordinates": [ [ [ 5.52364655, 55.70676847 ], [ 2.02656897, 45.18424869 ], [ 13.24431348, 37.52371237 ], [ 28.84686885, 39.64331055 ], [ 36.11672363, 49.77934287 ], [ 25.08272233, 58.40154487 ], [ 5.52364655, 55.70676847 ] ] ] } },
{ "type": "Feature", "properties": { "id": 139 }, "geometry": { "type": "Polygon", "coordinates": [ [ [ 5.52364655, 55.70676847 ], [ 2.02656897, 45.18424869 ], [ 13.24431348, 37.52371237 ], [ 28.84686885, 39.64331055 ], [ 36.11672363, 49.77934287 ], [ 25.08272233, 58.40154487 ], [ 5.52364655, 55.70676847 ] ] ] } },
{ "type": "Feature", "properties": { "id": 140 }, "geometry": { "type": "Polygon", "coordinates": [ [ [ 5.52364655, 55.70676847 ], [ 2.02656897, 45.18424869 ], [ 13.24431348, 37.52371237 ], [ 28.84686885, 39.64331055 ], [ 36.11672363, 49.77934287 ], [ 25.08272233, 58.40154487 ], [ 5.52364655, 55.70676847 ] ] ] } },
{ "type": "Feature", "properties": { "id": 181 }, "geometry": { "type": "Polygon", "coordinates": [ [ [ 5.52364655, 55.70676847 ], [ 2.02656897, 45.18424869 ], [ 13.24431348, 37.52371237 ], [ 28.84686885, 39.64331055 ], [ 36.11672363, 49.77934287 ], [ 25.08272233, 58.40154487 ], [ 5.52364655, 55.70676847 ] ] ] } },
{ "type": "Feature", "properties": { "id": 182 }, "geometry": { "type": "Polygon", "coordinates": [ [ [ 5.52364655, 55.70676847 ], [ 2.02656897, 45.18424869 ], [ 13.24431348, 37.52371237 ], [ 28.84686885, 39.64331055 ], [ 36.11672363, 49.77934287 ], [ 25.08272233, 58.40154487 ], [ 5.52364655, 55.70676847 ] ] ] } },
{ "type": "Feature", "properties": { "id": 183 }, "geometry": { "type": "Polygon", "coordinates": [ [ [ 5.52364655, 55.70676847 ], [ 2.02656897, 45.18424869 ], [ 13.24431348, 37.52371237 ], [ 28.84686885, 39.64331055 ], [ 36.11672363, 49.77934287 ], [ 25.08272233, 58.40154487 ], [ 5.52364655, 55.70676847 ] ] ] } },
{ "type": "Feature", "properties": { "id": 184 }, "geometry": { "type": "Polygon", "coordinates": [ [ [ 5.52364655, 55.70676847 ], [ 2.02656897, 45.18424869 ], [ 13.24431348, 37.52371237 ], [ 28.84686885, 39.64331055 ], [ 36.11672363, 49.77934287 ], [ 25.08272233, 58.40154487 ], [ 5.52364655, 55.70676847 ] ] ] } },
{ "type": "Feature", "properties": { "id": 185 }, "geometry": { "type": "Polygon", "coordinates": [ [ [ 5.52364655, 55.70676847 ], [ 2.02656897, 45.18424869 ], [ 13.24431348, 37.52371237 ], [ 28.84686885, 39.64331055 ], [ 36.11672363, 49.77934287 ], [ 25.08272233, 58.40154487 ], [ 5.52364655, 55.70676847 ] ] ] } },
{ "type": "Feature", "properties": { "id": 186 }, "geometry": { "type": "Polygon", "coordinates": [ [ [ 5.52364655, 55.70676847 ], [ 2.02656897, 45.18424869 ], [ 13.24431348, 37.52371237 ], [ 28.84686885, 39.64331055 ], [ 36.11672363, 49.77934287 ], [ 25.08272233, 58.40154487 ], [ 5.52364655, 55.70676847 ] ] ] } },
{ "type": "Feature", "properties": { "id": 187 }, "geometry": { "type": "Polygon", "coordinates": [ [ [ 5.52364655, 55.70676847 ], [ 2.02656897, 45.18424869 ], [ 13.24431348, 37.52371237 ], [ 28.84686885, 39.64331055 ], [ 36.11672363, 49.77934287 ], [ 25.08272233, 58.40154487 ], [ 5.52364655, 55.70676847 ] ] ] } },
{ "type": "Feature", "properties": { "id": 188 }, "geometry": { "type": "Polygon", "coordinates": [ [ [ 5.52364655, 55.70676847 ], [ 2.02656897, 45.18424869 ], [ 13.24431348, 37.52371237 ], [ 28.84686885, 39.64331055 ], [ 36.11672363, 49.77934287 ], [ 25.08272233, 58.40154487 ], [ 5.52364655, 55.70676847 ] ] ] } },
{ "type": "Feature", "properties": { "id": 189 }, "geometry": { "type": "Polygon", "coordinates": [ [ [ 5.52364655, 55.70676847 ], [ 2.02656897, 45.18424869 ], [ 13.24431348, 37.52371237 ], [ 28.84686885, 39.64331055 ], [ 36.11672363, 49.77934287 ], [ 25.08272233, 58.40154487 ], [ 5.52364655, 55.70676847 ] ] ] } },
{ "type": "Feature", "properties": { "id": 190 }, "geometry": { "type": "Polygon", "coordinates": [ [ [ 5.52364655, 55.70676847 ], [ 2.02656897, 45.18424869 ], [ 13.24431348, 37.52371237 ], [ 28.84686885, 39.64331055 ], [ 36.11672363, 49.77934287 ], [ 25.08272233, 58.40154487 ], [ 5.52364655, 55.70676847 ] ] ] } },
{ "type": "Feature", "properties": { "id": 191 }, "geometry": { "type": "Polygon", "coordinates": [ [ [ 5.52364655, 55.70676847 ], [ 2.02656897, 45.18424869 ], [ 13.24431348, 37.52371237 ], [ 28.84686885, 39.64331055 ], [ 36.11672363, 49.77934287 ], [ 25.08272233, 58.40154487 ], [ 5.52364655, 55.70676847 ] ] ] } },
{ "type": "Feature", "properties": { "id": 192 }, "geometry": { "type": "Polygon", "coordinates": [ [ [ 5.52364655, 55.70676847 ], [ 2.02656897, 45.18424869 ], [ 13.24431348, 37.52371237 ], [ 28.84686885, 39.64331055 ], [ 36.11672363, 49.77934287 ], [ 25.08272233, 58.40154487 ], [ 5.52364655, 55.70676847 ] ] ] } },
{ "type": "Feature", "properties": { "id": 193 }, "geometry": { "type": "Polygon", "coordinates": [ [ [ 5.52364655, 55.70676847 ], [ 2.02656897, 45.18424869 ], [ 13.24431348, 37.52371237 ], [ 28.84686885, 39.64331055 ], [ 36.11672363, 49.77934287 ], [ 25.08272233, 58.40154487 ], [ 5.52364655, 55.70676847 ] ] ] } },
{ "type": "Feature", "properties": { "id": 194 }, "geometry": { "type": "Polygon", "coordinates": [ [ [ 5.52364655, 55.70676847 ], [ 2.02656897, 45.18424869 ], [ 13.24431348, 37.52371237 ], [ 28.84686885, 39.64331055 ], [ 36.11672363, 49.77934287 ], [ 25.08272233, 58.40154487 ], [ 5.52364655, 55.70676847 ] ] ] } },
{ "type": "Feature", "properties": { "id": 195 }, "geometry": { "type": "Polygon", "coordinates": [ [ [ 5.52364655, 55.70676847 ], [ 2.02656897, 45.18424869 ], [ 13.24431348, 37.52371237 ], [ 28.84686885, 39.64331055 ], [ 36.11672363, 49.77934287 ], [ 25.08272233, 58.40154487 ], [ 5.52364655, 55.70676847 ] ] ] } },
{ "type": "Feature", "properties": { "id": 196 }, "geometry": { "type": "Polygon", "coordinates": [ [ [ 5.52364655, 55.70676847 ], [ 2.02656897, 45.18424869 ], [ 13.24431348, 37.52371237 ], [ 28.84686885, 39.64331055 ], [ 36.11672363, 49.77934287 ], [ 25.08272233, 58.40154487 ], [ 5.52364655, 55.70676847 ] ] ] } },
{ "type": "Feature", "properties": { "id": 197 }, "geometry": { "type": "Polygon", "coordinates": [ [ [ 5.52364655, 55.70676847 ], [ 2.02656897, 45.18424869 ], [ 13.24431348, 37.52371237 ], [ 28.84686885, 39.64331055 ], [ 36.11672363, 49.77934287 ], [ 25.08272233, 58.40154487 ], [ 5.52364655, 55.70676847 ] ] ] } },
{ "type": "Feature", "properties": { "id": 198 }, "geometry": { "type": "Polygon", "coordinates": [ [ [ 5.52364655, 55.70676847 ], [ 2.02656897, 45.18424869 ], [ 13.24431348, 37.52371237 ], [ 28.84686885, 39.64331055 ], [ 36.11672363, 49.77934287 ], [ 25.08272233, 58.40154487 ], [ 5.52364655, 55.70676847 ] ] ] } },
{ "type": "Feature", "properties": { "id": 199 }, "geometry": { "type": "Polygon", "coordinates": [ [ [ 5.52364655, 55.70676847 ], [ 2.02656897, 45.18424869 ], [ 13.24431348, 37.52371237 ], [ 28.84686885, 39.64331055 ], [ 36.11672363, 49.77934287 ], [ 25.08272233, 58.40154487 ], [ 5.52364655, 55.70676847 ] ] ] } },
{ "type": "Feature", "properties": { "id": 200 }, "geometry": { "type": "Polygon", "coordinates": [ [ [ 5.52364655, 55.70676847 ], [ 2.02656897, 45.18424869 ], [ 13.24431348, 37.52371237 ], [ 28.84686885, 39.64331055 ], [ 36.11672363, 49.77934287 ], [ 25.08272233, 58.40154487 ], [ 5.52364655, 55.70676847 ] ] ] } },
{ "type": "Feature", "properties": { "id": 201 }, "geometry": { "type": "Polygon", "coordinates": [ [ [ 5.52364655, 55.70676847 ], [ 2.02656897, 45.18424869 ], [ 13.24431348, 37.52371237 ], [ 28.84686885, 39.64331055 ], [ 36.11672363, 49.77934287 ], [ 25.08272233, 58.40154487 ], [ 5.52364655, 55.70676847 ] ] ] } },
{ "type": "Feature", "properties": { "id": 202 }, "geometry": { "type": "Polygon", "coordinates": [ [ [ 5.52364655, 55.70676847 ], [ 2.02656897, 45.18424869 ], [ 13.24431348, 37.52371237 ], [ 28.84686885, 39.64331055 ], [ 36.11672363, 49.77934287 ], [ 25.08272233, 58.40154487 ], [ 5.52364655, 55.70676847 ] ] ] } },
{ "type": "Feature", "properties": { "id": 203 }, "geometry": { "type": "Polygon", "coordinates": [ [ [ 5.52364655, 55.70676847 ], [ 2.02656897, 45.18424869 ], [ 13.24431348, 37.52371237 ], [ 28.84686885, 39.64331055 ], [ 36.11672363, 49.77934287 ], [ 25.08272233, 58.40154487 ], [ 5.52364655, 55.70676847 ] ] ] } },
{ "type": "Feature", "properties": { "id": 204 }, "geometry": { "type": "Polygon", "coordinates": [ [ [ 5.52364655, 55.70676847 ], [ 2.02656897, 45.18424869 ], [ 13.24431348, 37.52371237 ], [ 28.84686885, 39.64331055 ], [ 36.11672363, 49.77934287 ], [ 25.08272233, 58.40154487 ], [ 5.52364655, 55.70676847 ] ] ] } },
{ "type": "Feature", "properties": { "id": 205 }, "geometry": { "type": "Polygon", "coordinates": [ [ [ 5.52364655, 55.70676847 ], [ 2.02656897, 45.18424869 ], [ 13.24431348, 37.52371237 ], [ 28.84686885, 39.64331055 ], [ 36.11672363, 49.77934287 ], [ 25.08272233, 58.40154487 ], [ 5.52364655, 55.70676847 ] ] ] } },
{ "type": "Feature", "properties": { "id": 206 }, "geometry": { "type": "Polygon", "coordinates": [ [ [ 5.52364655, 55.70676847 ], [ 2.02656897, 45.18424869 ], [ 13.24431348, 37.52371237 ], [ 28.84686885, 39.64331055 ], [ 36.11672363, 49.77934287 ], [ 25.08272233, 58.40154487 ], [ 5.52364655, 55.70676847 ] ] ] } },
{ "type": "Feature", "properties": { "id": 207 }, "geometry": { "type": "Polygon", "coordinates": [ [ [ 5.52364655, 55.70676847 ], [ 2.02656897, 45.18424869 ], [ 13.24431348, 37.52371237 ], [ 28.84686885, 39.64331055 ], [ 36.11672363, 49.77934287 ], [ 25.08272233, 58.40154487 ], [ 5.52364655, 55.70676847 ] ] ] } },
{ "type": "Feature", "properties": { "id": 208 }, "geometry": { "type": "Polygon", "coordinates": [ [ [ 5.52364655, 55.70676847 ], [ 2.02656897, 45.18424869 ], [ 13.24431348, 37.52371237 ], [ 28.84686885, 39.64331055 ], [ 36.11672363, 49.77934287 ], [ 25.08272233, 58.40154487 ], [ 5.52364655, 55.70676847 ] ] ] } },
{ "type": "Feature", "properties": { "id": 209 }, "geometry": { "type": "Polygon", "coordinates": [ [ [ 5.52364655, 55.70676847 ], [ 2.02656897, 45.18424869 ], [ 13.24431348, 37.52371237 ], [ 28.84686885, 39.64331055 ], [ 36.11672363, 49.77934287 ], [ 25.08272233, 58.40154487 ], [ 5.52364655, 55.70676847 ] ] ] } },
{ "type": "Feature", "properties": { "id": 210 }, "geometry": { "type": "Polygon", "coordinates": [ [ [ 5.52364655, 55.70676847 ], [ 2.02656897, 45.18424869 ], [ 13.24431348, 37.52371237 ], [ 28.84686885, 39.64331055 ], [ 36.11672363, 49.77934287 ], [ 25.08272233, 58.40154487 ], [ 5.52364655, 55.70676847 ] ] ] } },
{ "type": "Feature", "properties": { "id": 211 }, "geometry": { "type": "Polygon", "coordinates": [ [ [ 5.52364655, 55.70676847 ], [ 2.02656897, 45.18424869 ], [ 13.24431348, 37.52371237 ], [ 28.84686885, 39.64331055 ], [ 36.11672363, 49.77934287 ], [ 25.08272233, 58.40154487 ], [ 5.52364655, 55.70676847 ] ] ] } },
{ "type": "Feature", "properties": { "id": 212 }, "geometry": { "type": "Polygon", "coordinates": [ [ [ 5.52364655, 55.70676847 ], [ 2.02656897, 45.18424869 ], [ 13.24431348, 37.52371237 ], [ 28.84686885, 39.64331055 ], [ 36.11672363, 49.77934287 ], [ 25.08272233, 58.40154487 ], [ 5.52364655, 55.70676847 ] ] ] } },
{ "type": "Feature", "properties": { "id": 213 }, "geometry": { "type": "Polygon", "coordinates": [ [ [ 5.52364655, 55.70676847 ], [ 2.02656897, 45.18424869 ], [ 13.24431348, 37.52371237 ], [ 28.84686885, 39.64331055 ], [ 36.11672363, 49.77934287 ], [ 25.08272233, 58.40154487 ], [ 5.52364655, 55.70676847 ] ] ] } },
{ "type": "Feature", "properties": { "id": 214 }, "geometry": { "type": "Polygon", "coordinates": [ [ [ 5.52364655, 55.70676847 ], [ 2.02656897, 45.18424869 ], [ 13.24431348, 37.52371237 ], [ 28.84686885, 39.64331055 ], [ 36.11672363, 49.77934287 ], [ 25.08272233, 58.40154487 ], [ 5.52364655, 55.70676847 ] ] ] } },
{ "type": "Feature", "properties": { "id": 215 }, "geometry": { "type": "Polygon", "coordinates": [ [ [ 5.52364655, 55.70676847 ], [ 2.02656897, 45.18424869 ], [ 13.24431348, 37.52371237 ], [ 28.84686885, 39.64331055 ], [ 36.11672363, 49.77934287 ], [ 25.08272233, 58.40154487 ], [ 5.52364655, 55.70676847 ] ] ] } },
{ "type": "Feature", "properties": { "id": 216 }, "geometry": { "type": "Polygon", "coordinates": [ [ [ 5.52364655, 55.70676847 ], [ 2.02656897, 45.18424869 ], [ 13.24431348, 37.52371237 ], [ 28.84686885, 39.64331055 ], [ 36.11672363, 49.77934287 ], [ 25.08272233, 58.40154487 ], [ 5.52364655, 55.70676847 ] ] ] } },
{ "type": "Feature", "properties": { "id": 229 }, "geometry": { "type": "Polygon", "coordinates": [ [ [ 5.52364655, 55.70676847 ], [ 2.02656897, 45.18424869 ], [ 13.24431348, 37.52371237 ], [ 28.84686885, 39.64331055 ], [ 36.11672363, 49.77934287 ], [ 25.08272233, 58.40154487 ], [ 5.52364655, 55.70676847 ] ] ] } },
{ "type": "Feature", "properties": { "id": 230 }, "geometry": { "type": "Polygon", "coordinates": [ [ [ 5.52364655, 55.70676847 ], [ 2.02656897, 45.18424869 ], [ 13.24431348, 37.52371237 ], [ 28.84686885, 39.64331055 ], [ 36.11672363, 49.77934287 ], [ 25.08272233, 58.40154487 ], [ 5.52364655, 55.70676847 ] ] ] } },
{ "type": "Feature", "properties": { "id": 231 }, "geometry": { "type": "Polygon", "coordinates": [ [ [ 5.52364655, 55.70676847 ], [ 2.02656897, 45.18424869 ], [ 13.24431348, 37.52371237 ], [ 28.84686885, 39.64331055 ], [ 36.11672363, 49.77934287 ], [ 25.08272233, 58.40154487 ], [ 5.52364655, 55.70676847 ] ] ] } },
{ "type": "Feature", "properties": { "id": 232 }, "geometry": { "type": "Polygon", "coordinates": [ [ [ 5.52364655, 55.70676847 ], [ 2.02656897, 45.18424869 ], [ 13.24431348, 37.52371237 ], [ 28.84686885, 39.64331055 ], [ 36.11672363, 49.77934287 ], [ 25.08272233, 58.40154487 ], [ 5.52364655, 55.70676847 ] ] ] } },
{ "type": "Feature", "properties": { "id": 233 }, "geometry": { "type": "Polygon", "coordinates": [ [ [ 5.52364655, 55.70676847 ], [ 2.02656897, 45.18424869 ], [ 13.24431348, 37.52371237 ], [ 28.84686885, 39.64331055 ], [ 36.11672363, 49.77934287 ], [ 25.08272233, 58.40154487 ], [ 5.52364655, 55.70676847 ] ] ] } },
{ "type": "Feature", "properties": { "id": 234 }, "geometry": { "type": "Polygon", "coordinates": [ [ [ 5.52364655, 55.70676847 ], [ 2.02656897, 45.18424869 ], [ 13.24431348, 37.52371237 ], [ 28.84686885, 39.64331055 ], [ 36.11672363, 49.77934287 ], [ 25.08272233, 58.40154487 ], [ 5.52364655, 55.70676847 ] ] ] } },
{ "type": "Feature", "properties": { "id": 235 }, "geometry": { "type": "Polygon", "coordinates": [ [ [ 5.52364655, 55.70676847 ], [ 2.02656897, 45.18424869 ], [ 13.24431348, 37.52371237 ], [ 28.84686885, 39.64331055 ], [ 36.11672363, 49.77934287 ], [ 25.08272233, 58.40154487 ], [ 5.52364655, 55.70676847 ] ] ] } },
{ "type": "Feature", "properties": { "id": 236 }, "geometry": { "type": "Polygon", "coordinates": [ [ [ 5.52364655, 55.70676847 ], [ 2.02656897, 45.18424869 ], [ 13.24431348, 37.52371237 ], [ 28.84686885, 39.64331055 ], [ 36.11672363, 49.77934287 ], [ 25.08272233, 58.40154487 ], [ 5.52364655, 55.70676847 ] ] ] } },
{ "type": "Feature", "properties": { "id": 237 }, "geometry": { "type": "Polygon", "coordinates": [ [ [ 5.52364655, 55.70676847 ], [ 2.02656897, 45.18424869 ], [ 13.24431348, 37.52371237 ], [ 28.84686885, 39.64331055 ], [ 36.11672363, 49.77934287 ], [ 25.08272233, 58.40154487 ], [ 5.52364655, 55.70676847 ] ] ] } },
{ "type": "Feature", "properties": { "id": 238 }, "geometry": { "type": "Polygon", "coordinates": [ [ [ 5.52364655, 55.70676847 ], [ 2.02656897, 45.18424869 ], [ 13.24431348, 37.52371237 ], [ 28.84686885, 39.64331055 ], [ 36.11672363, 49.77934287 ], [ 25.08272233, 58.40154487 ], [ 5.52364655, 55.70676847 ] ] ] } },
{ "type": "Feature", "properties": { "id": 239 }, "geometry": { "type": "Polygon", "coordinates": [ [ [ 5.52364655, 55.70676847 ], [ 2.02656897, 45.18424869 ], [ 13.24431348, 37.52371237 ], [ 28.84686885, 39.64331055 ], [ 36.11672363, 49.77934287 ], [ 25.08272233, 58.40154487 ], [ 5.52364655, 55.70676847 ] ] ] } },
{ "type": "Feature", "properties": { "id": 240 }, "geometry": { "type": "Polygon", "coordinates": [ [ [ 5.52364655, 55.70676847 ], [ 2.02656897, 45.18424869 ], [ 13.24431348, 37.52371237 ], [ 28.84686885, 39.64331055 ], [ 36.11672363, 49.77934287 ], [ 25.08272233, 58.40154487 ], [ 5.52364655, 55.70676847 ] ] ] } },
{ "type": "Feature", "properties": { "id": 241 }, "geometry": { "type": "Polygon", "coordinates": [ [ [ 5.52364655, 55.70676847 ], [ 2.02656897, 45.18424869 ], [ 13.24431348, 37.52371237 ], [ 28.84686885, 39.64331055 ], [ 36.11672363, 49.77934287 ], [ 25.08272233, 58.40154487 ], [ 5.52364655, 55.70676847 ] ] ] } },
{ "type": "Feature", "properties": { "id": 242 }, "geometry": { "type": "Polygon", "coordinates": [ [ [ 5.52364655, 55.70676847 ], [ 2.02656897, 45.18424869 ], [ 13.24431348, 37.52371237 ], [ 28.84686885, 39.64331055 ], [ 36.11672363, 49.77934287 ], [ 25.08272233, 58.40154487 ], [ 5.52364655, 55.70676847 ] ] ] } },
{ "type": "Feature", "properties": { "id": 243 }, "geometry": { "type": "Polygon", "coordinates": [ [ [ 5.52364655, 55.70676847 ], [ 2.02656897, 45.18424869 ], [ 13.24431348, 37.52371237 ], [ 28.84686885, 39.64331055 ], [ 36.11672363, 49.77934287 ], [ 25.08272233, 58.40154487 ], [ 5.52364655, 55.70676847 ] ] ] } },
{ "type": "Feature", "properties": { "id": 244 }, "geometry": { "type": "Polygon", "coordinates": [ [ [ 5.52364655, 55.70676847 ], [ 2.02656897, 45.18424869 ], [ 13.24431348, 37.52371237 ], [ 28.84686885, 39.64331055 ], [ 36.11672363, 49.77934287 ], [ 25.08272233, 58.40154487 ], [ 5.52364655, 55.70676847 ] ] ] } },
{ "type": "Feature", "properties": { "id": 217 }, "geometry": { "type": "Polygon", "coordinates": [ [ [ 5.52364655, 55.70676847 ], [ 2.02656897, 45.18424869 ], [ 13.24431348, 37.52371237 ], [ 28.84686885, 39.64331055 ], [ 36.11672363, 49.77934287 ], [ 25.08272233, 58.40154487 ], [ 5.52364655, 55.70676847 ] ] ] } },
{ "type": "Feature", "properties": { "id": 218 }, "geometry": { "type": "Polygon", "coordinates": [ [ [ 5.52364655, 55.70676847 ], [ 2.02656897, 45.18424869 ], [ 13.24431348, 37.52371237 ], [ 28.84686885, 39.64331055 ], [ 36.11672363, 49.77934287 ], [ 25.08272233, 58.40154487 ], [ 5.52364655, 55.70676847 ] ] ] } },
{ "type": "Feature", "properties": { "id": 219 }, "geometry": { "type": "Polygon", "coordinates": [ [ [ 5.52364655, 55.70676847 ], [ 2.02656897, 45.18424869 ], [ 13.24431348, 37.52371237 ], [ 28.84686885, 39.64331055 ], [ 36.11672363, 49.77934287 ], [ 25.08272233, 58.40154487 ], [ 5.52364655, 55.70676847 ] ] ] } },
{ "type": "Feature", "properties": { "id": 220 }, "geometry": { "type": "Polygon", "coordinates": [ [ [ 5.52364655, 55.70676847 ], [ 2.02656897, 45.18424869 ], [ 13.24431348, 37.52371237 ], [ 28.84686885, 39.64331055 ], [ 36.11672363, 49.77934287 ], [ 25.08272233, 58.40154487 ], [ 5.52364655, 55.70676847 ] ] ] } },
{ "type": "Feature", "properties": { "id": 221 }, "geometry": { "type": "Polygon", "coordinates": [ [ [ 5.52364655, 55.70676847 ], [ 2.02656897, 45.18424869 ], [ 13.24431348, 37.52371237 ], [ 28.84686885, 39.64331055 ], [ 36.11672363, 49.77934287 ], [ 25.08272233, 58.40154487 ], [ 5.52364655, 55.70676847 ] ] ] } },
{ "type": "Feature", "properties": { "id": 222 }, "geometry": { "type": "Polygon", "coordinates": [ [ [ 5.52364655, 55.70676847 ], [ 2.02656897, 45.18424869 ], [ 13.24431348, 37.52371237 ], [ 28.84686885, 39.64331055 ], [ 36.11672363, 49.77934287 ], [ 25.08272233, 58.40154487 ], [ 5.52364655, 55.70676847 ] ] ] } },
{ "type": "Feature", "properties": { "id": 223 }, "geometry": { "type": "Polygon", "coordinates": [ [ [ 5.52364655, 55.70676847 ], [ 2.02656897, 45.18424869 ], [ 13.24431348, 37.52371237 ], [ 28.84686885, 39.64331055 ], [ 36.11672363, 49.77934287 ], [ 25.08272233, 58.40154487 ], [ 5.52364655, 55.70676847 ] ] ] } },
{ "type": "Feature", "properties": { "id": 224 }, "geometry": { "type": "Polygon", "coordinates": [ [ [ 5.52364655, 55.70676847 ], [ 2.02656897, 45.18424869 ], [ 13.24431348, 37.52371237 ], [ 28.84686885, 39.64331055 ], [ 36.11672363, 49.77934287 ], [ 25.08272233, 58.40154487 ], [ 5.52364655, 55.70676847 ] ] ] } },
{ "type": "Feature", "properties": { "id": 225 }, "geometry": { "type": "Polygon", "coordinates": [ [ [ 5.52364655, 55.70676847 ], [ 2.02656897, 45.18424869 ], [ 13.24431348, 37.52371237 ], [ 28.84686885, 39.64331055 ], [ 36.11672363, 49.77934287 ], [ 25.08272233, 58.40154487 ], [ 5.52364655, 55.70676847 ] ] ] } },
{ "type": "Feature", "properties": { "id": 226 }, "geometry": { "type": "Polygon", "coordinates": [ [ [ 5.52364655, 55.70676847 ], [ 2.02656897, 45.18424869 ], [ 13.24431348, 37.52371237 ], [ 28.84686885, 39.64331055 ], [ 36.11672363, 49.77934287 ], [ 25.08272233, 58.40154487 ], [ 5.52364655, 55.70676847 ] ] ] } },
{ "type": "Feature", "properties": { "id": 227 }, "geometry": { "type": "Polygon", "coordinates": [ [ [ 5.52364655, 55.70676847 ], [ 2.02656897, 45.18424869 ], [ 13.24431348, 37.52371237 ], [ 28.84686885, 39.64331055 ], [ 36.11672363, 49.77934287 ], [ 25.08272233, 58.40154487 ], [ 5.52364655, 55.70676847 ] ] ] } },
{ "type": "Feature", "properties": { "id": 228 }, "geometry": { "type": "Polygon", "coordinates": [ [ [ 5.52364655, 55.70676847 ], [ 2.02656897, 45.18424869 ], [ 13.24431348, 37.52371237 ], [ 28.84686885, 39.64331055 ], [ 36.11672363, 49.77934287 ], [ 25.08272233, 58.40154487 ], [ 5.52364655, 55.70676847 ] ] ] } },
{ "type": "Feature", "properties": { "id": 245 }, "geometry": { "type": "Polygon", "coordinates": [ [ [ 5.52364655, 55.70676847 ], [ 2.02656897, 45.18424869 ], [ 13.24431348, 37.52371237 ], [ 28.84686885, 39.64331055 ], [ 36.11672363, 49.77934287 ], [ 25.08272233, 58.40154487 ], [ 5.52364655, 55.70676847 ] ] ] } },
{ "type": "Feature", "properties": { "id": 246 }, "geometry": { "type": "Polygon", "coordinates": [ [ [ 5.52364655, 55.70676847 ], [ 2.02656897, 45.18424869 ], [ 13.24431348, 37.52371237 ], [ 28.84686885, 39.64331055 ], [ 36.11672363, 49.77934287 ], [ 25.08272233, 58.40154487 ], [ 5.52364655, 55.70676847 ] ] ] } },
{ "type": "Feature", "properties": { "id": 247 }, "geometry": { "type": "Polygon", "coordinates": [ [ [ 5.52364655, 55.70676847 ], [ 2.02656897, 45.18424869 ], [ 13.24431348, 37.52371237 ], [ 28.84686885, 39.64331055 ], [ 36.11672363, 49.77934287 ], [ 25.08272233, 58.40154487 ], [ 5.52364655, 55.70676847 ] ] ] } },
{ "type": "Feature", "properties": { "id": 248 }, "geometry": { "type": "Polygon", "coordinates": [ [ [ 5.52364655, 55.70676847 ], [ 2.02656897, 45.18424869 ], [ 13.24431348, 37.52371237 ], [ 28.84686885, 39.64331055 ], [ 36.11672363, 49.77934287 ], [ 25.08272233, 58.40154487 ], [ 5.52364655, 55.70676847 ] ] ] } },
{ "type": "Feature", "properties": { "id": 249 }, "geometry": { "type": "Polygon", "coordinates": [ [ [ 5.52364655, 55.70676847 ], [ 2.02656897, 45.18424869 ], [ 13.24431348, 37.52371237 ], [ 28.84686885, 39.64331055 ], [ 36.11672363, 49.77934287 ], [ 25.08272233, 58.40154487 ], [ 5.52364655, 55.70676847 ] ] ] } },
{ "type": "Feature", "properties": { "id": 250 }, "geometry": { "type": "Polygon", "coordinates": [ [ [ 5.52364655, 55.70676847 ], [ 2.02656897, 45.18424869 ], [ 13.24431348, 37.52371237 ], [ 28.84686885, 39.64331055 ], [ 36.11672363, 49.77934287 ], [ 25.08272233, 58.40154487 ], [ 5.52364655, 55.70676847 ] ] ] } },
{ "type": "Feature", "properties": { "id": 251 }, "geometry": { "type": "Polygon", "coordinates": [ [ [ 5.52364655, 55.70676847 ], [ 2.02656897, 45.18424869 ], [ 13.24431348, 37.52371237 ], [ 28.84686885, 39.64331055 ], [ 36.11672363, 49.77934287 ], [ 25.08272233, 58.40154487 ], [ 5.52364655, 55.70676847 ] ] ] } },
{ "type": "Feature", "properties": { "id": 252 }, "geometry": { "type": "Polygon", "coordinates": [ [ [ 5.52364655, 55.70676847 ], [ 2.02656897, 45.18424869 ], [ 13.24431348, 37.52371237 ], [ 28.84686885, 39.64331055 ], [ 36.11672363, 49.77934287 ], [ 25.08272233, 58.40154487 ], [ 5.52364655, 55.70676847 ] ] ] } },
{ "type": "Feature", "properties": { "id": 253 }, "geometry": { "type": "Polygon", "coordinates": [ [ [ 5.52364655, 55.70676847 ], [ 2.02656897, 45.18424869 ], [ 13.24431348, 37.52371237 ], [ 28.84686885, 39.64331055 ], [ 36.11672363, 49.77934287 ], [ 25.08272233, 58.40154487 ], [ 5.52364655, 55.70676847 ] ] ] } },
{ "type": "Feature", "properties": { "id": 254 }, "geometry": { "type": "Polygon", "coordinates": [ [ [ 5.52364655, 55.70676847 ], [ 2.02656897, 45.18424869 ], [ 13.24431348, 37.52371237 ], [ 28.84686885, 39.64331055 ], [ 36.11672363, 49.77934287 ], [ 25.08272233, 58.40154487 ], [ 5.52364655, 55.70676847 ] ] ] } },
{ "type": "Feature", "properties": { "id": 255 }, "geometry": { "type": "Polygon", "coordinates": [ [ [ 5.52364655, 55.70676847 ], [ 2.02656897, 45.18424869 ], [ 13.24431348, 37.52371237 ], [ 28.84686885, 39.64331055 ], [ 36.11672363, 49.77934287 ], [ 25.08272233, 58.40154487 ], [ 5.52364655, 55.70676847 ] ] ] } },
{ "type": "Feature", "properties": { "id": 256 }, "geometry": { "type": "Polygon", "coordinates": [ [ [ 5.52364655, 55.70676847 ], [ 2.02656897, 45.18424869 ], [ 13.24431348, 37.52371237 ], [ 28.84686885, 39.64331055 ], [ 36.11672363, 49.77934287 ], [ 25.08272233, 58.40154487 ], [ 5.52364655, 55.70676847 ] ] ] } },
{ "type": "Feature", "properties": { "id": 257 }, "geometry": { "type": "Polygon", "coordinates": [ [ [ 5.52364655, 55.70676847 ], [ 2.02656897, 45.18424869 ], [ 13.24431348, 37.52371237 ], [ 28.84686885, 39.64331055 ], [ 36.11672363, 49.77934287 ], [ 25.08272233, 58.40154487 ], [ 5.52364655, 55.70676847 ] ] ] } },
{ "type": "Feature", "properties": { "id": 258 }, "geometry": { "type": "Polygon", "coordinates": [ [ [ 5.52364655, 55.70676847 ], [ 2.02656897, 45.18424869 ], [ 13.24431348, 37.52371237 ], [ 28.84686885, 39.64331055 ], [ 36.11672363, 49.77934287 ], [ 25.08272233, 58.40154487 ], [ 5.52364655, 55.70676847 ] ] ] } },
{ "type": "Feature", "properties": { "id": 259 }, "geometry": { "type": "Polygon", "coordinates": [ [ [ 5.52364655, 55.70676847 ], [ 2.02656897, 45.18424869 ], [ 13.24431348, 37.52371237 ], [ 28.84686885, 39.64331055 ], [ 36.11672363, 49.77934287 ], [ 25.08272233, 58.40154487 ], [ 5.52364655, 55.70676847 ] ] ] } },
{ "type": "Feature", "properties": { "id": 260 }, "geometry": { "type": "Polygon", "coordinates": [ [ [ 5.52364655, 55.70676847 ], [ 2.02656897, 45.18424869 ], [ 13.24431348, 37.52371237 ], [ 28.84686885, 39.64331055 ], [ 36.11672363, 49.77934287 ], [ 25.08272233, 58.40154487 ], [ 5.52364655, 55.70676847 ] ] ] } },
{ "type": "Feature", "properties": { "id": 261 }, "geometry": { "type": "Polygon", "coordinates": [ [ [ 5.52364655, 55.70676847 ], [ 2.02656897, 45.18424869 ], [ 13.24431348, 37.52371237 ], [ 28.84686885, 39.64331055 ], [ 36.11672363, 49.77934287 ], [ 25.08272233, 58.40154487 ], [ 5.52364655, 55.70676847 ] ] ] } },
{ "type": "Feature", "properties": { "id": 262 }, "geometry": { "type": "Polygon", "coordinates": [ [ [ 5.52364655, 55.70676847 ], [ 2.02656897, 45.18424869 ], [ 13.24431348, 37.52371237 ], [ 28.84686885, 39.64331055 ], [ 36.11672363, 49.77934287 ], [ 25.08272233, 58.40154487 ], [ 5.52364655, 55.70676847 ] ] ] } },
{ "type": "Feature", "properties": { "id": 263 }, "geometry": { "type": "Polygon", "coordinates": [ [ [ 5.52364655, 55.70676847 ], [ 2.02656897, 45.18424869 ], [ 13.24431348, 37.52371237 ], [ 28.84686885, 39.64331055 ], [ 36.11672363, 49.77934287 ], [ 25.08272233, 58.40154487 ], [ 5.52364655, 55.70676847 ] ] ] } },
{ "type": "Feature", "properties": { "id": 264 }, "geometry": { "type": "Polygon", "coordinates": [ [ [ 5.52364655, 55.70676847 ], [ 2.02656897, 45.18424869 ], [ 13.24431348, 37.52371237 ], [ 28.84686885, 39.64331055 ], [ 36.11672363, 49.77934287 ], [ 25.08272233, 58.40154487 ], [ 5.52364655, 55.70676847 ] ] ] } },
{ "type": "Feature", "properties": { "id": 265 }, "geometry": { "type": "Polygon", "coordinates": [ [ [ 5.52364655, 55.70676847 ], [ 2.02656897, 45.18424869 ], [ 13.24431348, 37.52371237 ], [ 28.84686885, 39.64331055 ], [ 36.11672363, 49.77934287 ], [ 25.08272233, 58.40154487 ], [ 5.52364655, 55.70676847 ] ] ] } },
{ "type": "Feature", "properties": { "id": 266 }, "geometry": { "type": "Polygon", "coordinates": [ [ [ 5.52364655, 55.70676847 ], [ 2.02656897, 45.18424869 ], [ 13.24431348, 37.52371237 ], [ 28.84686885, 39.64331055 ], [ 36.11672363, 49.77934287 ], [ 25.08272233, 58.40154487 ], [ 5.52364655, 55.70676847 ] ] ] } },
{ "type": "Feature", "properties": { "id": 267 }, "geometry": { "type": "Polygon", "coordinates": [ [ [ 5.52364655, 55.70676847 ], [ 2.02656897, 45.18424869 ], [ 13.24431348, 37.52371237 ], [ 28.84686885, 39.64331055 ], [ 36.11672363, 49.77934287 ], [ 25.08272233, 58.40154487 ], [ 5.52364655, 55.70676847 ] ] ] } },
{ "type": "Feature", "properties": { "id": 268 }, "geometry": { "type": "Polygon", "coordinates": [ [ [ 5.52364655, 55.70676847 ], [ 2.02656897, 45.18424869 ], [ 13.24431348, 37.52371237 ], [ 28.84686885, 39.64331055 ], [ 36.11672363, 49.77934287 ], [ 25.08272233, 58.40154487 ], [ 5.52364655, 55.70676847 ] ] ] } },
{ "type": "Feature", "properties": { "id": 269 }, "geometry": { "type": "Polygon", "coordinates": [ [ [ 5.52364655, 55.70676847 ], [ 2.02656897, 45.18424869 ], [ 13.24431348, 37.52371237 ], [ 28.84686885, 39.64331055 ], [ 36.11672363, 49.77934287 ], [ 25.08272233, 58.40154487 ], [ 5.52364655, 55.70676847 ] ] ] } },
{ "type": "Feature", "properties": { "id": 270 }, "geometry": { "type": "Polygon", "coordinates": [ [ [ 5.52364655, 55.70676847 ], [ 2.02656897, 45.18424869 ], [ 13.24431348, 37.52371237 ], [ 28.84686885, 39.64331055 ], [ 36.11672363, 49.77934287 ], [ 25.08272233, 58.40154487 ], [ 5.52364655, 55.70676847 ] ] ] } },
{ "type": "Feature", "properties": { "id": 271 }, "geometry": { "type": "Polygon", "coordinates": [ [ [ 5.52364655, 55.70676847 ], [ 2.02656897, 45.18424869 ], [ 13.24431348, 37.52371237 ], [ 28.84686885, 39.64331055 ], [ 36.11672363, 49.77934287 ], [ 25.08272233, 58.40154487 ], [ 5.52364655, 55.70676847 ] ] ] } },
{ "type": "Feature", "properties": { "id": 272 }, "geometry": { "type": "Polygon", "coordinates": [ [ [ 5.52364655, 55.70676847 ], [ 2.02656897, 45.18424869 ], [ 13.24431348, 37.52371237 ], [ 28.84686885, 39.64331055 ], [ 36.11672363, 49.77934287 ], [ 25.08272233, 58.40154487 ], [ 5.52364655, 55.70676847 ] ] ] } },
{ "type": "Feature", "properties": { "id": 273 }, "geometry": { "type": "Polygon", "coordinates": [ [ [ 5.52364655, 55.70676847 ], [ 2.02656897, 45.18424869 ], [ 13.24431348, 37.52371237 ], [ 28.84686885, 39.64331055 ], [ 36.11672363, 49.77934287 ], [ 25.08272233, 58.40154487 ], [ 5.52364655, 55.70676847 ] ] ] } },
{ "type": "Feature", "properties": { "id": 274 }, "geometry": { "type": "Polygon", "coordinates": [ [ [ 5.52364655, 55.70676847 ], [ 2.02656897, 45.18424869 ], [ 13.24431348, 37.52371237 ], [ 28.84686885, 39.64331055 ], [ 36.11672363, 49.77934287 ], [ 25.08272233, 58.40154487 ], [ 5.52364655, 55.70676847 ] ] ] } },
{ "type": "Feature", "properties": { "id": 275 }, "geometry": { "type": "Polygon", "coordinates": [ [ [ 5.52364655, 55.70676847 ], [ 2.02656897, 45.18424869 ], [ 13.24431348, 37.52371237 ], [ 28.84686885, 39.64331055 ], [ 36.11672363, 49.77934287 ], [ 25.08272233, 58.40154487 ], [ 5.52364655, 55.70676847 ] ] ] } },
{ "type": "Feature", "properties": { "id": 276 }, "geometry": { "type": "Polygon", "coordinates": [ [ [ 5.52364655, 55.70676847 ], [ 2.02656897, 45.18424869 ], [ 13.24431348, 37.52371237 ], [ 28.84686885, 39.64331055 ], [ 36.11672363, 49.77934287 ], [ 25.08272233, 58.40154487 ], [ 5.52364655, 55.70676847 ] ] ] } },
{ "type": "Feature", "properties": { "id": 278 }, "geometry": { "type": "Polygon", "coordinates": [ [ [ 5.52364655, 55.70676847 ], [ 2.02656897, 45.18424869 ], [ 13.24431348, 37.52371237 ], [ 28.84686885, 39.64331055 ], [ 36.11672363, 49.77934287 ], [ 25.08272233, 58.40154487 ], [ 5.52364655, 55.70676847 ] ] ] } },
{ "type": "Feature", "properties": { "id": 279 }, "geometry": { "type": "Polygon", "coordinates": [ [ [ 5.52364655, 55.70676847 ], [ 2.02656897, 45.18424869 ], [ 13.24431348, 37.52371237 ], [ 28.84686885, 39.64331055 ], [ 36.11672363, 49.77934287 ], [ 25.08272233, 58.40154487 ], [ 5.52364655, 55.70676847 ] ] ] } },
{ "type": "Feature", "properties": { "id": 280 }, "geometry": { "type": "Polygon", "coordinates": [ [ [ 5.52364655, 55.70676847 ], [ 2.02656897, 45.18424869 ], [ 13.24431348, 37.52371237 ], [ 28.84686885, 39.64331055 ], [ 36.11672363, 49.77934287 ], [ 25.08272233, 58.40154487 ], [ 5.52364655, 55.70676847 ] ] ] } },
{ "type": "Feature", "properties": { "id": 281 }, "geometry": { "type": "Polygon", "coordinates": [ [ [ 5.52364655, 55.70676847 ], [ 2.02656897, 45.18424869 ], [ 13.24431348, 37.52371237 ], [ 28.84686885, 39.64331055 ], [ 36.11672363, 49.77934287 ], [ 25.08272233, 58.40154487 ], [ 5.52364655, 55.70676847 ] ] ] } },
{ "type": "Feature", "properties": { "id": 277 }, "geometry": { "type": "Polygon", "coordinates": [ [ [ 5.52364655, 55.70676847 ], [ 2.02656897, 45.18424869 ], [ 13.24431348, 37.52371237 ], [ 28.84686885, 39.64331055 ], [ 36.11672363, 49.77934287 ], [ 25.08272233, 58.40154487 ], [ 5.52364655, 55.70676847 ] ] ] } },
{ "type": "Feature", "properties": { "id": 282 }, "geometry": { "type": "Polygon", "coordinates": [ [ [ 5.52364655, 55.70676847 ], [ 2.02656897, 45.18424869 ], [ 13.24431348, 37.52371237 ], [ 28.84686885, 39.64331055 ], [ 36.11672363, 49.77934287 ], [ 25.08272233, 58.40154487 ], [ 5.52364655, 55.70676847 ] ] ] } },
{ "type": "Feature", "properties": { "id": 283 }, "geometry": { "type": "Polygon", "coordinates": [ [ [ 5.52364655, 55.70676847 ], [ 2.02656897, 45.18424869 ], [ 13.24431348, 37.52371237 ], [ 28.84686885, 39.64331055 ], [ 36.11672363, 49.77934287 ], [ 25.08272233, 58.40154487 ], [ 5.52364655, 55.70676847 ] ] ] } },
{ "type": "Feature", "properties": { "id": 284 }, "geometry": { "type": "Polygon", "coordinates": [ [ [ 5.52364655, 55.70676847 ], [ 2.02656897, 45.18424869 ], [ 13.24431348, 37.52371237 ], [ 28.84686885, 39.64331055 ], [ 36.11672363, 49.77934287 ], [ 25.08272233, 58.40154487 ], [ 5.52364655, 55.70676847 ] ] ] } },
{ "type": "Feature", "properties": { "id": 285 }, "geometry": { "type": "Polygon", "coordinates": [ [ [ 5.52364655, 55.70676847 ], [ 2.02656897, 45.18424869 ], [ 13.24431348, 37.52371237 ], [ 28.84686885, 39.64331055 ], [ 36.11672363, 49.77934287 ], [ 25.08272233, 58.40154487 ], [ 5.52364655, 55.70676847 ] ] ] } },
{ "type": "Feature", "properties": { "id": 286 }, "geometry": { "type": "Polygon", "coordinates": [ [ [ 5.52364655, 55.70676847 ], [ 2.02656897, 45.18424869 ], [ 13.24431348, 37.52371237 ], [ 28.84686885, 39.64331055 ], [ 36.11672363, 49.77934287 ], [ 25.08272233, 58.40154487 ], [ 5.52364655, 55.70676847 ] ] ] } },
{ "type": "Feature", "properties": { "id": 287 }, "geometry": { "type": "Polygon", "coordinates": [ [ [ 5.52364655, 55.70676847 ], [ 2.02656897, 45.18424869 ], [ 13.24431348, 37.52371237 ], [ 28.84686885, 39.64331055 ], [ 36.11672363, 49.77934287 ], [ 25.08272233, 58.40154487 ], [ 5.52364655, 55.70676847 ] ] ] } },
{ "type": "Feature", "properties": { "id": 288 }, "geometry": { "type": "Polygon", "coordinates": [ [ [ 5.52364655, 55.70676847 ], [ 2.02656897, 45.18424869 ], [ 13.24431348, 37.52371237 ], [ 28.84686885, 39.64331055 ], [ 36.11672363, 49.77934287 ], [ 25.08272233, 58.40154487 ], [ 5.52364655, 55.70676847 ] ] ] } },
{ "type": "Feature", "properties": { "id": 289 }, "geometry": { "type": "Polygon", "coordinates": [ [ [ 5.52364655, 55.70676847 ], [ 2.02656897, 45.18424869 ], [ 13.24431348, 37.52371237 ], [ 28.84686885, 39.64331055 ], [ 36.11672363, 49.77934287 ], [ 25.08272233, 58.40154487 ], [ 5.52364655, 55.70676847 ] ] ] } },
{ "type": "Feature", "properties": { "id": 290 }, "geometry": { "type": "Polygon", "coordinates": [ [ [ 5.52364655, 55.70676847 ], [ 2.02656897, 45.18424869 ], [ 13.24431348, 37.52371237 ], [ 28.84686885, 39.64331055 ], [ 36.11672363, 49.77934287 ], [ 25.08272233, 58.40154487 ], [ 5.52364655, 55.70676847 ] ] ] } },
{ "type": "Feature", "properties": { "id": 291 }, "geometry": { "type": "Polygon", "coordinates": [ [ [ 5.52364655, 55.70676847 ], [ 2.02656897, 45.18424869 ], [ 13.24431348, 37.52371237 ], [ 28.84686885, 39.64331055 ], [ 36.11672363, 49.77934287 ], [ 25.08272233, 58.40154487 ], [ 5.52364655, 55.70676847 ] ] ] } },
{ "type": "Feature", "properties": { "id": 292 }, "geometry": { "type": "Polygon", "coordinates": [ [ [ 5.52364655, 55.70676847 ], [ 2.02656897, 45.18424869 ], [ 13.24431348, 37.52371237 ], [ 28.84686885, 39.64331055 ], [ 36.11672363, 49.77934287 ], [ 25.08272233, 58.40154487 ], [ 5.52364655, 55.70676847 ] ] ] } },
{ "type": "Feature", "properties": { "id": 293 }, "geometry": { "type": "Polygon", "coordinates": [ [ [ 5.52364655, 55.70676847 ], [ 2.02656897, 45.18424869 ], [ 13.24431348, 37.52371237 ], [ 28.84686885, 39.64331055 ], [ 36.11672363, 49.77934287 ], [ 25.08272233, 58.40154487 ], [ 5.52364655, 55.70676847 ] ] ] } },
{ "type": "Feature", "properties": { "id": 294 }, "geometry": { "type": "Polygon", "coordinates": [ [ [ 5.52364655, 55.70676847 ], [ 2.02656897, 45.18424869 ], [ 13.24431348, 37.52371237 ], [ 28.84686885, 39.64331055 ], [ 36.11672363, 49.77934287 ], [ 25.08272233, 58.40154487 ], [ 5.52364655, 55.70676847 ] ] ] } },
{ "type": "Feature", "properties": { "id": 295 }, "geometry": { "type": "Polygon", "coordinates": [ [ [ 5.52364655, 55.70676847 ], [ 2.02656897, 45.18424869 ], [ 13.24431348, 37.52371237 ], [ 28.84686885, 39.64331055 ], [ 36.11672363, 49.77934287 ], [ 25.08272233, 58.40154487 ], [ 5.52364655, 55.70676847 ] ] ] } },
{ "type": "Feature", "properties": { "id": 296 }, "geometry": { "type": "Polygon", "coordinates": [ [ [ 5.52364655, 55.70676847 ], [ 2.02656897, 45.18424869 ], [ 13.24431348, 37.52371237 ], [ 28.84686885, 39.64331055 ], [ 36.11672363, 49.77934287 ], [ 25.08272233, 58.40154487 ], [ 5.52364655, 55.70676847 ] ] ] } },
{ "type": "Feature", "properties": { "id": 297 }, "geometry": { "type": "Polygon", "coordinates": [ [ [ 5.52364655, 55.70676847 ], [ 2.02656897, 45.18424869 ], [ 13.24431348, 37.52371237 ], [ 28.84686885, 39.64331055 ], [ 36.11672363, 49.77934287 ], [ 25.08272233, 58.40154487 ], [ 5.52364655, 55.70676847 ] ] ] } },
{ "type": "Feature", "properties": { "id": 298 }, "geometry": { "type": "Polygon", "coordinates": [ [ [ 5.52364655, 55.70676847 ], [ 2.02656897, 45.18424869 ], [ 13.24431348, 37.52371237 ], [ 28.84686885, 39.64331055 ], [ 36.11672363, 49.77934287 ], [ 25.08272233, 58.40154487 ], [ 5.52364655, 55.70676847 ] ] ] } },
{ "type": "Feature", "properties": { "id": 299 }, "geometry": { "type": "Polygon", "coordinates": [ [ [ 5.52364655, 55.70676847 ], [ 2.02656897, 45.18424869 ], [ 13.24431348, 37.52371237 ], [ 28.84686885, 39.64331055 ], [ 36.11672363, 49.77934287 ], [ 25.08272233, 58.40154487 ], [ 5.52364655, 55.70676847 ] ] ] } },
{ "type": "Feature", "properties": { "id": 300 }, "geometry": { "type": "Polygon", "coordinates": [ [ [ 5.52364655, 55.70676847 ], [ 2.02656897, 45.18424869 ], [ 13.24431348, 37.52371237 ], [ 28.84686885, 39.64331055 ], [ 36.11672363, 49.77934287 ], [ 25.08272233, 58.40154487 ], [ 5.52364655, 55.70676847 ] ] ] } },
{ "type": "Feature", "properties": { "id": 301 }, "geometry": { "type": "Polygon", "coordinates": [ [ [ 5.52364655, 55.70676847 ], [ 2.02656897, 45.18424869 ], [ 13.24431348, 37.52371237 ], [ 28.84686885, 39.64331055 ], [ 36.11672363, 49.77934287 ], [ 25.08272233, 58.40154487 ], [ 5.52364655, 55.70676847 ] ] ] } },
{ "type": "Feature", "properties": { "id": 302 }, "geometry": { "type": "Polygon", "coordinates": [ [ [ 5.52364655, 55.70676847 ], [ 2.02656897, 45.18424869 ], [ 13.24431348, 37.52371237 ], [ 28.84686885, 39.64331055 ], [ 36.11672363, 49.77934287 ], [ 25.08272233, 58.40154487 ], [ 5.52364655, 55.70676847 ] ] ] } },
{ "type": "Feature", "properties": { "id": 303 }, "geometry": { "type": "Polygon", "coordinates": [ [ [ 5.52364655, 55.70676847 ], [ 2.02656897, 45.18424869 ], [ 13.24431348, 37.52371237 ], [ 28.84686885, 39.64331055 ], [ 36.11672363, 49.77934287 ], [ 25.08272233, 58.40154487 ], [ 5.52364655, 55.70676847 ] ] ] } },
{ "type": "Feature", "properties": { "id": 304 }, "geometry": { "type": "Polygon", "coordinates": [ [ [ 5.52364655, 55.70676847 ], [ 2.02656897, 45.18424869 ], [ 13.24431348, 37.52371237 ], [ 28.84686885, 39.64331055 ], [ 36.11672363, 49.77934287 ], [ 25.08272233, 58.40154487 ], [ 5.52364655, 55.70676847 ] ] ] } },
{ "type": "Feature", "properties": { "id": 305 }, "geometry": { "type": "Polygon", "coordinates": [ [ [ 5.52364655, 55.70676847 ], [ 2.02656897, 45.18424869 ], [ 13.24431348, 37.52371237 ], [ 28.84686885, 39.64331055 ], [ 36.11672363, 49.77934287 ], [ 25.08272233, 58.40154487 ], [ 5.52364655, 55.70676847 ] ] ] } },
{ "type": "Feature", "properties": { "id": 306 }, "geometry": { "type": "Polygon", "coordinates": [ [ [ 5.52364655, 55.70676847 ], [ 2.02656897, 45.18424869 ], [ 13.24431348, 37.52371237 ], [ 28.84686885, 39.64331055 ], [ 36.11672363, 49.77934287 ], [ 25.08272233, 58.40154487 ], [ 5.52364655, 55.70676847 ] ] ] } },
{ "type": "Feature", "properties": { "id": 307 }, "geometry": { "type": "Polygon", "coordinates": [ [ [ 5.52364655, 55.70676847 ], [ 2.02656897, 45.18424869 ], [ 13.24431348, 37.52371237 ], [ 28.84686885, 39.64331055 ], [ 36.11672363, 49.77934287 ], [ 25.08272233, 58.40154487 ], [ 5.52364655, 55.70676847 ] ] ] } },
{ "type": "Feature", "properties": { "id": 308 }, "geometry": { "type": "Polygon", "coordinates": [ [ [ 5.52364655, 55.70676847 ], [ 2.02656897, 45.18424869 ], [ 13.24431348, 37.52371237 ], [ 28.84686885, 39.64331055 ], [ 36.11672363, 49.77934287 ], [ 25.08272233, 58.40154487 ], [ 5.52364655, 55.70676847 ] ] ] } },
{ "type": "Feature", "properties": { "id": 309 }, "geometry": { "type": "Polygon", "coordinates": [ [ [ 5.52364655, 55.70676847 ], [ 2.02656897, 45.18424869 ], [ 13.24431348, 37.52371237 ], [ 28.84686885, 39.64331055 ], [ 36.11672363, 49.77934287 ], [ 25.08272233, 58.40154487 ], [ 5.52364655, 55.70676847 ] ] ] } },
{ "type": "Feature", "properties": { "id": 310 }, "geometry": { "type": "Polygon", "coordinates": [ [ [ 5.52364655, 55.70676847 ], [ 2.02656897, 45.18424869 ], [ 13.24431348, 37.52371237 ], [ 28.84686885, 39.64331055 ], [ 36.11672363, 49.77934287 ], [ 25.08272233, 58.40154487 ], [ 5.52364655, 55.70676847 ] ] ] } },
{ "type": "Feature", "properties": { "id": 311 }, "geometry": { "type": "Polygon", "coordinates": [ [ [ 5.52364655, 55.70676847 ], [ 2.02656897, 45.18424869 ], [ 13.24431348, 37.52371237 ], [ 28.84686885, 39.64331055 ], [ 36.11672363, 49.77934287 ], [ 25.08272233, 58.40154487 ], [ 5.52364655, 55.70676847 ] ] ] } },
{ "type": "Feature", "properties": { "id": 312 }, "geometry": { "type": "Polygon", "coordinates": [ [ [ 5.52364655, 55.70676847 ], [ 2.02656897, 45.18424869 ], [ 13.24431348, 37.52371237 ], [ 28.84686885, 39.64331055 ], [ 36.11672363, 49.77934287 ], [ 25.08272233, 58.40154487 ], [ 5.52364655, 55.70676847 ] ] ] } },
{ "type": "Feature", "properties": { "id": 313 }, "geometry": { "type": "Polygon", "coordinates": [ [ [ 5.52364655, 55.70676847 ], [ 2.02656897, 45.18424869 ], [ 13.24431348, 37.52371237 ], [ 28.84686885, 39.64331055 ], [ 36.11672363, 49.77934287 ], [ 25.08272233, 58.40154487 ], [ 5.52364655, 55.70676847 ] ] ] } },
{ "type": "Feature", "properties": { "id": 314 }, "geometry": { "type": "Polygon", "coordinates": [ [ [ 5.52364655, 55.70676847 ], [ 2.02656897, 45.18424869 ], [ 13.24431348, 37.52371237 ], [ 28.84686885, 39.64331055 ], [ 36.11672363, 49.77934287 ], [ 25.08272233, 58.40154487 ], [ 5.52364655, 55.70676847 ] ] ] } },
{ "type": "Feature", "properties": { "id": 315 }, "geometry": { "type": "Polygon", "coordinates": [ [ [ 5.52364655, 55.70676847 ], [ 2.02656897, 45.18424869 ], [ 13.24431348, 37.52371237 ], [ 28.84686885, 39.64331055 ], [ 36.11672363, 49.77934287 ], [ 25.08272233, 58.40154487 ], [ 5.52364655, 55.70676847 ] ] ] } },
{ "type": "Feature", "properties": { "id": 316 }, "geometry": { "type": "Polygon", "coordinates": [ [ [ 5.52364655, 55.70676847 ], [ 2.02656897, 45.18424869 ], [ 13.24431348, 37.52371237 ], [ 28.84686885, 39.64331055 ], [ 36.11672363, 49.77934287 ], [ 25.08272233, 58.40154487 ], [ 5.52364655, 55.70676847 ] ] ] } },
{ "type": "Feature", "properties": { "id": 317 }, "geometry": { "type": "Polygon", "coordinates": [ [ [ 5.52364655, 55.70676847 ], [ 2.02656897, 45.18424869 ], [ 13.24431348, 37.52371237 ], [ 28.84686885, 39.64331055 ], [ 36.11672363, 49.77934287 ], [ 25.08272233, 58.40154487 ], [ 5.52364655, 55.70676847 ] ] ] } },
{ "type": "Feature", "properties": { "id": 318 }, "geometry": { "type": "Polygon", "coordinates": [ [ [ 5.52364655, 55.70676847 ], [ 2.02656897, 45.18424869 ], [ 13.24431348, 37.52371237 ], [ 28.84686885, 39.64331055 ], [ 36.11672363, 49.77934287 ], [ 25.08272233, 58.40154487 ], [ 5.52364655, 55.70676847 ] ] ] } },
{ "type": "Feature", "properties": { "id": 319 }, "geometry": { "type": "Polygon", "coordinates": [ [ [ 5.52364655, 55.70676847 ], [ 2.02656897, 45.18424869 ], [ 13.24431348, 37.52371237 ], [ 28.84686885, 39.64331055 ], [ 36.11672363, 49.77934287 ], [ 25.08272233, 58.40154487 ], [ 5.52364655, 55.70676847 ] ] ] } },
{ "type": "Feature", "properties": { "id": 320 }, "geometry": { "type": "Polygon", "coordinates": [ [ [ 5.52364655, 55.70676847 ], [ 2.02656897, 45.18424869 ], [ 13.24431348, 37.52371237 ], [ 28.84686885, 39.64331055 ], [ 36.11672363, 49.77934287 ], [ 25.08272233, 58.40154487 ], [ 5.52364655, 55.70676847 ] ] ] } },
{ "type": "Feature", "properties": { "id": 321 }, "geometry": { "type": "Polygon", "coordinates": [ [ [ 5.52364655, 55.70676847 ], [ 2.02656897, 45.18424869 ], [ 13.24431348, 37.52371237 ], [ 28.84686885, 39.64331055 ], [ 36.11672363, 49.77934287 ], [ 25.08272233, 58.40154487 ], [ 5.52364655, 55.70676847 ] ] ] } },
{ "type": "Feature", "properties": { "id": 322 }, "geometry": { "type": "Polygon", "coordinates": [ [ [ 5.52364655, 55.70676847 ], [ 2.02656897, 45.18424869 ], [ 13.24431348, 37.52371237 ], [ 28.84686885, 39.64331055 ], [ 36.11672363, 49.77934287 ], [ 25.08272233, 58.40154487 ], [ 5.52364655, 55.70676847 ] ] ] } },
{ "type": "Feature", "properties": { "id": 323 }, "geometry": { "type": "Polygon", "coordinates": [ [ [ 5.52364655, 55.70676847 ], [ 2.02656897, 45.18424869 ], [ 13.24431348, 37.52371237 ], [ 28.84686885, 39.64331055 ], [ 36.11672363, 49.77934287 ], [ 25.08272233, 58.40154487 ], [ 5.52364655, 55.70676847 ] ] ] } },
{ "type": "Feature", "properties": { "id": 324 }, "geometry": { "type": "Polygon", "coordinates": [ [ [ 5.52364655, 55.70676847 ], [ 2.02656897, 45.18424869 ], [ 13.24431348, 37.52371237 ], [ 28.84686885, 39.64331055 ], [ 36.11672363, 49.77934287 ], [ 25.08272233, 58.40154487 ], [ 5.52364655, 55.70676847 ] ] ] } },
{ "type": "Feature", "properties": { "id": 325 }, "geometry": { "type": "Polygon", "coordinates": [ [ [ 5.52364655, 55.70676847 ], [ 2.02656897, 45.18424869 ], [ 13.24431348, 37.52371237 ], [ 28.84686885, 39.64331055 ], [ 36.11672363, 49.77934287 ], [ 25.08272233, 58.40154487 ], [ 5.52364655, 55.70676847 ] ] ] } },
{ "type": "Feature", "properties": { "id": 326 }, "geometry": { "type": "Polygon", "coordinates": [ [ [ 5.52364655, 55.70676847 ], [ 2.02656897, 45.18424869 ], [ 13.24431348, 37.52371237 ], [ 28.84686885, 39.64331055 ], [ 36.11672363, 49.77934287 ], [ 25.08272233, 58.40154487 ], [ 5.52364655, 55.70676847 ] ] ] } },
{ "type": "Feature", "properties": { "id": 327 }, "geometry": { "type": "Polygon", "coordinates": [ [ [ 5.52364655, 55.70676847 ], [ 2.02656897, 45.18424869 ], [ 13.24431348, 37.52371237 ], [ 28.84686885, 39.64331055 ], [ 36.11672363, 49.77934287 ], [ 25.08272233, 58.40154487 ], [ 5.52364655, 55.70676847 ] ] ] } },
{ "type": "Feature", "properties": { "id": 328 }, "geometry": { "type": "Polygon", "coordinates": [ [ [ 5.52364655, 55.70676847 ], [ 2.02656897, 45.18424869 ], [ 13.24431348, 37.52371237 ], [ 28.84686885, 39.64331055 ], [ 36.11672363, 49.77934287 ], [ 25.08272233, 58.40154487 ], [ 5.52364655, 55.70676847 ] ] ] } },
{ "type": "Feature", "properties": { "id": 329 }, "geometry": { "type": "Polygon", "coordinates": [ [ [ 5.52364655, 55.70676847 ], [ 2.02656897, 45.18424869 ], [ 13.24431348, 37.52371237 ], [ 28.84686885, 39.64331055 ], [ 36.11672363, 49.77934287 ], [ 25.08272233, 58.40154487 ], [ 5.52364655, 55.70676847 ] ] ] } },
{ "type": "Feature", "properties": { "id": 330 }, "geometry": { "type": "Polygon", "coordinates": [ [ [ 5.52364655, 55.70676847 ], [ 2.02656897, 45.18424869 ], [ 13.24431348, 37.52371237 ], [ 28.84686885, 39.64331055 ], [ 36.11672363, 49.77934287 ], [ 25.08272233, 58.40154487 ], [ 5.52364655, 55.70676847 ] ] ] } },
{ "type": "Feature", "properties": { "id": 331 }, "geometry": { "type": "Polygon", "coordinates": [ [ [ 5.52364655, 55.70676847 ], [ 2.02656897, 45.18424869 ], [ 13.24431348, 37.52371237 ], [ 28.84686885, 39.64331055 ], [ 36.11672363, 49.77934287 ], [ 25.08272233, 58.40154487 ], [ 5.52364655, 55.70676847 ] ] ] } },
{ "type": "Feature", "properties": { "id": 332 }, "geometry": { "type": "Polygon", "coordinates": [ [ [ 5.52364655, 55.70676847 ], [ 2.02656897, 45.18424869 ], [ 13.24431348, 37.52371237 ], [ 28.84686885, 39.64331055 ], [ 36.11672363, 49.77934287 ], [ 25.08272233, 58.40154487 ], [ 5.52364655, 55.70676847 ] ] ] } },
{ "type": "Feature", "properties": { "id": 333 }, "geometry": { "type": "Polygon", "coordinates": [ [ [ 5.52364655, 55.70676847 ], [ 2.02656897, 45.18424869 ], [ 13.24431348, 37.52371237 ], [ 28.84686885, 39.64331055 ], [ 36.11672363, 49.77934287 ], [ 25.08272233, 58.40154487 ], [ 5.52364655, 55.70676847 ] ] ] } },
{ "type": "Feature", "properties": { "id": 334 }, "geometry": { "type": "Polygon", "coordinates": [ [ [ 5.52364655, 55.70676847 ], [ 2.02656897, 45.18424869 ], [ 13.24431348, 37.52371237 ], [ 28.84686885, 39.64331055 ], [ 36.11672363, 49.77934287 ], [ 25.08272233, 58.40154487 ], [ 5.52364655, 55.70676847 ] ] ] } },
{ "type": "Feature", "properties": { "id": 335 }, "geometry": { "type": "Polygon", "coordinates": [ [ [ 5.52364655, 55.70676847 ], [ 2.02656897, 45.18424869 ], [ 13.24431348, 37.52371237 ], [ 28.84686885, 39.64331055 ], [ 36.11672363, 49.77934287 ], [ 25.08272233, 58.40154487 ], [ 5.52364655, 55.70676847 ] ] ] } },
{ "type": "Feature", "properties": { "id": 336 }, "geometry": { "type": "Polygon", "coordinates": [ [ [ 5.52364655, 55.70676847 ], [ 2.02656897, 45.18424869 ], [ 13.24431348, 37.52371237 ], [ 28.84686885, 39.64331055 ], [ 36.11672363, 49.77934287 ], [ 25.08272233, 58.40154487 ], [ 5.52364655, 55.70676847 ] ] ] } },
{ "type": "Feature", "properties": { "id": 337 }, "geometry": { "type": "Polygon", "coordinates": [ [ [ 5.52364655, 55.70676847 ], [ 2.02656897, 45.18424869 ], [ 13.24431348, 37.52371237 ], [ 28.84686885, 39.64331055 ], [ 36.11672363, 49.77934287 ], [ 25.08272233, 58.40154487 ], [ 5.52364655, 55.70676847 ] ] ] } },
{ "type": "Feature", "properties": { "id": 338 }, "geometry": { "type": "Polygon", "coordinates": [ [ [ 5.52364655, 55.70676847 ], [ 2.02656897, 45.18424869 ], [ 13.24431348, 37.52371237 ], [ 28.84686885, 39.64331055 ], [ 36.11672363, 49.77934287 ], [ 25.08272233, 58.40154487 ], [ 5.52364655, 55.70676847 ] ] ] } },
{ "type": "Feature", "properties": { "id": 339 }, "geometry": { "type": "Polygon", "coordinates": [ [ [ 5.52364655, 55.70676847 ], [ 2.02656897, 45.18424869 ], [ 13.24431348, 37.52371237 ], [ 28.84686885, 39.64331055 ], [ 36.11672363, 49.77934287 ], [ 25.08272233, 58.40154487 ], [ 5.52364655, 55.70676847 ] ] ] } },
{ "type": "Feature", "properties": { "id": 340 }, "geometry": { "type": "Polygon", "coordinates": [ [ [ 5.52364655, 55.70676847 ], [ 2.02656897, 45.18424869 ], [ 13.24431348, 37.52371237 ], [ 28.84686885, 39.64331055 ], [ 36.11672363, 49.77934287 ], [ 25.08272233, 58.40154487 ], [ 5.52364655, 55.70676847 ] ] ] } },
{ "type": "Feature", "properties": { "id": 341 }, "geometry": { "type": "Polygon", "coordinates": [ [ [ 5.52364655, 55.70676847 ], [ 2.02656897, 45.18424869 ], [ 13.24431348, 37.52371237 ], [ 28.84686885, 39.64331055 ], [ 36.11672363, 49.77934287 ], [ 25.08272233, 58.40154487 ], [ 5.52364655, 55.70676847 ] ] ] } },
{ "type": "Feature", "properties": { "id": 342 }, "geometry": { "type": "Polygon", "coordinates": [ [ [ 5.52364655, 55.70676847 ], [ 2.02656897, 45.18424869 ], [ 13.24431348, 37.52371237 ], [ 28.84686885, 39.64331055 ], [ 36.11672363, 49.77934287 ], [ 25.08272233, 58.40154487 ], [ 5.52364655, 55.70676847 ] ] ] } },
{ "type": "Feature", "properties": { "id": 343 }, "geometry": { "type": "Polygon", "coordinates": [ [ [ 5.52364655, 55.70676847 ], [ 2.02656897, 45.18424869 ], [ 13.24431348, 37.52371237 ], [ 28.84686885, 39.64331055 ], [ 36.11672363, 49.77934287 ], [ 25.08272233, 58.40154487 ], [ 5.52364655, 55.70676847 ] ] ] } },
{ "type": "Feature", "properties": { "id": 344 }, "geometry": { "type": "Polygon", "coordinates": [ [ [ 5.52364655, 55.70676847 ], [ 2.02656897, 45.18424869 ], [ 13.24431348, 37.52371237 ], [ 28.84686885, 39.64331055 ], [ 36.11672363, 49.77934287 ], [ 25.08272233, 58.40154487 ], [ 5.52364655, 55.70676847 ] ] ] } },
{ "type": "Feature", "properties": { "id": 345 }, "geometry": { "type": "Polygon", "coordinates": [ [ [ 5.52364655, 55.70676847 ], [ 2.02656897, 45.18424869 ], [ 13.24431348, 37.52371237 ], [ 28.84686885, 39.64331055 ], [ 36.11672363, 49.77934287 ], [ 25.08272233, 58.40154487 ], [ 5.52364655, 55.70676847 ] ] ] } },
{ "type": "Feature", "properties": { "id": 346 }, "geometry": { "type": "Polygon", "coordinates": [ [ [ 5.52364655, 55.70676847 ], [ 2.02656897, 45.18424869 ], [ 13.24431348, 37.52371237 ], [ 28.84686885, 39.64331055 ], [ 36.11672363, 49.77934287 ], [ 25.08272233, 58.40154487 ], [ 5.52364655, 55.70676847 ] ] ] } },
{ "type": "Feature", "properties": { "id": 347 }, "geometry": { "type": "Polygon", "coordinates": [ [ [ 5.52364655, 55.70676847 ], [ 2.02656897, 45.18424869 ], [ 13.24431348, 37.52371237 ], [ 28.84686885, 39.64331055 ], [ 36.11672363, 49.77934287 ], [ 25.08272233, 58.40154487 ], [ 5.52364655, 55.70676847 ] ] ] } },
{ "type": "Feature", "properties": { "id": 348 }, "geometry": { "type": "Polygon", "coordinates": [ [ [ 5.52364655, 55.70676847 ], [ 2.02656897, 45.18424869 ], [ 13.24431348, 37.52371237 ], [ 28.84686885, 39.64331055 ], [ 36.11672363, 49.77934287 ], [ 25.08272233, 58.40154487 ], [ 5.52364655, 55.70676847 ] ] ] } },
{ "type": "Feature", "properties": { "id": 349 }, "geometry": { "type": "Polygon", "coordinates": [ [ [ 5.52364655, 55.70676847 ], [ 2.02656897, 45.18424869 ], [ 13.24431348, 37.52371237 ], [ 28.84686885, 39.64331055 ], [ 36.11672363, 49.77934287 ], [ 25.08272233, 58.40154487 ], [ 5.52364655, 55.70676847 ] ] ] } },
{ "type": "Feature", "properties": { "id": 350 }, "geometry": { "type": "Polygon", "coordinates": [ [ [ 5.52364655, 55.70676847 ], [ 2.02656897, 45.18424869 ], [ 13.24431348, 37.52371237 ], [ 28.84686885, 39.64331055 ], [ 36.11672363, 49.77934287 ], [ 25.08272233, 58.40154487 ], [ 5.52364655, 55.70676847 ] ] ] } },
{ "type": "Feature", "properties": { "id": 351 }, "geometry": { "type": "Polygon", "coordinates": [ [ [ 5.52364655, 55.70676847 ], [ 2.02656897, 45.18424869 ], [ 13.24431348, 37.52371237 ], [ 28.84686885, 39.64331055 ], [ 36.11672363, 49.77934287 ], [ 25.08272233, 58.40154487 ], [ 5.52364655, 55.70676847 ] ] ] } },
{ "type": "Feature", "properties": { "id": 352 }, "geometry": { "type": "Polygon", "coordinates": [ [ [ 5.52364655, 55.70676847 ], [ 2.02656897, 45.18424869 ], [ 13.24431348, 37.52371237 ], [ 28.84686885, 39.64331055 ], [ 36.11672363, 49.77934287 ], [ 25.08272233, 58.40154487 ], [ 5.52364655, 55.70676847 ] ] ] } },
{ "type": "Feature", "properties": { "id": 353 }, "geometry": { "type": "Polygon", "coordinates": [ [ [ 5.52364655, 55.70676847 ], [ 2.02656897, 45.18424869 ], [ 13.24431348, 37.52371237 ], [ 28.84686885, 39.64331055 ], [ 36.11672363, 49.77934287 ], [ 25.08272233, 58.40154487 ], [ 5.52364655, 55.70676847 ] ] ] } },
{ "type": "Feature", "properties": { "id": 354 }, "geometry": { "type": "Polygon", "coordinates": [ [ [ 5.52364655, 55.70676847 ], [ 2.02656897, 45.18424869 ], [ 13.24431348, 37.52371237 ], [ 28.84686885, 39.64331055 ], [ 36.11672363, 49.77934287 ], [ 25.08272233, 58.40154487 ], [ 5.52364655, 55.70676847 ] ] ] } },
{ "type": "Feature", "properties": { "id": 355 }, "geometry": { "type": "Polygon", "coordinates": [ [ [ 5.52364655, 55.70676847 ], [ 2.02656897, 45.18424869 ], [ 13.24431348, 37.52371237 ], [ 28.84686885, 39.64331055 ], [ 36.11672363, 49.77934287 ], [ 25.08272233, 58.40154487 ], [ 5.52364655, 55.70676847 ] ] ] } },
{ "type": "Feature", "properties": { "id": 356 }, "geometry": { "type": "Polygon", "coordinates": [ [ [ 5.52364655, 55.70676847 ], [ 2.02656897, 45.18424869 ], [ 13.24431348, 37.52371237 ], [ 28.84686885, 39.64331055 ], [ 36.11672363, 49.77934287 ], [ 25.08272233, 58.40154487 ], [ 5.52364655, 55.70676847 ] ] ] } },
{ "type": "Feature", "properties": { "id": 357 }, "geometry": { "type": "Polygon", "coordinates": [ [ [ 5.52364655, 55.70676847 ], [ 2.02656897, 45.18424869 ], [ 13.24431348, 37.52371237 ], [ 28.84686885, 39.64331055 ], [ 36.11672363, 49.77934287 ], [ 25.08272233, 58.40154487 ], [ 5.52364655, 55.70676847 ] ] ] } },
{ "type": "Feature", "properties": { "id": 358 }, "geometry": { "type": "Polygon", "coordinates": [ [ [ 5.52364655, 55.70676847 ], [ 2.02656897, 45.18424869 ], [ 13.24431348, 37.52371237 ], [ 28.84686885, 39.64331055 ], [ 36.11672363, 49.77934287 ], [ 25.08272233, 58.40154487 ], [ 5.52364655, 55.70676847 ] ] ] } },
{ "type": "Feature", "properties": { "id": 359 }, "geometry": { "type": "Polygon", "coordinates": [ [ [ 5.52364655, 55.70676847 ], [ 2.02656897, 45.18424869 ], [ 13.24431348, 37.52371237 ], [ 28.84686885, 39.64331055 ], [ 36.11672363, 49.77934287 ], [ 25.08272233, 58.40154487 ], [ 5.52364655, 55.70676847 ] ] ] } },
{ "type": "Feature", "properties": { "id": 360 }, "geometry": { "type": "Polygon", "coordinates": [ [ [ 5.52364655, 55.70676847 ], [ 2.02656897, 45.18424869 ], [ 13.24431348, 37.52371237 ], [ 28.84686885, 39.64331055 ], [ 36.11672363, 49.77934287 ], [ 25.08272233, 58.40154487 ], [ 5.52364655, 55.70676847 ] ] ] } },
{ "type": "Feature", "properties": { "id": 361 }, "geometry": { "type": "Polygon", "coordinates": [ [ [ 5.52364655, 55.70676847 ], [ 2.02656897, 45.18424869 ], [ 13.24431348, 37.52371237 ], [ 28.84686885, 39.64331055 ], [ 36.11672363, 49.77934287 ], [ 25.08272233, 58.40154487 ], [ 5.52364655, 55.70676847 ] ] ] } },
{ "type": "Feature", "properties": { "id": 362 }, "geometry": { "type": "Polygon", "coordinates": [ [ [ 5.52364655, 55.70676847 ], [ 2.02656897, 45.18424869 ], [ 13.24431348, 37.52371237 ], [ 28.84686885, 39.64331055 ], [ 36.11672363, 49.77934287 ], [ 25.08272233, 58.40154487 ], [ 5.52364655, 55.70676847 ] ] ] } },
{ "type": "Feature", "properties": { "id": 363 }, "geometry": { "type": "Polygon", "coordinates": [ [ [ 5.52364655, 55.70676847 ], [ 2.02656897, 45.18424869 ], [ 13.24431348, 37.52371237 ], [ 28.84686885, 39.64331055 ], [ 36.11672363, 49.77934287 ], [ 25.08272233, 58.40154487 ], [ 5.52364655, 55.70676847 ] ] ] } },
{ "type": "Feature", "properties": { "id": 364 }, "geometry": { "type": "Polygon", "coordinates": [ [ [ 5.52364655, 55.70676847 ], [ 2.02656897, 45.18424869 ], [ 13.24431348, 37.52371237 ], [ 28.84686885, 39.64331055 ], [ 36.11672363, 49.77934287 ], [ 25.08272233, 58.40154487 ], [ 5.52364655, 55.70676847 ] ] ] } },
{ "type": "Feature", "properties": { "id": 365 }, "geometry": { "type": "Polygon", "coordinates": [ [ [ 5.52364655, 55.70676847 ], [ 2.02656897, 45.18424869 ], [ 13.24431348, 37.52371237 ], [ 28.84686885, 39.64331055 ], [ 36.11672363, 49.77934287 ], [ 25.08272233, 58.40154487 ], [ 5.52364655, 55.70676847 ] ] ] } },
{ "type": "Feature", "properties": { "id": 366 }, "geometry": { "type": "Polygon", "coordinates": [ [ [ 5.52364655, 55.70676847 ], [ 2.02656897, 45.18424869 ], [ 13.24431348, 37.52371237 ], [ 28.84686885, 39.64331055 ], [ 36.11672363, 49.77934287 ], [ 25.08272233, 58.40154487 ], [ 5.52364655, 55.70676847 ] ] ] } },
{ "type": "Feature", "properties": { "id": 367 }, "geometry": { "type": "Polygon", "coordinates": [ [ [ 5.52364655, 55.70676847 ], [ 2.02656897, 45.18424869 ], [ 13.24431348, 37.52371237 ], [ 28.84686885, 39.64331055 ], [ 36.11672363, 49.77934287 ], [ 25.08272233, 58.40154487 ], [ 5.52364655, 55.70676847 ] ] ] } },
{ "type": "Feature", "properties": { "id": 368 }, "geometry": { "type": "Polygon", "coordinates": [ [ [ 5.52364655, 55.70676847 ], [ 2.02656897, 45.18424869 ], [ 13.24431348, 37.52371237 ], [ 28.84686885, 39.64331055 ], [ 36.11672363, 49.77934287 ], [ 25.08272233, 58.40154487 ], [ 5.52364655, 55.70676847 ] ] ] } },
{ "type": "Feature", "properties": { "id": 369 }, "geometry": { "type": "Polygon", "coordinates": [ [ [ 5.52364655, 55.70676847 ], [ 2.02656897, 45.18424869 ], [ 13.24431348, 37.52371237 ], [ 28.84686885, 39.64331055 ], [ 36.11672363, 49.77934287 ], [ 25.08272233, 58.40154487 ], [ 5.52364655, 55.70676847 ] ] ] } },
{ "type": "Feature", "properties": { "id": 370 }, "geometry": { "type": "Polygon", "coordinates": [ [ [ 5.52364655, 55.70676847 ], [ 2.02656897, 45.18424869 ], [ 13.24431348, 37.52371237 ], [ 28.84686885, 39.64331055 ], [ 36.11672363, 49.77934287 ], [ 25.08272233, 58.40154487 ], [ 5.52364655, 55.70676847 ] ] ] } },
{ "type": "Feature", "properties": { "id": 371 }, "geometry": { "type": "Polygon", "coordinates": [ [ [ 5.52364655, 55.70676847 ], [ 2.02656897, 45.18424869 ], [ 13.24431348, 37.52371237 ], [ 28.84686885, 39.64331055 ], [ 36.11672363, 49.77934287 ], [ 25.08272233, 58.40154487 ], [ 5.52364655, 55.70676847 ] ] ] } },
{ "type": "Feature", "properties": { "id": 372 }, "geometry": { "type": "Polygon", "coordinates": [ [ [ 5.52364655, 55.70676847 ], [ 2.02656897, 45.18424869 ], [ 13.24431348, 37.52371237 ], [ 28.84686885, 39.64331055 ], [ 36.11672363, 49.77934287 ], [ 25.08272233, 58.40154487 ], [ 5.52364655, 55.70676847 ] ] ] } },
{ "type": "Feature", "properties": { "id": 373 }, "geometry": { "type": "Polygon", "coordinates": [ [ [ 5.52364655, 55.70676847 ], [ 2.02656897, 45.18424869 ], [ 13.24431348, 37.52371237 ], [ 28.84686885, 39.64331055 ], [ 36.11672363, 49.77934287 ], [ 25.08272233, 58.40154487 ], [ 5.52364655, 55.70676847 ] ] ] } },
{ "type": "Feature", "properties": { "id": 374 }, "geometry": { "type": "Polygon", "coordinates": [ [ [ 5.52364655, 55.70676847 ], [ 2.02656897, 45.18424869 ], [ 13.24431348, 37.52371237 ], [ 28.84686885, 39.64331055 ], [ 36.11672363, 49.77934287 ], [ 25.08272233, 58.40154487 ], [ 5.52364655, 55.70676847 ] ] ] } },
{ "type": "Feature", "properties": { "id": 375 }, "geometry": { "type": "Polygon", "coordinates": [ [ [ 5.52364655, 55.70676847 ], [ 2.02656897, 45.18424869 ], [ 13.24431348, 37.52371237 ], [ 28.84686885, 39.64331055 ], [ 36.11672363, 49.77934287 ], [ 25.08272233, 58.40154487 ], [ 5.52364655, 55.70676847 ] ] ] } },
{ "type": "Feature", "properties": { "id": 376 }, "geometry": { "type": "Polygon", "coordinates": [ [ [ 5.52364655, 55.70676847 ], [ 2.02656897, 45.18424869 ], [ 13.24431348, 37.52371237 ], [ 28.84686885, 39.64331055 ], [ 36.11672363, 49.77934287 ], [ 25.08272233, 58.40154487 ], [ 5.52364655, 55.70676847 ] ] ] } },
{ "type": "Feature", "properties": { "id": 377 }, "geometry": { "type": "Polygon", "coordinates": [ [ [ 5.52364655, 55.70676847 ], [ 2.02656897, 45.18424869 ], [ 13.24431348, 37.52371237 ], [ 28.84686885, 39.64331055 ], [ 36.11672363, 49.77934287 ], [ 25.08272233, 58.40154487 ], [ 5.52364655, 55.70676847 ] ] ] } },
{ "type": "Feature", "properties": { "id": 378 }, "geometry": { "type": "Polygon", "coordinates": [ [ [ 5.52364655, 55.70676847 ], [ 2.02656897, 45.18424869 ], [ 13.24431348, 37.52371237 ], [ 28.84686885, 39.64331055 ], [ 36.11672363, 49.77934287 ], [ 25.08272233, 58.40154487 ], [ 5.52364655, 55.70676847 ] ] ] } },
{ "type": "Feature", "properties": { "id": 379 }, "geometry": { "type": "Polygon", "coordinates": [ [ [ 5.52364655, 55.70676847 ], [ 2.02656897, 45.18424869 ], [ 13.24431348, 37.52371237 ], [ 28.84686885, 39.64331055 ], [ 36.11672363, 49.77934287 ], [ 25.08272233, 58.40154487 ], [ 5.52364655, 55.70676847 ] ] ] } },
{ "type": "Feature", "properties": { "id": 380 }, "geometry": { "type": "Polygon", "coordinates": [ [ [ 5.52364655, 55.70676847 ], [ 2.02656897, 45.18424869 ], [ 13.24431348, 37.52371237 ], [ 28.84686885, 39.64331055 ], [ 36.11672363, 49.77934287 ], [ 25.08272233, 58.40154487 ], [ 5.52364655, 55.70676847 ] ] ] } }
]
}
