{
"type": "FeatureCollection",
"name": "pl_l6_h3_04_hx",
"crs": { "type": "name", "properties": { "name": "urn:ogc:def:crs:OGC:1.3:CRS84" } },
"xy_coordinate_resolution": 1e-08,
"features": [
{ "type": "Feature", "properties": { "id": 1 }, "geometry": { "type": "Polygon", "coordinates": [ [ [ 19.68106916, 52.7977011 ], [ 19.55137342, 52.5950876 ], [ 19.80073496, 52.43528918 ], [ 20.17963763, 52.47764517 ], [ 20.31109755, 52.68000678 ], [ 20.06190264, 52.84026629 ], [ 19.68106916, 52.7977011 ] ] ] } },
{ "type": "Feature", "properties": { "id": 2 }, "geometry": { "type": "Polygon", "coordinates": [ [ [ 20.31109755, 52.68000678 ], [ 20.17963763, 52.47764517 ], [ 20.42723671, 52.31616225 ], [ 20.80608218, 52.35658392 ], [ 20.93926391, 52.55868184 ], [ 20.69189059, 52.72062369 ], [ 20.31109755, 52.68000678 ] ] ] } },
{ "type": "Feature", "properties": { "id": 3 }, "geometry": { "type": "Polygon", "coordinates": [ [ [ 19.17250585, 52.55079476 ], [ 19.0449083, 52.34692533 ], [ 19.29438707, 52.18758519 ], [ 19.67135782, 52.23165825 ], [ 19.80073496, 52.43528918 ], [ 19.55137342, 52.5950876 ], [ 19.17250585, 52.55079476 ] ] ] } },
{ "type": "Feature", "properties": { "id": 4 }, "geometry": { "type": "Polygon", "coordinates": [ [ [ 19.80073496, 52.43528918 ], [ 19.67135782, 52.23165825 ], [ 19.9191329, 52.070632 ], [ 20.29612099, 52.11278198 ], [ 20.42723671, 52.31616225 ], [ 20.17963763, 52.47764517 ], [ 19.80073496, 52.43528918 ] ] ] } },
{ "type": "Feature", "properties": { "id": 5 }, "geometry": { "type": "Polygon", "coordinates": [ [ [ 18.78553113, 50.20215196 ], [ 18.66336487, 49.99090683 ], [ 18.90532336, 49.82636977 ], [ 19.26938383, 49.87264466 ], [ 19.39323367, 50.08368201 ], [ 19.15134983, 50.24865424 ], [ 18.78553113, 50.20215196 ] ] ] } },
{ "type": "Feature", "properties": { "id": 6 }, "geometry": { "type": "Polygon", "coordinates": [ [ [ 18.66450649, 50.57576227 ], [ 18.54208233, 50.36548791 ], [ 18.78553113, 50.20215196 ], [ 19.15134983, 50.24865424 ], [ 19.27548126, 50.45872043 ], [ 19.03209721, 50.62249454 ], [ 18.66450649, 50.57576227 ] ] ] } },
{ "type": "Feature", "properties": { "id": 7 }, "geometry": { "type": "Polygon", "coordinates": [ [ [ 18.66450649, 50.57576227 ], [ 18.54208233, 50.36548791 ], [ 18.78553113, 50.20215196 ], [ 19.15134983, 50.24865424 ], [ 19.27548126, 50.45872043 ], [ 19.03209721, 50.62249454 ], [ 18.66450649, 50.57576227 ] ] ] } },
{ "type": "Feature", "properties": { "id": 8 }, "geometry": { "type": "Polygon", "coordinates": [ [ [ 18.66450649, 50.57576227 ], [ 18.54208233, 50.36548791 ], [ 18.78553113, 50.20215196 ], [ 19.15134983, 50.24865424 ], [ 19.27548126, 50.45872043 ], [ 19.03209721, 50.62249454 ], [ 18.66450649, 50.57576227 ] ] ] } },
{ "type": "Feature", "properties": { "id": 9 }, "geometry": { "type": "Polygon", "coordinates": [ [ [ 18.66450649, 50.57576227 ], [ 18.54208233, 50.36548791 ], [ 18.78553113, 50.20215196 ], [ 19.15134983, 50.24865424 ], [ 19.27548126, 50.45872043 ], [ 19.03209721, 50.62249454 ], [ 18.66450649, 50.57576227 ] ] ] } },
{ "type": "Feature", "properties": { "id": 10 }, "geometry": { "type": "Polygon", "coordinates": [ [ [ 20.93926391, 52.55868184 ], [ 20.80608218, 52.35658392 ], [ 21.05186907, 52.19343152 ], [ 21.43056588, 52.2319227 ], [ 21.56542616, 52.43374543 ], [ 21.31992347, 52.59735398 ], [ 20.93926391, 52.55868184 ] ] ] } },
{ "type": "Feature", "properties": { "id": 11 }, "geometry": { "type": "Polygon", "coordinates": [ [ [ 20.42723671, 52.31616225 ], [ 20.29612099, 52.11278198 ], [ 20.542142, 51.95008399 ], [ 20.91905668, 51.99031374 ], [ 21.05186907, 52.19343152 ], [ 20.80608218, 52.35658392 ], [ 20.42723671, 52.31616225 ] ] ] } },
{ "type": "Feature", "properties": { "id": 12 }, "geometry": { "type": "Polygon", "coordinates": [ [ [ 20.42723671, 52.31616225 ], [ 20.29612099, 52.11278198 ], [ 20.542142, 51.95008399 ], [ 20.91905668, 51.99031374 ], [ 21.05186907, 52.19343152 ], [ 20.80608218, 52.35658392 ], [ 20.42723671, 52.31616225 ] ] ] } },
{ "type": "Feature", "properties": { "id": 13 }, "geometry": { "type": "Polygon", "coordinates": [ [ [ 19.9191329, 52.070632 ], [ 19.79007601, 51.8659888 ], [ 20.03628203, 51.70374321 ], [ 20.41137165, 51.74569035 ], [ 20.542142, 51.95008399 ], [ 20.29612099, 52.11278198 ], [ 19.9191329, 52.070632 ] ] ] } },
{ "type": "Feature", "properties": { "id": 14 }, "geometry": { "type": "Polygon", "coordinates": [ [ [ 19.68106916, 52.7977011 ], [ 19.55137342, 52.5950876 ], [ 19.80073496, 52.43528918 ], [ 20.17963763, 52.47764517 ], [ 20.31109755, 52.68000678 ], [ 20.06190264, 52.84026629 ], [ 19.68106916, 52.7977011 ] ] ] } },
{ "type": "Feature", "properties": { "id": 15 }, "geometry": { "type": "Polygon", "coordinates": [ [ [ 13.95161771, 53.6915438 ], [ 13.83952861, 53.48724516 ], [ 14.1022512, 53.34311884 ], [ 14.47745572, 53.40284227 ], [ 14.59163984, 53.60700872 ], [ 14.32853377, 53.75158656 ], [ 13.95161771, 53.6915438 ] ] ] } },
{ "type": "Feature", "properties": { "id": 16 }, "geometry": { "type": "Polygon", "coordinates": [ [ [ 17.78127092, 53.12884277 ], [ 17.65711227, 52.92554767 ], [ 17.9114458, 52.77088304 ], [ 18.28996349, 52.819052 ], [ 18.41600754, 53.02213256 ], [ 18.1616598, 53.17726092 ], [ 17.78127092, 53.12884277 ] ] ] } },
{ "type": "Feature", "properties": { "id": 17 }, "geometry": { "type": "Polygon", "coordinates": [ [ [ 18.66450649, 50.57576227 ], [ 18.54208233, 50.36548791 ], [ 18.78553113, 50.20215196 ], [ 19.15134983, 50.24865424 ], [ 19.27548126, 50.45872043 ], [ 19.03209721, 50.62249454 ], [ 18.66450649, 50.57576227 ] ] ] } },
{ "type": "Feature", "properties": { "id": 18 }, "geometry": { "type": "Polygon", "coordinates": [ [ [ 18.66450649, 50.57576227 ], [ 18.54208233, 50.36548791 ], [ 18.78553113, 50.20215196 ], [ 19.15134983, 50.24865424 ], [ 19.27548126, 50.45872043 ], [ 19.03209721, 50.62249454 ], [ 18.66450649, 50.57576227 ] ] ] } },
{ "type": "Feature", "properties": { "id": 19 }, "geometry": { "type": "Polygon", "coordinates": [ [ [ 14.59163984, 53.60700872 ], [ 14.47745572, 53.40284227 ], [ 14.73893306, 53.25694132 ], [ 15.11492606, 53.31475422 ], [ 15.23117372, 53.51877413 ], [ 14.96937456, 53.66513025 ], [ 14.59163984, 53.60700872 ] ] ] } },
{ "type": "Feature", "properties": { "id": 20 }, "geometry": { "type": "Polygon", "coordinates": [ [ [ 22.09929256, 50.57865844 ], [ 21.96640364, 50.37179076 ], [ 22.20271249, 50.20113862 ], [ 22.57155115, 50.23692458 ], [ 22.7059586, 50.44351017 ], [ 22.47002062, 50.61459351 ], [ 22.09929256, 50.57865844 ] ] ] } },
{ "type": "Feature", "properties": { "id": 21 }, "geometry": { "type": "Polygon", "coordinates": [ [ [ 18.78553113, 50.20215196 ], [ 18.66336487, 49.99090683 ], [ 18.90532336, 49.82636977 ], [ 19.26938383, 49.87264466 ], [ 19.39323367, 50.08368201 ], [ 19.15134983, 50.24865424 ], [ 18.78553113, 50.20215196 ] ] ] } },
{ "type": "Feature", "properties": { "id": 22 }, "geometry": { "type": "Polygon", "coordinates": [ [ [ 19.8849427, 50.33818581 ], [ 19.75914075, 50.12834071 ], [ 19.99941231, 49.96174676 ], [ 20.36532418, 50.00456407 ], [ 20.49275906, 50.21417542 ], [ 20.25266002, 50.38120507 ], [ 19.8849427, 50.33818581 ] ] ] } },
{ "type": "Feature", "properties": { "id": 23 }, "geometry": { "type": "Polygon", "coordinates": [ [ [ 14.97449128, 51.20398511 ], [ 14.86302677, 50.99274772 ], [ 15.11479658, 50.83948139 ], [ 15.47830628, 50.89702355 ], [ 15.59167721, 51.10813566 ], [ 15.33964094, 51.26183329 ], [ 14.97449128, 51.20398511 ] ] ] } },
{ "type": "Feature", "properties": { "id": 24 }, "geometry": { "type": "Polygon", "coordinates": [ [ [ 14.97449128, 51.20398511 ], [ 14.86302677, 50.99274772 ], [ 15.11479658, 50.83948139 ], [ 15.47830628, 50.89702355 ], [ 15.59167721, 51.10813566 ], [ 15.33964094, 51.26183329 ], [ 14.97449128, 51.20398511 ] ] ] } },
{ "type": "Feature", "properties": { "id": 25 }, "geometry": { "type": "Polygon", "coordinates": [ [ [ 15.45314249, 51.47197015 ], [ 15.33964094, 51.26183329 ], [ 15.59167721, 51.10813566 ], [ 15.95744977, 51.16414073 ], [ 16.07285283, 51.37413727 ], [ 15.82059112, 51.52827144 ], [ 15.45314249, 51.47197015 ] ] ] } },
{ "type": "Feature", "properties": { "id": 26 }, "geometry": { "type": "Polygon", "coordinates": [ [ [ 15.59167721, 51.10813566 ], [ 15.47830628, 50.89702355 ], [ 15.72882266, 50.74205382 ], [ 16.09293005, 50.79776463 ], [ 16.20817701, 51.00873707 ], [ 15.95744977, 51.16414073 ], [ 15.59167721, 51.10813566 ] ] ] } },
{ "type": "Feature", "properties": { "id": 27 }, "geometry": { "type": "Polygon", "coordinates": [ [ [ 15.59167721, 51.10813566 ], [ 15.47830628, 50.89702355 ], [ 15.72882266, 50.74205382 ], [ 16.09293005, 50.79776463 ], [ 16.20817701, 51.00873707 ], [ 15.95744977, 51.16414073 ], [ 15.59167721, 51.10813566 ] ] ] } },
{ "type": "Feature", "properties": { "id": 28 }, "geometry": { "type": "Polygon", "coordinates": [ [ [ 15.59167721, 51.10813566 ], [ 15.47830628, 50.89702355 ], [ 15.72882266, 50.74205382 ], [ 16.09293005, 50.79776463 ], [ 16.20817701, 51.00873707 ], [ 15.95744977, 51.16414073 ], [ 15.59167721, 51.10813566 ] ] ] } },
{ "type": "Feature", "properties": { "id": 29 }, "geometry": { "type": "Polygon", "coordinates": [ [ [ 15.72882266, 50.74205382 ], [ 15.61558673, 50.52997328 ], [ 15.86459808, 50.37374037 ], [ 16.22705121, 50.42915885 ], [ 16.3421381, 50.64110025 ], [ 16.09293005, 50.79776463 ], [ 15.72882266, 50.74205382 ] ] ] } },
{ "type": "Feature", "properties": { "id": 30 }, "geometry": { "type": "Polygon", "coordinates": [ [ [ 15.59167721, 51.10813566 ], [ 15.47830628, 50.89702355 ], [ 15.72882266, 50.74205382 ], [ 16.09293005, 50.79776463 ], [ 16.20817701, 51.00873707 ], [ 15.95744977, 51.16414073 ], [ 15.59167721, 51.10813566 ] ] ] } },
{ "type": "Feature", "properties": { "id": 31 }, "geometry": { "type": "Polygon", "coordinates": [ [ [ 16.07285283, 51.37413727 ], [ 15.95744977, 51.16414073 ], [ 16.20817701, 51.00873707 ], [ 16.57448598, 51.06289358 ], [ 16.69175877, 51.27273567 ], [ 16.44086246, 51.42857802 ], [ 16.07285283, 51.37413727 ] ] ] } },
{ "type": "Feature", "properties": { "id": 32 }, "geometry": { "type": "Polygon", "coordinates": [ [ [ 16.07285283, 51.37413727 ], [ 15.95744977, 51.16414073 ], [ 16.20817701, 51.00873707 ], [ 16.57448598, 51.06289358 ], [ 16.69175877, 51.27273567 ], [ 16.44086246, 51.42857802 ], [ 16.07285283, 51.37413727 ] ] ] } },
{ "type": "Feature", "properties": { "id": 33 }, "geometry": { "type": "Polygon", "coordinates": [ [ [ 15.93614617, 51.73728558 ], [ 15.82059112, 51.52827144 ], [ 16.07285283, 51.37413727 ], [ 16.44086246, 51.42857802 ], [ 16.55831294, 51.63743695 ], [ 16.30586804, 51.7920127 ], [ 15.93614617, 51.73728558 ] ] ] } },
{ "type": "Feature", "properties": { "id": 34 }, "geometry": { "type": "Polygon", "coordinates": [ [ [ 15.93614617, 51.73728558 ], [ 15.82059112, 51.52827144 ], [ 16.07285283, 51.37413727 ], [ 16.44086246, 51.42857802 ], [ 16.55831294, 51.63743695 ], [ 16.30586804, 51.7920127 ], [ 15.93614617, 51.73728558 ] ] ] } },
{ "type": "Feature", "properties": { "id": 35 }, "geometry": { "type": "Polygon", "coordinates": [ [ [ 15.93614617, 51.73728558 ], [ 15.82059112, 51.52827144 ], [ 16.07285283, 51.37413727 ], [ 16.44086246, 51.42857802 ], [ 16.55831294, 51.63743695 ], [ 16.30586804, 51.7920127 ], [ 15.93614617, 51.73728558 ] ] ] } },
{ "type": "Feature", "properties": { "id": 36 }, "geometry": { "type": "Polygon", "coordinates": [ [ [ 15.93614617, 51.73728558 ], [ 15.82059112, 51.52827144 ], [ 16.07285283, 51.37413727 ], [ 16.44086246, 51.42857802 ], [ 16.55831294, 51.63743695 ], [ 16.30586804, 51.7920127 ], [ 15.93614617, 51.73728558 ] ] ] } },
{ "type": "Feature", "properties": { "id": 37 }, "geometry": { "type": "Polygon", "coordinates": [ [ [ 15.59167721, 51.10813566 ], [ 15.47830628, 50.89702355 ], [ 15.72882266, 50.74205382 ], [ 16.09293005, 50.79776463 ], [ 16.20817701, 51.00873707 ], [ 15.95744977, 51.16414073 ], [ 15.59167721, 51.10813566 ] ] ] } },
{ "type": "Feature", "properties": { "id": 38 }, "geometry": { "type": "Polygon", "coordinates": [ [ [ 16.20817701, 51.00873707 ], [ 16.09293005, 50.79776463 ], [ 16.3421381, 50.64110025 ], [ 16.70675794, 50.69497464 ], [ 16.82384935, 50.90579324 ], [ 16.57448598, 51.06289358 ], [ 16.20817701, 51.00873707 ] ] ] } },
{ "type": "Feature", "properties": { "id": 39 }, "geometry": { "type": "Polygon", "coordinates": [ [ [ 16.20817701, 51.00873707 ], [ 16.09293005, 50.79776463 ], [ 16.3421381, 50.64110025 ], [ 16.70675794, 50.69497464 ], [ 16.82384935, 50.90579324 ], [ 16.57448598, 51.06289358 ], [ 16.20817701, 51.00873707 ] ] ] } },
{ "type": "Feature", "properties": { "id": 40 }, "geometry": { "type": "Polygon", "coordinates": [ [ [ 16.3421381, 50.64110025 ], [ 16.22705121, 50.42915885 ], [ 16.47475513, 50.27124293 ], [ 16.83769737, 50.32483728 ], [ 16.95460386, 50.53662533 ], [ 16.70675794, 50.69497464 ], [ 16.3421381, 50.64110025 ] ] ] } },
{ "type": "Feature", "properties": { "id": 41 }, "geometry": { "type": "Polygon", "coordinates": [ [ [ 16.55831294, 51.63743695 ], [ 16.44086246, 51.42857802 ], [ 16.69175877, 51.27273567 ], [ 17.06024158, 51.32531127 ], [ 17.17955429, 51.53400109 ], [ 16.92853193, 51.69028671 ], [ 16.55831294, 51.63743695 ] ] ] } },
{ "type": "Feature", "properties": { "id": 42 }, "geometry": { "type": "Polygon", "coordinates": [ [ [ 16.69175877, 51.27273567 ], [ 16.57448598, 51.06289358 ], [ 16.82384935, 50.90579324 ], [ 17.19060819, 50.95809697 ], [ 17.30971775, 51.16777067 ], [ 17.06024158, 51.32531127 ], [ 16.69175877, 51.27273567 ] ] ] } },
{ "type": "Feature", "properties": { "id": 43 }, "geometry": { "type": "Polygon", "coordinates": [ [ [ 16.20817701, 51.00873707 ], [ 16.09293005, 50.79776463 ], [ 16.3421381, 50.64110025 ], [ 16.70675794, 50.69497464 ], [ 16.82384935, 50.90579324 ], [ 16.57448598, 51.06289358 ], [ 16.20817701, 51.00873707 ] ] ] } },
{ "type": "Feature", "properties": { "id": 44 }, "geometry": { "type": "Polygon", "coordinates": [ [ [ 16.3421381, 50.64110025 ], [ 16.22705121, 50.42915885 ], [ 16.47475513, 50.27124293 ], [ 16.83769737, 50.32483728 ], [ 16.95460386, 50.53662533 ], [ 16.70675794, 50.69497464 ], [ 16.3421381, 50.64110025 ] ] ] } },
{ "type": "Feature", "properties": { "id": 45 }, "geometry": { "type": "Polygon", "coordinates": [ [ [ 16.82384935, 50.90579324 ], [ 16.70675794, 50.69497464 ], [ 16.95460386, 50.53662533 ], [ 17.31965089, 50.58865945 ], [ 17.43855404, 50.79931026 ], [ 17.19060819, 50.95809697 ], [ 16.82384935, 50.90579324 ] ] ] } },
{ "type": "Feature", "properties": { "id": 46 }, "geometry": { "type": "Polygon", "coordinates": [ [ [ 17.30971775, 51.16777067 ], [ 17.19060819, 50.95809697 ], [ 17.43855404, 50.79931026 ], [ 17.80567631, 50.84975822 ], [ 17.92658856, 51.05924983 ], [ 17.67858598, 51.21847776 ], [ 17.30971775, 51.16777067 ] ] ] } },
{ "type": "Feature", "properties": { "id": 47 }, "geometry": { "type": "Polygon", "coordinates": [ [ [ 16.69175877, 51.27273567 ], [ 16.57448598, 51.06289358 ], [ 16.82384935, 50.90579324 ], [ 17.19060819, 50.95809697 ], [ 17.30971775, 51.16777067 ], [ 17.06024158, 51.32531127 ], [ 16.69175877, 51.27273567 ] ] ] } },
{ "type": "Feature", "properties": { "id": 48 }, "geometry": { "type": "Polygon", "coordinates": [ [ [ 16.69175877, 51.27273567 ], [ 16.57448598, 51.06289358 ], [ 16.82384935, 50.90579324 ], [ 17.19060819, 50.95809697 ], [ 17.30971775, 51.16777067 ], [ 17.06024158, 51.32531127 ], [ 16.69175877, 51.27273567 ] ] ] } },
{ "type": "Feature", "properties": { "id": 49 }, "geometry": { "type": "Polygon", "coordinates": [ [ [ 17.17955429, 51.53400109 ], [ 17.06024158, 51.32531127 ], [ 17.30971775, 51.16777067 ], [ 17.67858598, 51.21847776 ], [ 17.79972657, 51.4269848 ], [ 17.55018129, 51.58496974 ], [ 17.17955429, 51.53400109 ] ] ] } },
{ "type": "Feature", "properties": { "id": 50 }, "geometry": { "type": "Polygon", "coordinates": [ [ [ 16.55831294, 51.63743695 ], [ 16.44086246, 51.42857802 ], [ 16.69175877, 51.27273567 ], [ 17.06024158, 51.32531127 ], [ 17.17955429, 51.53400109 ], [ 16.92853193, 51.69028671 ], [ 16.55831294, 51.63743695 ] ] ] } },
{ "type": "Feature", "properties": { "id": 51 }, "geometry": { "type": "Polygon", "coordinates": [ [ [ 17.17955429, 51.53400109 ], [ 17.06024158, 51.32531127 ], [ 17.30971775, 51.16777067 ], [ 17.67858598, 51.21847776 ], [ 17.79972657, 51.4269848 ], [ 17.55018129, 51.58496974 ], [ 17.17955429, 51.53400109 ] ] ] } },
{ "type": "Feature", "properties": { "id": 52 }, "geometry": { "type": "Polygon", "coordinates": [ [ [ 18.90532336, 49.82636977 ], [ 18.78341717, 49.6141618 ], [ 19.02390089, 49.44843432 ], [ 19.38621682, 49.49448444 ], [ 19.5097833, 49.70648485 ], [ 19.26938383, 49.87264466 ], [ 18.90532336, 49.82636977 ] ] ] } },
{ "type": "Feature", "properties": { "id": 57 }, "geometry": { "type": "Polygon", "coordinates": [ [ [ 17.51674185, 53.83788319 ], [ 17.39211441, 53.636628 ], [ 17.64970989, 53.48451313 ], [ 18.0319845, 53.53318332 ], [ 18.15855246, 53.73422106 ], [ 17.90091682, 53.88680834 ], [ 17.51674185, 53.83788319 ] ] ] } },
{ "type": "Feature", "properties": { "id": 58 }, "geometry": { "type": "Polygon", "coordinates": [ [ [ 17.01020221, 53.58599597 ], [ 16.88775872, 53.38351596 ], [ 17.14526507, 53.23186854 ], [ 17.52531516, 53.28223601 ], [ 17.64970989, 53.48451313 ], [ 17.39211441, 53.636628 ], [ 17.01020221, 53.58599597 ] ] ] } },
{ "type": "Feature", "properties": { "id": 59 }, "geometry": { "type": "Polygon", "coordinates": [ [ [ 17.14526507, 53.23186854 ], [ 17.02303001, 53.02837196 ], [ 17.27891043, 52.87544203 ], [ 17.65711227, 52.92554767 ], [ 17.78127092, 53.12884277 ], [ 17.52531516, 53.28223601 ], [ 17.14526507, 53.23186854 ] ] ] } },
{ "type": "Feature", "properties": { "id": 60 }, "geometry": { "type": "Polygon", "coordinates": [ [ [ 17.27891043, 52.87544203 ], [ 17.15688748, 52.67093314 ], [ 17.41115904, 52.51672781 ], [ 17.78752643, 52.56657433 ], [ 17.9114458, 52.77088304 ], [ 17.65711227, 52.92554767 ], [ 17.27891043, 52.87544203 ] ] ] } },
{ "type": "Feature", "properties": { "id": 61 }, "geometry": { "type": "Polygon", "coordinates": [ [ [ 17.9114458, 52.77088304 ], [ 17.78752643, 52.56657433 ], [ 18.04025499, 52.41064565 ], [ 18.41691593, 52.45856826 ], [ 18.54269388, 52.66266371 ], [ 18.28996349, 52.819052 ], [ 17.9114458, 52.77088304 ] ] ] } },
{ "type": "Feature", "properties": { "id": 62 }, "geometry": { "type": "Polygon", "coordinates": [ [ [ 17.9114458, 52.77088304 ], [ 17.78752643, 52.56657433 ], [ 18.04025499, 52.41064565 ], [ 18.41691593, 52.45856826 ], [ 18.54269388, 52.66266371 ], [ 18.28996349, 52.819052 ], [ 17.9114458, 52.77088304 ] ] ] } },
{ "type": "Feature", "properties": { "id": 63 }, "geometry": { "type": "Polygon", "coordinates": [ [ [ 22.18944505, 52.30521895 ], [ 22.05295029, 52.10368254 ], [ 22.29497067, 51.93723996 ], [ 22.67309986, 51.97188672 ], [ 22.81118434, 52.17312601 ], [ 22.56956262, 52.3400173 ], [ 22.18944505, 52.30521895 ] ] ] } },
{ "type": "Feature", "properties": { "id": 64 }, "geometry": { "type": "Polygon", "coordinates": [ [ [ 22.18944505, 52.30521895 ], [ 22.05295029, 52.10368254 ], [ 22.29497067, 51.93723996 ], [ 22.67309986, 51.97188672 ], [ 22.81118434, 52.17312601 ], [ 22.56956262, 52.3400173 ], [ 22.18944505, 52.30521895 ] ] ] } },
{ "type": "Feature", "properties": { "id": 65 }, "geometry": { "type": "Polygon", "coordinates": [ [ [ 19.29438707, 52.18758519 ], [ 19.1670842, 51.98270463 ], [ 19.41498654, 51.82213248 ], [ 19.79007601, 51.8659888 ], [ 19.9191329, 52.070632 ], [ 19.67135782, 52.23165825 ], [ 19.29438707, 52.18758519 ] ] ] } },
{ "type": "Feature", "properties": { "id": 66 }, "geometry": { "type": "Polygon", "coordinates": [ [ [ 20.47647295, 53.99720585 ], [ 20.34182288, 53.799233 ], [ 20.59406489, 53.64097024 ], [ 20.98071822, 53.68020609 ], [ 21.11715015, 53.87789772 ], [ 20.86515995, 54.03663664 ], [ 20.47647295, 53.99720585 ] ] ] } },
{ "type": "Feature", "properties": { "id": 67 }, "geometry": { "type": "Polygon", "coordinates": [ [ [ 23.12866101, 53.13610049 ], [ 22.98763266, 52.9382733 ], [ 23.23037918, 52.77210688 ], [ 23.61366933, 52.80331484 ], [ 23.75626565, 53.0008205 ], [ 23.51401734, 53.16744126 ], [ 23.12866101, 53.13610049 ] ] ] } },
{ "type": "Feature", "properties": { "id": 68 }, "geometry": { "type": "Polygon", "coordinates": [ [ [ 22.09929256, 50.57865844 ], [ 21.96640364, 50.37179076 ], [ 22.20271249, 50.20113862 ], [ 22.57155115, 50.23692458 ], [ 22.7059586, 50.44351017 ], [ 22.47002062, 50.61459351 ], [ 22.09929256, 50.57865844 ] ] ] } },
{ "type": "Feature", "properties": { "id": 69 }, "geometry": { "type": "Polygon", "coordinates": [ [ [ 21.99477755, 50.95403319 ], [ 21.8614942, 50.74816153 ], [ 22.09929256, 50.57865844 ], [ 22.47002062, 50.61459351 ], [ 22.60484482, 50.82018253 ], [ 22.36741202, 50.99012076 ], [ 21.99477755, 50.95403319 ] ] ] } },
{ "type": "Feature", "properties": { "id": 70 }, "geometry": { "type": "Polygon", "coordinates": [ [ [ 21.49047722, 50.71036033 ], [ 21.35914827, 50.50322191 ], [ 21.5972647, 50.33415374 ], [ 21.96640364, 50.37179076 ], [ 22.09929256, 50.57865844 ], [ 21.8614942, 50.74816153 ], [ 21.49047722, 50.71036033 ] ] ] } },
{ "type": "Feature", "properties": { "id": 71 }, "geometry": { "type": "Polygon", "coordinates": [ [ [ 17.51674185, 53.83788319 ], [ 17.39211441, 53.636628 ], [ 17.64970989, 53.48451313 ], [ 18.0319845, 53.53318332 ], [ 18.15855246, 53.73422106 ], [ 17.90091682, 53.88680834 ], [ 17.51674185, 53.83788319 ] ] ] } },
{ "type": "Feature", "properties": { "id": 72 }, "geometry": { "type": "Polygon", "coordinates": [ [ [ 18.02774228, 54.08681897 ], [ 17.90091682, 53.88680834 ], [ 18.15855246, 53.73422106 ], [ 18.5430154, 53.78116956 ], [ 18.67176924, 53.98094837 ], [ 18.4141437, 54.13401274 ], [ 18.02774228, 54.08681897 ] ] ] } },
{ "type": "Feature", "properties": { "id": 73 }, "geometry": { "type": "Polygon", "coordinates": [ [ [ 17.38234557, 54.18894285 ], [ 17.25748893, 53.98871313 ], [ 17.51674185, 53.83788319 ], [ 17.90091682, 53.88680834 ], [ 18.02774228, 54.08681897 ], [ 17.7684356, 54.23812587 ], [ 17.38234557, 54.18894285 ] ] ] } },
{ "type": "Feature", "properties": { "id": 74 }, "geometry": { "type": "Polygon", "coordinates": [ [ [ 16.87370069, 53.93781378 ], [ 16.75105263, 53.73635418 ], [ 17.01020221, 53.58599597 ], [ 17.39211441, 53.636628 ], [ 17.51674185, 53.83788319 ], [ 17.25748893, 53.98871313 ], [ 16.87370069, 53.93781378 ] ] ] } },
{ "type": "Feature", "properties": { "id": 75 }, "geometry": { "type": "Polygon", "coordinates": [ [ [ 17.38234557, 54.18894285 ], [ 17.25748893, 53.98871313 ], [ 17.51674185, 53.83788319 ], [ 17.90091682, 53.88680834 ], [ 18.02774228, 54.08681897 ], [ 17.7684356, 54.23812587 ], [ 17.38234557, 54.18894285 ] ] ] } },
{ "type": "Feature", "properties": { "id": 76 }, "geometry": { "type": "Polygon", "coordinates": [ [ [ 16.59629515, 54.63448211 ], [ 16.47325019, 54.43507326 ], [ 16.73573898, 54.28731216 ], [ 17.12141727, 54.33848164 ], [ 17.24649942, 54.53768274 ], [ 16.98387753, 54.68592455 ], [ 16.59629515, 54.63448211 ] ] ] } },
{ "type": "Feature", "properties": { "id": 77 }, "geometry": { "type": "Polygon", "coordinates": [ [ [ 18.67176924, 53.98094837 ], [ 18.5430154, 53.78116956 ], [ 18.79897549, 53.62683592 ], [ 19.18362806, 53.67180671 ], [ 19.3142686, 53.87134126 ], [ 19.05838207, 54.02615144 ], [ 18.67176924, 53.98094837 ] ] ] } },
{ "type": "Feature", "properties": { "id": 53 }, "geometry": { "type": "Polygon", "coordinates": [ [ [ 16.42349238, 51.99988232 ], [ 16.30586804, 51.7920127 ], [ 16.55831294, 51.63743695 ], [ 16.92853193, 51.69028671 ], [ 17.04804439, 51.89798635 ], [ 16.7954598, 52.05300853 ], [ 16.42349238, 51.99988232 ] ] ] } },
{ "type": "Feature", "properties": { "id": 54 }, "geometry": { "type": "Polygon", "coordinates": [ [ [ 16.42349238, 51.99988232 ], [ 16.30586804, 51.7920127 ], [ 16.55831294, 51.63743695 ], [ 16.92853193, 51.69028671 ], [ 17.04804439, 51.89798635 ], [ 16.7954598, 52.05300853 ], [ 16.42349238, 51.99988232 ] ] ] } },
{ "type": "Feature", "properties": { "id": 55 }, "geometry": { "type": "Polygon", "coordinates": [ [ [ 17.64970989, 53.48451313 ], [ 17.52531516, 53.28223601 ], [ 17.78127092, 53.12884277 ], [ 18.1616598, 53.17726092 ], [ 18.28796724, 53.37932209 ], [ 18.0319845, 53.53318332 ], [ 17.64970989, 53.48451313 ] ] ] } },
{ "type": "Feature", "properties": { "id": 56 }, "geometry": { "type": "Polygon", "coordinates": [ [ [ 18.15855246, 53.73422106 ], [ 18.0319845, 53.53318332 ], [ 18.28796724, 53.37932209 ], [ 18.6705071, 53.4260284 ], [ 18.79897549, 53.62683592 ], [ 18.5430154, 53.78116956 ], [ 18.15855246, 53.73422106 ] ] ] } },
{ "type": "Feature", "properties": { "id": 78 }, "geometry": { "type": "Polygon", "coordinates": [ [ [ 18.67176924, 53.98094837 ], [ 18.5430154, 53.78116956 ], [ 18.79897549, 53.62683592 ], [ 19.18362806, 53.67180671 ], [ 19.3142686, 53.87134126 ], [ 19.05838207, 54.02615144 ], [ 18.67176924, 53.98094837 ] ] ] } },
{ "type": "Feature", "properties": { "id": 79 }, "geometry": { "type": "Polygon", "coordinates": [ [ [ 18.67176924, 53.98094837 ], [ 18.5430154, 53.78116956 ], [ 18.79897549, 53.62683592 ], [ 19.18362806, 53.67180671 ], [ 19.3142686, 53.87134126 ], [ 19.05838207, 54.02615144 ], [ 18.67176924, 53.98094837 ] ] ] } },
{ "type": "Feature", "properties": { "id": 80 }, "geometry": { "type": "Polygon", "coordinates": [ [ [ 18.54318034, 54.33275946 ], [ 18.4141437, 54.13401274 ], [ 18.67176924, 53.98094837 ], [ 19.05838207, 54.02615144 ], [ 19.18933346, 54.22465218 ], [ 18.9317696, 54.37819803 ], [ 18.54318034, 54.33275946 ] ] ] } },
{ "type": "Feature", "properties": { "id": 81 }, "geometry": { "type": "Polygon", "coordinates": [ [ [ 18.54318034, 54.33275946 ], [ 18.4141437, 54.13401274 ], [ 18.67176924, 53.98094837 ], [ 19.05838207, 54.02615144 ], [ 19.18933346, 54.22465218 ], [ 18.9317696, 54.37819803 ], [ 18.54318034, 54.33275946 ] ] ] } },
{ "type": "Feature", "properties": { "id": 82 }, "geometry": { "type": "Polygon", "coordinates": [ [ [ 17.89551541, 54.43710615 ], [ 17.7684356, 54.23812587 ], [ 18.02774228, 54.08681897 ], [ 18.4141437, 54.13401274 ], [ 18.54318034, 54.33275946 ], [ 18.2838708, 54.48454826 ], [ 17.89551541, 54.43710615 ] ] ] } },
{ "type": "Feature", "properties": { "id": 83 }, "geometry": { "type": "Polygon", "coordinates": [ [ [ 17.76185013, 54.78507369 ], [ 17.6345193, 54.58712659 ], [ 17.89551541, 54.43710615 ], [ 18.2838708, 54.48454826 ], [ 18.41318744, 54.68225996 ], [ 18.15217509, 54.83276726 ], [ 17.76185013, 54.78507369 ] ] ] } },
{ "type": "Feature", "properties": { "id": 84 }, "geometry": { "type": "Polygon", "coordinates": [ [ [ 17.76185013, 54.78507369 ], [ 17.6345193, 54.58712659 ], [ 17.89551541, 54.43710615 ], [ 18.2838708, 54.48454826 ], [ 18.41318744, 54.68225996 ], [ 18.15217509, 54.83276726 ], [ 17.76185013, 54.78507369 ] ] ] } },
{ "type": "Feature", "properties": { "id": 85 }, "geometry": { "type": "Polygon", "coordinates": [ [ [ 18.28176879, 55.02944136 ], [ 18.15217509, 54.83276726 ], [ 18.41318744, 54.68225996 ], [ 18.80376942, 54.72793725 ], [ 18.93533554, 54.92436159 ], [ 18.67435989, 55.07536066 ], [ 18.28176879, 55.02944136 ] ] ] } },
{ "type": "Feature", "properties": { "id": 86 }, "geometry": { "type": "Polygon", "coordinates": [ [ [ 19.06302956, 54.5756619 ], [ 18.9317696, 54.37819803 ], [ 19.18933346, 54.22465218 ], [ 19.57805548, 54.26808677 ], [ 19.71121506, 54.46529073 ], [ 19.45376574, 54.61932215 ], [ 19.06302956, 54.5756619 ] ] ] } },
{ "type": "Feature", "properties": { "id": 87 }, "geometry": { "type": "Polygon", "coordinates": [ [ [ 18.41318744, 54.68225996 ], [ 18.2838708, 54.48454826 ], [ 18.54318034, 54.33275946 ], [ 18.9317696, 54.37819803 ], [ 19.06302956, 54.5756619 ], [ 18.80376942, 54.72793725 ], [ 18.41318744, 54.68225996 ] ] ] } },
{ "type": "Feature", "properties": { "id": 93 }, "geometry": { "type": "Polygon", "coordinates": [ [ [ 22.81118434, 52.17312601 ], [ 22.67309986, 51.97188672 ], [ 22.91316961, 51.8038253 ], [ 23.29088211, 51.83656065 ], [ 23.43051088, 52.03749238 ], [ 23.19089569, 52.20599787 ], [ 22.81118434, 52.17312601 ] ] ] } },
{ "type": "Feature", "properties": { "id": 94 }, "geometry": { "type": "Polygon", "coordinates": [ [ [ 19.99941231, 49.96174676 ], [ 19.87391527, 49.75093017 ], [ 20.11270937, 49.58316251 ], [ 20.47683058, 49.62578075 ], [ 20.60393761, 49.83636388 ], [ 20.36532418, 50.00456407 ], [ 19.99941231, 49.96174676 ] ] ] } },
{ "type": "Feature", "properties": { "id": 95 }, "geometry": { "type": "Polygon", "coordinates": [ [ [ 22.40633264, 49.43973814 ], [ 22.27462632, 49.22992873 ], [ 22.50656483, 49.05589699 ], [ 22.86983557, 49.09125574 ], [ 23.00299592, 49.30078377 ], [ 22.77144282, 49.47523597 ], [ 22.40633264, 49.43973814 ] ] ] } },
{ "type": "Feature", "properties": { "id": 96 }, "geometry": { "type": "Polygon", "coordinates": [ [ [ 20.93926391, 52.55868184 ], [ 20.80608218, 52.35658392 ], [ 21.05186907, 52.19343152 ], [ 21.43056588, 52.2319227 ], [ 21.56542616, 52.43374543 ], [ 21.31992347, 52.59735398 ], [ 20.93926391, 52.55868184 ] ] ] } },
{ "type": "Feature", "properties": { "id": 97 }, "geometry": { "type": "Polygon", "coordinates": [ [ [ 18.66450649, 50.57576227 ], [ 18.54208233, 50.36548791 ], [ 18.78553113, 50.20215196 ], [ 19.15134983, 50.24865424 ], [ 19.27548126, 50.45872043 ], [ 19.03209721, 50.62249454 ], [ 18.66450649, 50.57576227 ] ] ] } },
{ "type": "Feature", "properties": { "id": 98 }, "geometry": { "type": "Polygon", "coordinates": [ [ [ 22.40633264, 49.43973814 ], [ 22.27462632, 49.22992873 ], [ 22.50656483, 49.05589699 ], [ 22.86983557, 49.09125574 ], [ 23.00299592, 49.30078377 ], [ 22.77144282, 49.47523597 ], [ 22.40633264, 49.43973814 ] ] ] } },
{ "type": "Feature", "properties": { "id": 99 }, "geometry": { "type": "Polygon", "coordinates": [ [ [ 18.41600754, 53.02213256 ], [ 18.28996349, 52.819052 ], [ 18.54269388, 52.66266371 ], [ 18.92143332, 52.70889464 ], [ 19.04932343, 52.9117479 ], [ 18.7966396, 53.06859968 ], [ 18.41600754, 53.02213256 ] ] ] } },
{ "type": "Feature", "properties": { "id": 100 }, "geometry": { "type": "Polygon", "coordinates": [ [ [ 23.11387916, 51.05868721 ], [ 22.97711731, 50.85439613 ], [ 23.21263681, 50.6828819 ], [ 23.58446366, 50.7152299 ], [ 23.72270231, 50.91921611 ], [ 23.48764963, 51.09116066 ], [ 23.11387916, 51.05868721 ] ] ] } },
{ "type": "Feature", "properties": { "id": 101 }, "geometry": { "type": "Polygon", "coordinates": [ [ [ 20.93926391, 52.55868184 ], [ 20.80608218, 52.35658392 ], [ 21.05186907, 52.19343152 ], [ 21.43056588, 52.2319227 ], [ 21.56542616, 52.43374543 ], [ 21.31992347, 52.59735398 ], [ 20.93926391, 52.55868184 ] ] ] } },
{ "type": "Feature", "properties": { "id": 102 }, "geometry": { "type": "Polygon", "coordinates": [ [ [ 19.27548126, 50.45872043 ], [ 19.15134983, 50.24865424 ], [ 19.39323367, 50.08368201 ], [ 19.75914075, 50.12834071 ], [ 19.8849427, 50.33818581 ], [ 19.64317775, 50.50359525 ], [ 19.27548126, 50.45872043 ] ] ] } },
{ "type": "Feature", "properties": { "id": 103 }, "geometry": { "type": "Polygon", "coordinates": [ [ [ 19.27548126, 50.45872043 ], [ 19.15134983, 50.24865424 ], [ 19.39323367, 50.08368201 ], [ 19.75914075, 50.12834071 ], [ 19.8849427, 50.33818581 ], [ 19.64317775, 50.50359525 ], [ 19.27548126, 50.45872043 ] ] ] } },
{ "type": "Feature", "properties": { "id": 104 }, "geometry": { "type": "Polygon", "coordinates": [ [ [ 22.20271249, 50.20113862 ], [ 22.07021794, 49.99328231 ], [ 22.30505381, 49.82149208 ], [ 22.6720199, 49.85713231 ], [ 22.80601108, 50.06470692 ], [ 22.57155115, 50.23692458 ], [ 22.20271249, 50.20113862 ] ] ] } },
{ "type": "Feature", "properties": { "id": 105 }, "geometry": { "type": "Polygon", "coordinates": [ [ [ 22.7059586, 50.44351017 ], [ 22.57155115, 50.23692458 ], [ 22.80601108, 50.06470692 ], [ 23.17446747, 50.09864947 ], [ 23.31035141, 50.30494193 ], [ 23.07631434, 50.4775865 ], [ 22.7059586, 50.44351017 ] ] ] } },
{ "type": "Feature", "properties": { "id": 106 }, "geometry": { "type": "Polygon", "coordinates": [ [ [ 22.60484482, 50.82018253 ], [ 22.47002062, 50.61459351 ], [ 22.7059586, 50.44351017 ], [ 23.07631434, 50.4775865 ], [ 23.21263681, 50.6828819 ], [ 22.97711731, 50.85439613 ], [ 22.60484482, 50.82018253 ] ] ] } },
{ "type": "Feature", "properties": { "id": 107 }, "geometry": { "type": "Polygon", "coordinates": [ [ [ 19.9191329, 52.070632 ], [ 19.79007601, 51.8659888 ], [ 20.03628203, 51.70374321 ], [ 20.41137165, 51.74569035 ], [ 20.542142, 51.95008399 ], [ 20.29612099, 52.11278198 ], [ 19.9191329, 52.070632 ] ] ] } },
{ "type": "Feature", "properties": { "id": 115 }, "geometry": { "type": "Polygon", "coordinates": [ [ [ 18.66450649, 50.57576227 ], [ 18.54208233, 50.36548791 ], [ 18.78553113, 50.20215196 ], [ 19.15134983, 50.24865424 ], [ 19.27548126, 50.45872043 ], [ 19.03209721, 50.62249454 ], [ 18.66450649, 50.57576227 ] ] ] } },
{ "type": "Feature", "properties": { "id": 116 }, "geometry": { "type": "Polygon", "coordinates": [ [ [ 18.04025499, 52.41064565 ], [ 17.91657797, 52.20532813 ], [ 18.1677186, 52.04814314 ], [ 18.54253715, 52.0958222 ], [ 18.6680464, 52.30092764 ], [ 18.41691593, 52.45856826 ], [ 18.04025499, 52.41064565 ] ] ] } },
{ "type": "Feature", "properties": { "id": 117 }, "geometry": { "type": "Polygon", "coordinates": [ [ [ 15.17182662, 52.19283843 ], [ 15.0580776, 51.98467079 ], [ 15.31319893, 51.83354241 ], [ 15.68233455, 51.89014192 ], [ 15.79803733, 52.09816761 ], [ 15.54266017, 52.24973818 ], [ 15.17182662, 52.19283843 ] ] ] } },
{ "type": "Feature", "properties": { "id": 118 }, "geometry": { "type": "Polygon", "coordinates": [ [ [ 18.54223144, 50.94718294 ], [ 18.41955166, 50.73788683 ], [ 18.66450649, 50.57576227 ], [ 19.03209721, 50.62249454 ], [ 19.15650838, 50.83158197 ], [ 18.91160805, 50.99414786 ], [ 18.54223144, 50.94718294 ] ] ] } },
{ "type": "Feature", "properties": { "id": 119 }, "geometry": { "type": "Polygon", "coordinates": [ [ [ 17.92658856, 51.05924983 ], [ 17.80567631, 50.84975822 ], [ 18.0521522, 50.68929644 ], [ 18.41955166, 50.73788683 ], [ 18.54223144, 50.94718294 ], [ 18.29575461, 51.10808629 ], [ 17.92658856, 51.05924983 ] ] ] } },
{ "type": "Feature", "properties": { "id": 120 }, "geometry": { "type": "Polygon", "coordinates": [ [ [ 18.78553113, 50.20215196 ], [ 18.66336487, 49.99090683 ], [ 18.90532336, 49.82636977 ], [ 19.26938383, 49.87264466 ], [ 19.39323367, 50.08368201 ], [ 19.15134983, 50.24865424 ], [ 18.78553113, 50.20215196 ] ] ] } },
{ "type": "Feature", "properties": { "id": 121 }, "geometry": { "type": "Polygon", "coordinates": [ [ [ 22.39936768, 51.56706395 ], [ 22.26370877, 51.36348889 ], [ 22.50265339, 51.19470611 ], [ 22.87686024, 51.22906053 ], [ 23.01406227, 51.43234051 ], [ 22.77552669, 51.60156274 ], [ 22.39936768, 51.56706395 ] ] ] } },
{ "type": "Feature", "properties": { "id": 122 }, "geometry": { "type": "Polygon", "coordinates": [ [ [ 19.17250585, 52.55079476 ], [ 19.0449083, 52.34692533 ], [ 19.29438707, 52.18758519 ], [ 19.67135782, 52.23165825 ], [ 19.80073496, 52.43528918 ], [ 19.55137342, 52.5950876 ], [ 19.17250585, 52.55079476 ] ] ] } },
{ "type": "Feature", "properties": { "id": 123 }, "geometry": { "type": "Polygon", "coordinates": [ [ [ 18.79208488, 51.93693725 ], [ 18.66684678, 51.73082718 ], [ 18.91482872, 51.57070629 ], [ 19.28798033, 51.61624627 ], [ 19.41498654, 51.82213248 ], [ 19.1670842, 51.98270463 ], [ 18.79208488, 51.93693725 ] ] ] } },
{ "type": "Feature", "properties": { "id": 124 }, "geometry": { "type": "Polygon", "coordinates": [ [ [ 19.29438707, 52.18758519 ], [ 19.1670842, 51.98270463 ], [ 19.41498654, 51.82213248 ], [ 19.79007601, 51.8659888 ], [ 19.9191329, 52.070632 ], [ 19.67135782, 52.23165825 ], [ 19.29438707, 52.18758519 ] ] ] } },
{ "type": "Feature", "properties": { "id": 125 }, "geometry": { "type": "Polygon", "coordinates": [ [ [ 19.27548126, 50.45872043 ], [ 19.15134983, 50.24865424 ], [ 19.39323367, 50.08368201 ], [ 19.75914075, 50.12834071 ], [ 19.8849427, 50.33818581 ], [ 19.64317775, 50.50359525 ], [ 19.27548126, 50.45872043 ] ] ] } },
{ "type": "Feature", "properties": { "id": 88 }, "geometry": { "type": "Polygon", "coordinates": [ [ [ 18.41318744, 54.68225996 ], [ 18.2838708, 54.48454826 ], [ 18.54318034, 54.33275946 ], [ 18.9317696, 54.37819803 ], [ 19.06302956, 54.5756619 ], [ 18.80376942, 54.72793725 ], [ 18.41318744, 54.68225996 ] ] ] } },
{ "type": "Feature", "properties": { "id": 89 }, "geometry": { "type": "Polygon", "coordinates": [ [ [ 16.59629515, 54.63448211 ], [ 16.47325019, 54.43507326 ], [ 16.73573898, 54.28731216 ], [ 17.12141727, 54.33848164 ], [ 17.24649942, 54.53768274 ], [ 16.98387753, 54.68592455 ], [ 16.59629515, 54.63448211 ] ] ] } },
{ "type": "Feature", "properties": { "id": 90 }, "geometry": { "type": "Polygon", "coordinates": [ [ [ 19.18933346, 54.22465218 ], [ 19.05838207, 54.02615144 ], [ 19.3142686, 53.87134126 ], [ 19.70099342, 53.91455355 ], [ 19.83381631, 54.11279622 ], [ 19.57805548, 54.26808677 ], [ 19.18933346, 54.22465218 ] ] ] } },
{ "type": "Feature", "properties": { "id": 91 }, "geometry": { "type": "Polygon", "coordinates": [ [ [ 20.26690828, 50.96332976 ], [ 20.13882086, 50.75568522 ], [ 20.38042173, 50.58983673 ], [ 20.74991111, 50.63119404 ], [ 20.87963932, 50.83859151 ], [ 20.63824869, 51.00488059 ], [ 20.26690828, 50.96332976 ] ] ] } },
{ "type": "Feature", "properties": { "id": 92 }, "geometry": { "type": "Polygon", "coordinates": [ [ [ 18.41600754, 53.02213256 ], [ 18.28996349, 52.819052 ], [ 18.54269388, 52.66266371 ], [ 18.92143332, 52.70889464 ], [ 19.04932343, 52.9117479 ], [ 18.7966396, 53.06859968 ], [ 18.41600754, 53.02213256 ] ] ] } },
{ "type": "Feature", "properties": { "id": 112 }, "geometry": { "type": "Polygon", "coordinates": [ [ [ 17.67154726, 51.79248577 ], [ 17.55018129, 51.58496974 ], [ 17.79972657, 51.4269848 ], [ 18.17067264, 51.47606987 ], [ 18.29385635, 51.6833889 ], [ 18.04428684, 51.84182204 ], [ 17.67154726, 51.79248577 ] ] ] } },
{ "type": "Feature", "properties": { "id": 113 }, "geometry": { "type": "Polygon", "coordinates": [ [ [ 16.08808424, 54.38192145 ], [ 15.96728153, 54.18129303 ], [ 16.22958787, 54.03400661 ], [ 16.61289038, 54.08687641 ], [ 16.73573898, 54.28731216 ], [ 16.47325019, 54.43507326 ], [ 16.08808424, 54.38192145 ] ] ] } },
{ "type": "Feature", "properties": { "id": 114 }, "geometry": { "type": "Polygon", "coordinates": [ [ [ 18.0521522, 50.68929644 ], [ 17.93147113, 50.47882712 ], [ 18.17643615, 50.31714106 ], [ 18.54208233, 50.36548791 ], [ 18.66450649, 50.57576227 ], [ 18.41955166, 50.73788683 ], [ 18.0521522, 50.68929644 ] ] ] } },
{ "type": "Feature", "properties": { "id": 108 }, "geometry": { "type": "Polygon", "coordinates": [ [ [ 21.34372776, 53.160319 ], [ 21.20808064, 52.9605533 ], [ 21.45517738, 52.79815054 ], [ 21.83760574, 52.8350527 ], [ 21.97493692, 53.03452939 ], [ 21.72816858, 53.19739471 ], [ 21.34372776, 53.160319 ] ] ] } },
{ "type": "Feature", "properties": { "id": 109 }, "geometry": { "type": "Polygon", "coordinates": [ [ [ 18.29945871, 49.94280103 ], [ 18.17924796, 49.73039879 ], [ 18.42123787, 49.56629459 ], [ 18.78341717, 49.6141618 ], [ 18.90532336, 49.82636977 ], [ 18.66336487, 49.99090683 ], [ 18.29945871, 49.94280103 ] ] ] } },
{ "type": "Feature", "properties": { "id": 110 }, "geometry": { "type": "Polygon", "coordinates": [ [ [ 18.66450649, 50.57576227 ], [ 18.54208233, 50.36548791 ], [ 18.78553113, 50.20215196 ], [ 19.15134983, 50.24865424 ], [ 19.27548126, 50.45872043 ], [ 19.03209721, 50.62249454 ], [ 18.66450649, 50.57576227 ] ] ] } },
{ "type": "Feature", "properties": { "id": 111 }, "geometry": { "type": "Polygon", "coordinates": [ [ [ 18.79897549, 53.62683592 ], [ 18.6705071, 53.4260284 ], [ 18.92482003, 53.27043216 ], [ 19.30752839, 53.31517383 ], [ 19.43785596, 53.51573872 ], [ 19.18362806, 53.67180671 ], [ 18.79897549, 53.62683592 ] ] ] } },
{ "type": "Feature", "properties": { "id": 126 }, "geometry": { "type": "Polygon", "coordinates": [ [ [ 18.66450649, 50.57576227 ], [ 18.54208233, 50.36548791 ], [ 18.78553113, 50.20215196 ], [ 19.15134983, 50.24865424 ], [ 19.27548126, 50.45872043 ], [ 19.03209721, 50.62249454 ], [ 18.66450649, 50.57576227 ] ] ] } },
{ "type": "Feature", "properties": { "id": 127 }, "geometry": { "type": "Polygon", "coordinates": [ [ [ 21.88915068, 51.32724539 ], [ 21.7554729, 51.1223767 ], [ 21.99477755, 50.95403319 ], [ 22.36741202, 50.99012076 ], [ 22.50265339, 51.19470611 ], [ 22.26370877, 51.36348889 ], [ 21.88915068, 51.32724539 ] ] ] } },
{ "type": "Feature", "properties": { "id": 128 }, "geometry": { "type": "Polygon", "coordinates": [ [ [ 19.27548126, 50.45872043 ], [ 19.15134983, 50.24865424 ], [ 19.39323367, 50.08368201 ], [ 19.75914075, 50.12834071 ], [ 19.8849427, 50.33818581 ], [ 19.64317775, 50.50359525 ], [ 19.27548126, 50.45872043 ] ] ] } },
{ "type": "Feature", "properties": { "id": 129 }, "geometry": { "type": "Polygon", "coordinates": [ [ [ 18.90532336, 49.82636977 ], [ 18.78341717, 49.6141618 ], [ 19.02390089, 49.44843432 ], [ 19.38621682, 49.49448444 ], [ 19.5097833, 49.70648485 ], [ 19.26938383, 49.87264466 ], [ 18.90532336, 49.82636977 ] ] ] } },
{ "type": "Feature", "properties": { "id": 130 }, "geometry": { "type": "Polygon", "coordinates": [ [ [ 16.78090659, 52.619165 ], [ 16.6610054, 52.41346283 ], [ 16.91516848, 52.25971214 ], [ 17.28935175, 52.31121129 ], [ 17.41115904, 52.51672781 ], [ 17.15688748, 52.67093314 ], [ 16.78090659, 52.619165 ] ] ] } },
{ "type": "Feature", "properties": { "id": 131 }, "geometry": { "type": "Polygon", "coordinates": [ [ [ 17.27891043, 52.87544203 ], [ 17.15688748, 52.67093314 ], [ 17.41115904, 52.51672781 ], [ 17.78752643, 52.56657433 ], [ 17.9114458, 52.77088304 ], [ 17.65711227, 52.92554767 ], [ 17.27891043, 52.87544203 ] ] ] } },
{ "type": "Feature", "properties": { "id": 132 }, "geometry": { "type": "Polygon", "coordinates": [ [ [ 19.41498654, 51.82213248 ], [ 19.28798033, 51.61624627 ], [ 19.53432329, 51.45445076 ], [ 19.90754692, 51.49809336 ], [ 20.03628203, 51.70374321 ], [ 19.79007601, 51.8659888 ], [ 19.41498654, 51.82213248 ] ] ] } },
{ "type": "Feature", "properties": { "id": 133 }, "geometry": { "type": "Polygon", "coordinates": [ [ [ 21.05186907, 52.19343152 ], [ 20.91905668, 51.99031374 ], [ 21.16327493, 51.82595935 ], [ 21.54002628, 51.86427298 ], [ 21.6744926, 52.06711676 ], [ 21.43056588, 52.2319227 ], [ 21.05186907, 52.19343152 ] ] ] } },
{ "type": "Feature", "properties": { "id": 134 }, "geometry": { "type": "Polygon", "coordinates": [ [ [ 18.17643615, 50.31714106 ], [ 18.05598895, 50.10570138 ], [ 18.29945871, 49.94280103 ], [ 18.66336487, 49.99090683 ], [ 18.78553113, 50.20215196 ], [ 18.54208233, 50.36548791 ], [ 18.17643615, 50.31714106 ] ] ] } },
{ "type": "Feature", "properties": { "id": 135 }, "geometry": { "type": "Polygon", "coordinates": [ [ [ 21.16327493, 51.82595935 ], [ 21.03083257, 51.62182713 ], [ 21.27349971, 51.45627976 ], [ 21.64832272, 51.49441923 ], [ 21.78239484, 51.69827848 ], [ 21.54002628, 51.86427298 ], [ 21.16327493, 51.82595935 ] ] ] } },
{ "type": "Feature", "properties": { "id": 136 }, "geometry": { "type": "Polygon", "coordinates": [ [ [ 20.65583205, 51.58178603 ], [ 20.52540815, 51.37638477 ], [ 20.76832518, 51.21128328 ], [ 21.14142799, 51.25113898 ], [ 21.27349971, 51.45627976 ], [ 21.03083257, 51.62182713 ], [ 20.65583205, 51.58178603 ] ] ] } },
{ "type": "Feature", "properties": { "id": 137 }, "geometry": { "type": "Polygon", "coordinates": [ [ [ 19.9191329, 52.070632 ], [ 19.79007601, 51.8659888 ], [ 20.03628203, 51.70374321 ], [ 20.41137165, 51.74569035 ], [ 20.542142, 51.95008399 ], [ 20.29612099, 52.11278198 ], [ 19.9191329, 52.070632 ] ] ] } },
{ "type": "Feature", "properties": { "id": 141 }, "geometry": { "type": "Polygon", "coordinates": [ [ [ 17.92658856, 51.05924983 ], [ 17.80567631, 50.84975822 ], [ 18.0521522, 50.68929644 ], [ 18.41955166, 50.73788683 ], [ 18.54223144, 50.94718294 ], [ 18.29575461, 51.10808629 ], [ 17.92658856, 51.05924983 ] ] ] } },
{ "type": "Feature", "properties": { "id": 142 }, "geometry": { "type": "Polygon", "coordinates": [ [ [ 18.90532336, 49.82636977 ], [ 18.78341717, 49.6141618 ], [ 19.02390089, 49.44843432 ], [ 19.38621682, 49.49448444 ], [ 19.5097833, 49.70648485 ], [ 19.26938383, 49.87264466 ], [ 18.90532336, 49.82636977 ] ] ] } },
{ "type": "Feature", "properties": { "id": 143 }, "geometry": { "type": "Polygon", "coordinates": [ [ [ 18.17643615, 50.31714106 ], [ 18.05598895, 50.10570138 ], [ 18.29945871, 49.94280103 ], [ 18.66336487, 49.99090683 ], [ 18.78553113, 50.20215196 ], [ 18.54208233, 50.36548791 ], [ 18.17643615, 50.31714106 ] ] ] } },
{ "type": "Feature", "properties": { "id": 144 }, "geometry": { "type": "Polygon", "coordinates": [ [ [ 18.78553113, 50.20215196 ], [ 18.66336487, 49.99090683 ], [ 18.90532336, 49.82636977 ], [ 19.26938383, 49.87264466 ], [ 19.39323367, 50.08368201 ], [ 19.15134983, 50.24865424 ], [ 18.78553113, 50.20215196 ] ] ] } },
{ "type": "Feature", "properties": { "id": 145 }, "geometry": { "type": "Polygon", "coordinates": [ [ [ 18.78553113, 50.20215196 ], [ 18.66336487, 49.99090683 ], [ 18.90532336, 49.82636977 ], [ 19.26938383, 49.87264466 ], [ 19.39323367, 50.08368201 ], [ 19.15134983, 50.24865424 ], [ 18.78553113, 50.20215196 ] ] ] } },
{ "type": "Feature", "properties": { "id": 146 }, "geometry": { "type": "Polygon", "coordinates": [ [ [ 18.17643615, 50.31714106 ], [ 18.05598895, 50.10570138 ], [ 18.29945871, 49.94280103 ], [ 18.66336487, 49.99090683 ], [ 18.78553113, 50.20215196 ], [ 18.54208233, 50.36548791 ], [ 18.17643615, 50.31714106 ] ] ] } },
{ "type": "Feature", "properties": { "id": 147 }, "geometry": { "type": "Polygon", "coordinates": [ [ [ 18.17643615, 50.31714106 ], [ 18.05598895, 50.10570138 ], [ 18.29945871, 49.94280103 ], [ 18.66336487, 49.99090683 ], [ 18.78553113, 50.20215196 ], [ 18.54208233, 50.36548791 ], [ 18.17643615, 50.31714106 ] ] ] } },
{ "type": "Feature", "properties": { "id": 148 }, "geometry": { "type": "Polygon", "coordinates": [ [ [ 20.38042173, 50.58983673 ], [ 20.25266002, 50.38120507 ], [ 20.49275906, 50.21417542 ], [ 20.86041294, 50.25534224 ], [ 20.98979209, 50.46372738 ], [ 20.74991111, 50.63119404 ], [ 20.38042173, 50.58983673 ] ] ] } },
{ "type": "Feature", "properties": { "id": 149 }, "geometry": { "type": "Polygon", "coordinates": [ [ [ 20.26690828, 50.96332976 ], [ 20.13882086, 50.75568522 ], [ 20.38042173, 50.58983673 ], [ 20.74991111, 50.63119404 ], [ 20.87963932, 50.83859151 ], [ 20.63824869, 51.00488059 ], [ 20.26690828, 50.96332976 ] ] ] } },
{ "type": "Feature", "properties": { "id": 150 }, "geometry": { "type": "Polygon", "coordinates": [ [ [ 20.38042173, 50.58983673 ], [ 20.25266002, 50.38120507 ], [ 20.49275906, 50.21417542 ], [ 20.86041294, 50.25534224 ], [ 20.98979209, 50.46372738 ], [ 20.74991111, 50.63119404 ], [ 20.38042173, 50.58983673 ] ] ] } },
{ "type": "Feature", "properties": { "id": 151 }, "geometry": { "type": "Polygon", "coordinates": [ [ [ 18.17643615, 50.31714106 ], [ 18.05598895, 50.10570138 ], [ 18.29945871, 49.94280103 ], [ 18.66336487, 49.99090683 ], [ 18.78553113, 50.20215196 ], [ 18.54208233, 50.36548791 ], [ 18.17643615, 50.31714106 ] ] ] } },
{ "type": "Feature", "properties": { "id": 152 }, "geometry": { "type": "Polygon", "coordinates": [ [ [ 15.79803733, 52.09816761 ], [ 15.68233455, 51.89014192 ], [ 15.93614617, 51.73728558 ], [ 16.30586804, 51.7920127 ], [ 16.42349238, 51.99988232 ], [ 16.16948304, 52.15318327 ], [ 15.79803733, 52.09816761 ] ] ] } },
{ "type": "Feature", "properties": { "id": 153 }, "geometry": { "type": "Polygon", "coordinates": [ [ [ 15.17182662, 52.19283843 ], [ 15.0580776, 51.98467079 ], [ 15.31319893, 51.83354241 ], [ 15.68233455, 51.89014192 ], [ 15.79803733, 52.09816761 ], [ 15.54266017, 52.24973818 ], [ 15.17182662, 52.19283843 ] ] ] } },
{ "type": "Feature", "properties": { "id": 154 }, "geometry": { "type": "Polygon", "coordinates": [ [ [ 19.15650838, 50.83158197 ], [ 19.03209721, 50.62249454 ], [ 19.27548126, 50.45872043 ], [ 19.64317775, 50.50359525 ], [ 19.76928318, 50.71246111 ], [ 19.52600868, 50.87667569 ], [ 19.15650838, 50.83158197 ] ] ] } },
{ "type": "Feature", "properties": { "id": 155 }, "geometry": { "type": "Polygon", "coordinates": [ [ [ 19.15650838, 50.83158197 ], [ 19.03209721, 50.62249454 ], [ 19.27548126, 50.45872043 ], [ 19.64317775, 50.50359525 ], [ 19.76928318, 50.71246111 ], [ 19.52600868, 50.87667569 ], [ 19.15650838, 50.83158197 ] ] ] } },
{ "type": "Feature", "properties": { "id": 156 }, "geometry": { "type": "Polygon", "coordinates": [ [ [ 19.15650838, 50.83158197 ], [ 19.03209721, 50.62249454 ], [ 19.27548126, 50.45872043 ], [ 19.64317775, 50.50359525 ], [ 19.76928318, 50.71246111 ], [ 19.52600868, 50.87667569 ], [ 19.15650838, 50.83158197 ] ] ] } },
{ "type": "Feature", "properties": { "id": 157 }, "geometry": { "type": "Polygon", "coordinates": [ [ [ 20.42723671, 52.31616225 ], [ 20.29612099, 52.11278198 ], [ 20.542142, 51.95008399 ], [ 20.91905668, 51.99031374 ], [ 21.05186907, 52.19343152 ], [ 20.80608218, 52.35658392 ], [ 20.42723671, 52.31616225 ] ] ] } },
{ "type": "Feature", "properties": { "id": 158 }, "geometry": { "type": "Polygon", "coordinates": [ [ [ 20.542142, 51.95008399 ], [ 20.41137165, 51.74569035 ], [ 20.65583205, 51.58178603 ], [ 21.03083257, 51.62182713 ], [ 21.16327493, 51.82595935 ], [ 20.91905668, 51.99031374 ], [ 20.542142, 51.95008399 ] ] ] } },
{ "type": "Feature", "properties": { "id": 159 }, "geometry": { "type": "Polygon", "coordinates": [ [ [ 20.65583205, 51.58178603 ], [ 20.52540815, 51.37638477 ], [ 20.76832518, 51.21128328 ], [ 21.14142799, 51.25113898 ], [ 21.27349971, 51.45627976 ], [ 21.03083257, 51.62182713 ], [ 20.65583205, 51.58178603 ] ] ] } },
{ "type": "Feature", "properties": { "id": 160 }, "geometry": { "type": "Polygon", "coordinates": [ [ [ 21.27349971, 51.45627976 ], [ 21.14142799, 51.25113898 ], [ 21.38256129, 51.08440803 ], [ 21.7554729, 51.1223767 ], [ 21.88915068, 51.32724539 ], [ 21.64832272, 51.49441923 ], [ 21.27349971, 51.45627976 ] ] ] } },
{ "type": "Feature", "properties": { "id": 161 }, "geometry": { "type": "Polygon", "coordinates": [ [ [ 20.65583205, 51.58178603 ], [ 20.52540815, 51.37638477 ], [ 20.76832518, 51.21128328 ], [ 21.14142799, 51.25113898 ], [ 21.27349971, 51.45627976 ], [ 21.03083257, 51.62182713 ], [ 20.65583205, 51.58178603 ] ] ] } },
{ "type": "Feature", "properties": { "id": 162 }, "geometry": { "type": "Polygon", "coordinates": [ [ [ 20.542142, 51.95008399 ], [ 20.41137165, 51.74569035 ], [ 20.65583205, 51.58178603 ], [ 21.03083257, 51.62182713 ], [ 21.16327493, 51.82595935 ], [ 20.91905668, 51.99031374 ], [ 20.542142, 51.95008399 ] ] ] } },
{ "type": "Feature", "properties": { "id": 163 }, "geometry": { "type": "Polygon", "coordinates": [ [ [ 20.65583205, 51.58178603 ], [ 20.52540815, 51.37638477 ], [ 20.76832518, 51.21128328 ], [ 21.14142799, 51.25113898 ], [ 21.27349971, 51.45627976 ], [ 21.03083257, 51.62182713 ], [ 20.65583205, 51.58178603 ] ] ] } },
{ "type": "Feature", "properties": { "id": 164 }, "geometry": { "type": "Polygon", "coordinates": [ [ [ 20.76832518, 51.21128328 ], [ 20.63824869, 51.00488059 ], [ 20.87963932, 50.83859151 ], [ 21.25086074, 50.87826503 ], [ 21.38256129, 51.08440803 ], [ 21.14142799, 51.25113898 ], [ 20.76832518, 51.21128328 ] ] ] } },
{ "type": "Feature", "properties": { "id": 165 }, "geometry": { "type": "Polygon", "coordinates": [ [ [ 18.54223144, 50.94718294 ], [ 18.41955166, 50.73788683 ], [ 18.66450649, 50.57576227 ], [ 19.03209721, 50.62249454 ], [ 19.15650838, 50.83158197 ], [ 18.91160805, 50.99414786 ], [ 18.54223144, 50.94718294 ] ] ] } },
{ "type": "Feature", "properties": { "id": 166 }, "geometry": { "type": "Polygon", "coordinates": [ [ [ 20.87963932, 50.83859151 ], [ 20.74991111, 50.63119404 ], [ 20.98979209, 50.46372738 ], [ 21.35914827, 50.50322191 ], [ 21.49047722, 50.71036033 ], [ 21.25086074, 50.87826503 ], [ 20.87963932, 50.83859151 ] ] ] } },
{ "type": "Feature", "properties": { "id": 167 }, "geometry": { "type": "Polygon", "coordinates": [ [ [ 19.65241605, 51.08455501 ], [ 19.52600868, 50.87667569 ], [ 19.76928318, 50.71246111 ], [ 20.13882086, 50.75568522 ], [ 20.26690828, 50.96332976 ], [ 20.02378912, 51.12798689 ], [ 19.65241605, 51.08455501 ] ] ] } },
{ "type": "Feature", "properties": { "id": 168 }, "geometry": { "type": "Polygon", "coordinates": [ [ [ 20.15220104, 51.33463734 ], [ 20.02378912, 51.12798689 ], [ 20.26690828, 50.96332976 ], [ 20.63824869, 51.00488059 ], [ 20.76832518, 51.21128328 ], [ 20.52540815, 51.37638477 ], [ 20.15220104, 51.33463734 ] ] ] } },
{ "type": "Feature", "properties": { "id": 169 }, "geometry": { "type": "Polygon", "coordinates": [ [ [ 18.54223144, 50.94718294 ], [ 18.41955166, 50.73788683 ], [ 18.66450649, 50.57576227 ], [ 19.03209721, 50.62249454 ], [ 19.15650838, 50.83158197 ], [ 18.91160805, 50.99414786 ], [ 18.54223144, 50.94718294 ] ] ] } },
{ "type": "Feature", "properties": { "id": 170 }, "geometry": { "type": "Polygon", "coordinates": [ [ [ 20.76832518, 51.21128328 ], [ 20.63824869, 51.00488059 ], [ 20.87963932, 50.83859151 ], [ 21.25086074, 50.87826503 ], [ 21.38256129, 51.08440803 ], [ 21.14142799, 51.25113898 ], [ 20.76832518, 51.21128328 ] ] ] } },
{ "type": "Feature", "properties": { "id": 171 }, "geometry": { "type": "Polygon", "coordinates": [ [ [ 18.6680464, 52.30092764 ], [ 18.54253715, 52.0958222 ], [ 18.79208488, 51.93693725 ], [ 19.1670842, 51.98270463 ], [ 19.29438707, 52.18758519 ], [ 19.0449083, 52.34692533 ], [ 18.6680464, 52.30092764 ] ] ] } },
{ "type": "Feature", "properties": { "id": 172 }, "geometry": { "type": "Polygon", "coordinates": [ [ [ 19.5097833, 49.70648485 ], [ 19.38621682, 49.49448444 ], [ 19.62514755, 49.32714802 ], [ 19.98751859, 49.37138267 ], [ 20.11270937, 49.58316251 ], [ 19.87391527, 49.75093017 ], [ 19.5097833, 49.70648485 ] ] ] } },
{ "type": "Feature", "properties": { "id": 173 }, "geometry": { "type": "Polygon", "coordinates": [ [ [ 19.5097833, 49.70648485 ], [ 19.38621682, 49.49448444 ], [ 19.62514755, 49.32714802 ], [ 19.98751859, 49.37138267 ], [ 20.11270937, 49.58316251 ], [ 19.87391527, 49.75093017 ], [ 19.5097833, 49.70648485 ] ] ] } },
{ "type": "Feature", "properties": { "id": 174 }, "geometry": { "type": "Polygon", "coordinates": [ [ [ 19.62514755, 49.32714802 ], [ 19.50186606, 49.1141931 ], [ 19.73934349, 48.94569149 ], [ 20.09996766, 48.98971817 ], [ 20.22485093, 49.20245256 ], [ 19.98751859, 49.37138267 ], [ 19.62514755, 49.32714802 ] ] ] } },
{ "type": "Feature", "properties": { "id": 175 }, "geometry": { "type": "Polygon", "coordinates": [ [ [ 19.39323367, 50.08368201 ], [ 19.26938383, 49.87264466 ], [ 19.5097833, 49.70648485 ], [ 19.87391527, 49.75093017 ], [ 19.99941231, 49.96174676 ], [ 19.75914075, 50.12834071 ], [ 19.39323367, 50.08368201 ] ] ] } },
{ "type": "Feature", "properties": { "id": 176 }, "geometry": { "type": "Polygon", "coordinates": [ [ [ 19.03629698, 51.20224937 ], [ 18.91160805, 50.99414786 ], [ 19.15650838, 50.83158197 ], [ 19.52600868, 50.87667569 ], [ 19.65241605, 51.08455501 ], [ 19.40761562, 51.2475648 ], [ 19.03629698, 51.20224937 ] ] ] } },
{ "type": "Feature", "properties": { "id": 177 }, "geometry": { "type": "Polygon", "coordinates": [ [ [ 16.78090659, 52.619165 ], [ 16.6610054, 52.41346283 ], [ 16.91516848, 52.25971214 ], [ 17.28935175, 52.31121129 ], [ 17.41115904, 52.51672781 ], [ 17.15688748, 52.67093314 ], [ 16.78090659, 52.619165 ] ] ] } },
{ "type": "Feature", "properties": { "id": 178 }, "geometry": { "type": "Polygon", "coordinates": [ [ [ 22.70808927, 52.5402279 ], [ 22.56956262, 52.3400173 ], [ 22.81118434, 52.17312601 ], [ 23.19089569, 52.20599787 ], [ 23.33099001, 52.40589972 ], [ 23.08981831, 52.57324003 ], [ 22.70808927, 52.5402279 ] ] ] } },
{ "type": "Feature", "properties": { "id": 179 }, "geometry": { "type": "Polygon", "coordinates": [ [ [ 14.88471445, 52.90454984 ], [ 14.77073743, 52.69837346 ], [ 15.02900533, 52.54984503 ], [ 15.40154775, 52.60704707 ], [ 15.51753251, 52.81307941 ], [ 15.25897669, 52.96205626 ], [ 14.88471445, 52.90454984 ] ] ] } },
{ "type": "Feature", "properties": { "id": 180 }, "geometry": { "type": "Polygon", "coordinates": [ [ [ 14.39892545, 52.63928276 ], [ 14.28707148, 52.43197961 ], [ 14.54500874, 52.28389323 ], [ 14.91513979, 52.34267047 ], [ 15.02900533, 52.54984503 ], [ 14.77073743, 52.69837346 ], [ 14.39892545, 52.63928276 ] ] ] } },
{ "type": "Feature", "properties": { "id": 138 }, "geometry": { "type": "Polygon", "coordinates": [ [ [ 19.53432329, 51.45445076 ], [ 19.40761562, 51.2475648 ], [ 19.65241605, 51.08455501 ], [ 20.02378912, 51.12798689 ], [ 20.15220104, 51.33463734 ], [ 19.90754692, 51.49809336 ], [ 19.53432329, 51.45445076 ] ] ] } },
{ "type": "Feature", "properties": { "id": 139 }, "geometry": { "type": "Polygon", "coordinates": [ [ [ 21.27349971, 51.45627976 ], [ 21.14142799, 51.25113898 ], [ 21.38256129, 51.08440803 ], [ 21.7554729, 51.1223767 ], [ 21.88915068, 51.32724539 ], [ 21.64832272, 51.49441923 ], [ 21.27349971, 51.45627976 ] ] ] } },
{ "type": "Feature", "properties": { "id": 140 }, "geometry": { "type": "Polygon", "coordinates": [ [ [ 18.29945871, 49.94280103 ], [ 18.17924796, 49.73039879 ], [ 18.42123787, 49.56629459 ], [ 18.78341717, 49.6141618 ], [ 18.90532336, 49.82636977 ], [ 18.66336487, 49.99090683 ], [ 18.29945871, 49.94280103 ] ] ] } },
{ "type": "Feature", "properties": { "id": 181 }, "geometry": { "type": "Polygon", "coordinates": [ [ [ 16.91516848, 52.25971214 ], [ 16.7954598, 52.05300853 ], [ 17.04804439, 51.89798635 ], [ 17.42044306, 51.94921901 ], [ 17.54203131, 52.15573806 ], [ 17.28935175, 52.31121129 ], [ 16.91516848, 52.25971214 ] ] ] } },
{ "type": "Feature", "properties": { "id": 182 }, "geometry": { "type": "Polygon", "coordinates": [ [ [ 18.79897549, 53.62683592 ], [ 18.6705071, 53.4260284 ], [ 18.92482003, 53.27043216 ], [ 19.30752839, 53.31517383 ], [ 19.43785596, 53.51573872 ], [ 19.18362806, 53.67180671 ], [ 18.79897549, 53.62683592 ] ] ] } },
{ "type": "Feature", "properties": { "id": 183 }, "geometry": { "type": "Polygon", "coordinates": [ [ [ 21.49047722, 50.71036033 ], [ 21.35914827, 50.50322191 ], [ 21.5972647, 50.33415374 ], [ 21.96640364, 50.37179076 ], [ 22.09929256, 50.57865844 ], [ 21.8614942, 50.74816153 ], [ 21.49047722, 50.71036033 ] ] ] } },
{ "type": "Feature", "properties": { "id": 184 }, "geometry": { "type": "Polygon", "coordinates": [ [ [ 17.30971775, 51.16777067 ], [ 17.19060819, 50.95809697 ], [ 17.43855404, 50.79931026 ], [ 17.80567631, 50.84975822 ], [ 17.92658856, 51.05924983 ], [ 17.67858598, 51.21847776 ], [ 17.30971775, 51.16777067 ] ] ] } },
{ "type": "Feature", "properties": { "id": 185 }, "geometry": { "type": "Polygon", "coordinates": [ [ [ 22.81668337, 54.21467861 ], [ 22.67424761, 54.01999414 ], [ 22.92183139, 53.85739766 ], [ 23.31138015, 53.88901588 ], [ 23.45545783, 54.08337366 ], [ 23.2083589, 54.24644151 ], [ 22.81668337, 54.21467861 ] ] ] } },
{ "type": "Feature", "properties": { "id": 186 }, "geometry": { "type": "Polygon", "coordinates": [ [ [ 19.27548126, 50.45872043 ], [ 19.15134983, 50.24865424 ], [ 19.39323367, 50.08368201 ], [ 19.75914075, 50.12834071 ], [ 19.8849427, 50.33818581 ], [ 19.64317775, 50.50359525 ], [ 19.27548126, 50.45872043 ] ] ] } },
{ "type": "Feature", "properties": { "id": 187 }, "geometry": { "type": "Polygon", "coordinates": [ [ [ 20.38042173, 50.58983673 ], [ 20.25266002, 50.38120507 ], [ 20.49275906, 50.21417542 ], [ 20.86041294, 50.25534224 ], [ 20.98979209, 50.46372738 ], [ 20.74991111, 50.63119404 ], [ 20.38042173, 50.58983673 ] ] ] } },
{ "type": "Feature", "properties": { "id": 188 }, "geometry": { "type": "Polygon", "coordinates": [ [ [ 19.9191329, 52.070632 ], [ 19.79007601, 51.8659888 ], [ 20.03628203, 51.70374321 ], [ 20.41137165, 51.74569035 ], [ 20.542142, 51.95008399 ], [ 20.29612099, 52.11278198 ], [ 19.9191329, 52.070632 ] ] ] } },
{ "type": "Feature", "properties": { "id": 189 }, "geometry": { "type": "Polygon", "coordinates": [ [ [ 20.31109755, 52.68000678 ], [ 20.17963763, 52.47764517 ], [ 20.42723671, 52.31616225 ], [ 20.80608218, 52.35658392 ], [ 20.93926391, 52.55868184 ], [ 20.69189059, 52.72062369 ], [ 20.31109755, 52.68000678 ] ] ] } },
{ "type": "Feature", "properties": { "id": 190 }, "geometry": { "type": "Polygon", "coordinates": [ [ [ 18.41318744, 54.68225996 ], [ 18.2838708, 54.48454826 ], [ 18.54318034, 54.33275946 ], [ 18.9317696, 54.37819803 ], [ 19.06302956, 54.5756619 ], [ 18.80376942, 54.72793725 ], [ 18.41318744, 54.68225996 ] ] ] } },
{ "type": "Feature", "properties": { "id": 191 }, "geometry": { "type": "Polygon", "coordinates": [ [ [ 16.64523844, 52.97633229 ], [ 16.52514859, 52.77163656 ], [ 16.78090659, 52.619165 ], [ 17.15688748, 52.67093314 ], [ 17.27891043, 52.87544203 ], [ 17.02303001, 53.02837196 ], [ 16.64523844, 52.97633229 ] ] ] } },
{ "type": "Feature", "properties": { "id": 192 }, "geometry": { "type": "Polygon", "coordinates": [ [ [ 16.14964736, 52.71795038 ], [ 16.03168743, 52.51207619 ], [ 16.28727725, 52.36005782 ], [ 16.6610054, 52.41346283 ], [ 16.78090659, 52.619165 ], [ 16.52514859, 52.77163656 ], [ 16.14964736, 52.71795038 ] ] ] } },
{ "type": "Feature", "properties": { "id": 193 }, "geometry": { "type": "Polygon", "coordinates": [ [ [ 16.91516848, 52.25971214 ], [ 16.7954598, 52.05300853 ], [ 17.04804439, 51.89798635 ], [ 17.42044306, 51.94921901 ], [ 17.54203131, 52.15573806 ], [ 17.28935175, 52.31121129 ], [ 16.91516848, 52.25971214 ] ] ] } },
{ "type": "Feature", "properties": { "id": 194 }, "geometry": { "type": "Polygon", "coordinates": [ [ [ 16.22958787, 54.03400661 ], [ 16.10895676, 53.83235594 ], [ 16.3696003, 53.6837637 ], [ 16.75105263, 53.73635418 ], [ 16.87370069, 53.93781378 ], [ 16.61289038, 54.08687641 ], [ 16.22958787, 54.03400661 ] ] ] } },
{ "type": "Feature", "properties": { "id": 195 }, "geometry": { "type": "Polygon", "coordinates": [ [ [ 16.08808424, 54.38192145 ], [ 15.96728153, 54.18129303 ], [ 16.22958787, 54.03400661 ], [ 16.61289038, 54.08687641 ], [ 16.73573898, 54.28731216 ], [ 16.47325019, 54.43507326 ], [ 16.08808424, 54.38192145 ] ] ] } },
{ "type": "Feature", "properties": { "id": 196 }, "geometry": { "type": "Polygon", "coordinates": [ [ [ 15.58456386, 54.12645786 ], [ 15.4659859, 53.92462975 ], [ 15.72806188, 53.77781173 ], [ 16.10895676, 53.83235594 ], [ 16.22958787, 54.03400661 ], [ 15.96728153, 54.18129303 ], [ 15.58456386, 54.12645786 ] ] ] } },
{ "type": "Feature", "properties": { "id": 197 }, "geometry": { "type": "Polygon", "coordinates": [ [ [ 15.58456386, 54.12645786 ], [ 15.4659859, 53.92462975 ], [ 15.72806188, 53.77781173 ], [ 16.10895676, 53.83235594 ], [ 16.22958787, 54.03400661 ], [ 15.96728153, 54.18129303 ], [ 15.58456386, 54.12645786 ] ] ] } },
{ "type": "Feature", "properties": { "id": 198 }, "geometry": { "type": "Polygon", "coordinates": [ [ [ 15.87006076, 53.42683839 ], [ 15.75178251, 53.22297914 ], [ 16.01058216, 53.07354772 ], [ 16.38786885, 53.12751747 ], [ 16.50814335, 53.33120219 ], [ 16.24914532, 53.48109414 ], [ 15.87006076, 53.42683839 ] ] ] } },
{ "type": "Feature", "properties": { "id": 199 }, "geometry": { "type": "Polygon", "coordinates": [ [ [ 16.3696003, 53.6837637 ], [ 16.24914532, 53.48109414 ], [ 16.50814335, 53.33120219 ], [ 16.88775872, 53.38351596 ], [ 17.01020221, 53.58599597 ], [ 16.75105263, 53.73635418 ], [ 16.3696003, 53.6837637 ] ] ] } },
{ "type": "Feature", "properties": { "id": 200 }, "geometry": { "type": "Polygon", "coordinates": [ [ [ 17.54203131, 52.15573806 ], [ 17.42044306, 51.94921901 ], [ 17.67154726, 51.79248577 ], [ 18.04428684, 51.84182204 ], [ 18.1677186, 52.04814314 ], [ 17.91657797, 52.20532813 ], [ 17.54203131, 52.15573806 ] ] ] } },
{ "type": "Feature", "properties": { "id": 201 }, "geometry": { "type": "Polygon", "coordinates": [ [ [ 17.54203131, 52.15573806 ], [ 17.42044306, 51.94921901 ], [ 17.67154726, 51.79248577 ], [ 18.04428684, 51.84182204 ], [ 18.1677186, 52.04814314 ], [ 17.91657797, 52.20532813 ], [ 17.54203131, 52.15573806 ] ] ] } },
{ "type": "Feature", "properties": { "id": 202 }, "geometry": { "type": "Polygon", "coordinates": [ [ [ 17.41115904, 52.51672781 ], [ 17.28935175, 52.31121129 ], [ 17.54203131, 52.15573806 ], [ 17.91657797, 52.20532813 ], [ 18.04025499, 52.41064565 ], [ 17.78752643, 52.56657433 ], [ 17.41115904, 52.51672781 ] ] ] } },
{ "type": "Feature", "properties": { "id": 203 }, "geometry": { "type": "Polygon", "coordinates": [ [ [ 18.28796724, 53.37932209 ], [ 18.1616598, 53.17726092 ], [ 18.41600754, 53.02213256 ], [ 18.7966396, 53.06859968 ], [ 18.92482003, 53.27043216 ], [ 18.6705071, 53.4260284 ], [ 18.28796724, 53.37932209 ] ] ] } },
{ "type": "Feature", "properties": { "id": 204 }, "geometry": { "type": "Polygon", "coordinates": [ [ [ 16.59629515, 54.63448211 ], [ 16.47325019, 54.43507326 ], [ 16.73573898, 54.28731216 ], [ 17.12141727, 54.33848164 ], [ 17.24649942, 54.53768274 ], [ 16.98387753, 54.68592455 ], [ 16.59629515, 54.63448211 ] ] ] } },
{ "type": "Feature", "properties": { "id": 205 }, "geometry": { "type": "Polygon", "coordinates": [ [ [ 18.79897549, 53.62683592 ], [ 18.6705071, 53.4260284 ], [ 18.92482003, 53.27043216 ], [ 19.30752839, 53.31517383 ], [ 19.43785596, 53.51573872 ], [ 19.18362806, 53.67180671 ], [ 18.79897549, 53.62683592 ] ] ] } },
{ "type": "Feature", "properties": { "id": 206 }, "geometry": { "type": "Polygon", "coordinates": [ [ [ 19.43785596, 53.51573872 ], [ 19.30752839, 53.31517383 ], [ 19.56011609, 53.15785495 ], [ 19.94289678, 53.20063257 ], [ 20.07504119, 53.40094272 ], [ 19.82260038, 53.55873203 ], [ 19.43785596, 53.51573872 ] ] ] } },
{ "type": "Feature", "properties": { "id": 207 }, "geometry": { "type": "Polygon", "coordinates": [ [ [ 18.92482003, 53.27043216 ], [ 18.7966396, 53.06859968 ], [ 19.04932343, 52.9117479 ], [ 19.4301035, 52.9562636 ], [ 19.56011609, 53.15785495 ], [ 19.30752839, 53.31517383 ], [ 18.92482003, 53.27043216 ] ] ] } },
{ "type": "Feature", "properties": { "id": 208 }, "geometry": { "type": "Polygon", "coordinates": [ [ [ 18.41600754, 53.02213256 ], [ 18.28996349, 52.819052 ], [ 18.54269388, 52.66266371 ], [ 18.92143332, 52.70889464 ], [ 19.04932343, 52.9117479 ], [ 18.7966396, 53.06859968 ], [ 18.41600754, 53.02213256 ] ] ] } },
{ "type": "Feature", "properties": { "id": 209 }, "geometry": { "type": "Polygon", "coordinates": [ [ [ 19.04932343, 52.9117479 ], [ 18.92143332, 52.70889464 ], [ 19.17250585, 52.55079476 ], [ 19.55137342, 52.5950876 ], [ 19.68106916, 52.7977011 ], [ 19.4301035, 52.9562636 ], [ 19.04932343, 52.9117479 ] ] ] } },
{ "type": "Feature", "properties": { "id": 210 }, "geometry": { "type": "Polygon", "coordinates": [ [ [ 18.92482003, 53.27043216 ], [ 18.7966396, 53.06859968 ], [ 19.04932343, 52.9117479 ], [ 19.4301035, 52.9562636 ], [ 19.56011609, 53.15785495 ], [ 19.30752839, 53.31517383 ], [ 18.92482003, 53.27043216 ] ] ] } },
{ "type": "Feature", "properties": { "id": 211 }, "geometry": { "type": "Polygon", "coordinates": [ [ [ 18.54269388, 52.66266371 ], [ 18.41691593, 52.45856826 ], [ 18.6680464, 52.30092764 ], [ 19.0449083, 52.34692533 ], [ 19.17250585, 52.55079476 ], [ 18.92143332, 52.70889464 ], [ 18.54269388, 52.66266371 ] ] ] } },
{ "type": "Feature", "properties": { "id": 212 }, "geometry": { "type": "Polygon", "coordinates": [ [ [ 18.54269388, 52.66266371 ], [ 18.41691593, 52.45856826 ], [ 18.6680464, 52.30092764 ], [ 19.0449083, 52.34692533 ], [ 19.17250585, 52.55079476 ], [ 18.92143332, 52.70889464 ], [ 18.54269388, 52.66266371 ] ] ] } },
{ "type": "Feature", "properties": { "id": 213 }, "geometry": { "type": "Polygon", "coordinates": [ [ [ 19.04932343, 52.9117479 ], [ 18.92143332, 52.70889464 ], [ 19.17250585, 52.55079476 ], [ 19.55137342, 52.5950876 ], [ 19.68106916, 52.7977011 ], [ 19.4301035, 52.9562636 ], [ 19.04932343, 52.9117479 ] ] ] } },
{ "type": "Feature", "properties": { "id": 214 }, "geometry": { "type": "Polygon", "coordinates": [ [ [ 21.78239484, 51.69827848 ], [ 21.64832272, 51.49441923 ], [ 21.88915068, 51.32724539 ], [ 22.26370877, 51.36348889 ], [ 22.39936768, 51.56706395 ], [ 22.15889395, 51.73468137 ], [ 21.78239484, 51.69827848 ] ] ] } },
{ "type": "Feature", "properties": { "id": 215 }, "geometry": { "type": "Polygon", "coordinates": [ [ [ 21.5972647, 50.33415374 ], [ 21.4663077, 50.12602715 ], [ 21.7029406, 49.95580621 ], [ 22.07021794, 49.99328231 ], [ 22.20271249, 50.20113862 ], [ 21.96640364, 50.37179076 ], [ 21.5972647, 50.33415374 ] ] ] } },
{ "type": "Feature", "properties": { "id": 216 }, "geometry": { "type": "Polygon", "coordinates": [ [ [ 22.80601108, 50.06470692 ], [ 22.6720199, 49.85713231 ], [ 22.90501828, 49.68379155 ], [ 23.27159254, 49.71760379 ], [ 23.40703884, 49.9248856 ], [ 23.17446747, 50.09864947 ], [ 22.80601108, 50.06470692 ] ] ] } },
{ "type": "Feature", "properties": { "id": 229 }, "geometry": { "type": "Polygon", "coordinates": [ [ [ 15.87006076, 53.42683839 ], [ 15.75178251, 53.22297914 ], [ 16.01058216, 53.07354772 ], [ 16.38786885, 53.12751747 ], [ 16.50814335, 53.33120219 ], [ 16.24914532, 53.48109414 ], [ 15.87006076, 53.42683839 ] ] ] } },
{ "type": "Feature", "properties": { "id": 230 }, "geometry": { "type": "Polygon", "coordinates": [ [ [ 19.39323367, 50.08368201 ], [ 19.26938383, 49.87264466 ], [ 19.5097833, 49.70648485 ], [ 19.87391527, 49.75093017 ], [ 19.99941231, 49.96174676 ], [ 19.75914075, 50.12834071 ], [ 19.39323367, 50.08368201 ] ] ] } },
{ "type": "Feature", "properties": { "id": 231 }, "geometry": { "type": "Polygon", "coordinates": [ [ [ 19.99941231, 49.96174676 ], [ 19.87391527, 49.75093017 ], [ 20.11270937, 49.58316251 ], [ 20.47683058, 49.62578075 ], [ 20.60393761, 49.83636388 ], [ 20.36532418, 50.00456407 ], [ 19.99941231, 49.96174676 ] ] ] } },
{ "type": "Feature", "properties": { "id": 232 }, "geometry": { "type": "Polygon", "coordinates": [ [ [ 20.49275906, 50.21417542 ], [ 20.36532418, 50.00456407 ], [ 20.60393761, 49.83636388 ], [ 20.96977137, 49.87734323 ], [ 21.09880077, 50.08670845 ], [ 20.86041294, 50.25534224 ], [ 20.49275906, 50.21417542 ] ] ] } },
{ "type": "Feature", "properties": { "id": 233 }, "geometry": { "type": "Polygon", "coordinates": [ [ [ 21.5972647, 50.33415374 ], [ 21.4663077, 50.12602715 ], [ 21.7029406, 49.95580621 ], [ 22.07021794, 49.99328231 ], [ 22.20271249, 50.20113862 ], [ 21.96640364, 50.37179076 ], [ 21.5972647, 50.33415374 ] ] ] } },
{ "type": "Feature", "properties": { "id": 234 }, "geometry": { "type": "Polygon", "coordinates": [ [ [ 21.5972647, 50.33415374 ], [ 21.4663077, 50.12602715 ], [ 21.7029406, 49.95580621 ], [ 22.07021794, 49.99328231 ], [ 22.20271249, 50.20113862 ], [ 21.96640364, 50.37179076 ], [ 21.5972647, 50.33415374 ] ] ] } },
{ "type": "Feature", "properties": { "id": 235 }, "geometry": { "type": "Polygon", "coordinates": [ [ [ 21.5972647, 50.33415374 ], [ 21.4663077, 50.12602715 ], [ 21.7029406, 49.95580621 ], [ 22.07021794, 49.99328231 ], [ 22.20271249, 50.20113862 ], [ 21.96640364, 50.37179076 ], [ 21.5972647, 50.33415374 ] ] ] } },
{ "type": "Feature", "properties": { "id": 236 }, "geometry": { "type": "Polygon", "coordinates": [ [ [ 21.7029406, 49.95580621 ], [ 21.57235582, 49.74669919 ], [ 21.80752148, 49.57533662 ], [ 22.17295347, 49.61265505 ], [ 22.30505381, 49.82149208 ], [ 22.07021794, 49.99328231 ], [ 21.7029406, 49.95580621 ] ] ] } },
{ "type": "Feature", "properties": { "id": 237 }, "geometry": { "type": "Polygon", "coordinates": [ [ [ 22.30505381, 49.82149208 ], [ 22.17295347, 49.61265505 ], [ 22.40633264, 49.43973814 ], [ 22.77144282, 49.47523597 ], [ 22.90501828, 49.68379155 ], [ 22.6720199, 49.85713231 ], [ 22.30505381, 49.82149208 ] ] ] } },
{ "type": "Feature", "properties": { "id": 238 }, "geometry": { "type": "Polygon", "coordinates": [ [ [ 21.80752148, 49.57533662 ], [ 21.67730912, 49.36525738 ], [ 21.91102359, 49.19276478 ], [ 22.27462632, 49.22992873 ], [ 22.40633264, 49.43973814 ], [ 22.17295347, 49.61265505 ], [ 21.80752148, 49.57533662 ] ] ] } },
{ "type": "Feature", "properties": { "id": 239 }, "geometry": { "type": "Polygon", "coordinates": [ [ [ 21.7029406, 49.95580621 ], [ 21.57235582, 49.74669919 ], [ 21.80752148, 49.57533662 ], [ 22.17295347, 49.61265505 ], [ 22.30505381, 49.82149208 ], [ 22.07021794, 49.99328231 ], [ 21.7029406, 49.95580621 ] ] ] } },
{ "type": "Feature", "properties": { "id": 240 }, "geometry": { "type": "Polygon", "coordinates": [ [ [ 22.20271249, 50.20113862 ], [ 22.07021794, 49.99328231 ], [ 22.30505381, 49.82149208 ], [ 22.6720199, 49.85713231 ], [ 22.80601108, 50.06470692 ], [ 22.57155115, 50.23692458 ], [ 22.20271249, 50.20113862 ] ] ] } },
{ "type": "Feature", "properties": { "id": 241 }, "geometry": { "type": "Polygon", "coordinates": [ [ [ 23.01406227, 51.43234051 ], [ 22.87686024, 51.22906053 ], [ 23.11387916, 51.05868721 ], [ 23.48764963, 51.09116066 ], [ 23.62635052, 51.29413503 ], [ 23.38979455, 51.46494306 ], [ 23.01406227, 51.43234051 ] ] ] } },
{ "type": "Feature", "properties": { "id": 242 }, "geometry": { "type": "Polygon", "coordinates": [ [ [ 19.8849427, 50.33818581 ], [ 19.75914075, 50.12834071 ], [ 19.99941231, 49.96174676 ], [ 20.36532418, 50.00456407 ], [ 20.49275906, 50.21417542 ], [ 20.25266002, 50.38120507 ], [ 19.8849427, 50.33818581 ] ] ] } },
{ "type": "Feature", "properties": { "id": 243 }, "geometry": { "type": "Polygon", "coordinates": [ [ [ 17.43855404, 50.79931026 ], [ 17.31965089, 50.58865945 ], [ 17.56608205, 50.42863592 ], [ 17.93147113, 50.47882712 ], [ 18.0521522, 50.68929644 ], [ 17.80567631, 50.84975822 ], [ 17.43855404, 50.79931026 ] ] ] } },
{ "type": "Feature", "properties": { "id": 244 }, "geometry": { "type": "Polygon", "coordinates": [ [ [ 17.56608205, 50.42863592 ], [ 17.44738844, 50.21701519 ], [ 17.69232038, 50.05576458 ], [ 18.05598895, 50.10570138 ], [ 18.17643615, 50.31714106 ], [ 17.93147113, 50.47882712 ], [ 17.56608205, 50.42863592 ] ] ] } },
{ "type": "Feature", "properties": { "id": 217 }, "geometry": { "type": "Polygon", "coordinates": [ [ [ 21.7029406, 49.95580621 ], [ 21.57235582, 49.74669919 ], [ 21.80752148, 49.57533662 ], [ 22.17295347, 49.61265505 ], [ 22.30505381, 49.82149208 ], [ 22.07021794, 49.99328231 ], [ 21.7029406, 49.95580621 ] ] ] } },
{ "type": "Feature", "properties": { "id": 218 }, "geometry": { "type": "Polygon", "coordinates": [ [ [ 17.41115904, 52.51672781 ], [ 17.28935175, 52.31121129 ], [ 17.54203131, 52.15573806 ], [ 17.91657797, 52.20532813 ], [ 18.04025499, 52.41064565 ], [ 17.78752643, 52.56657433 ], [ 17.41115904, 52.51672781 ] ] ] } },
{ "type": "Feature", "properties": { "id": 219 }, "geometry": { "type": "Polygon", "coordinates": [ [ [ 21.38256129, 51.08440803 ], [ 21.25086074, 50.87826503 ], [ 21.49047722, 50.71036033 ], [ 21.8614942, 50.74816153 ], [ 21.99477755, 50.95403319 ], [ 21.7554729, 51.1223767 ], [ 21.38256129, 51.08440803 ] ] ] } },
{ "type": "Feature", "properties": { "id": 220 }, "geometry": { "type": "Polygon", "coordinates": [ [ [ 21.38256129, 51.08440803 ], [ 21.25086074, 50.87826503 ], [ 21.49047722, 50.71036033 ], [ 21.8614942, 50.74816153 ], [ 21.99477755, 50.95403319 ], [ 21.7554729, 51.1223767 ], [ 21.38256129, 51.08440803 ] ] ] } },
{ "type": "Feature", "properties": { "id": 221 }, "geometry": { "type": "Polygon", "coordinates": [ [ [ 21.49047722, 50.71036033 ], [ 21.35914827, 50.50322191 ], [ 21.5972647, 50.33415374 ], [ 21.96640364, 50.37179076 ], [ 22.09929256, 50.57865844 ], [ 21.8614942, 50.74816153 ], [ 21.49047722, 50.71036033 ] ] ] } },
{ "type": "Feature", "properties": { "id": 222 }, "geometry": { "type": "Polygon", "coordinates": [ [ [ 20.87963932, 50.83859151 ], [ 20.74991111, 50.63119404 ], [ 20.98979209, 50.46372738 ], [ 21.35914827, 50.50322191 ], [ 21.49047722, 50.71036033 ], [ 21.25086074, 50.87826503 ], [ 20.87963932, 50.83859151 ] ] ] } },
{ "type": "Feature", "properties": { "id": 223 }, "geometry": { "type": "Polygon", "coordinates": [ [ [ 21.09880077, 50.08670845 ], [ 20.96977137, 49.87734323 ], [ 21.20668231, 49.7075532 ], [ 21.57235582, 49.74669919 ], [ 21.7029406, 49.95580621 ], [ 21.4663077, 50.12602715 ], [ 21.09880077, 50.08670845 ] ] ] } },
{ "type": "Feature", "properties": { "id": 224 }, "geometry": { "type": "Polygon", "coordinates": [ [ [ 21.20668231, 49.7075532 ], [ 21.07800327, 49.49721595 ], [ 21.31345336, 49.326281 ], [ 21.67730912, 49.36525738 ], [ 21.80752148, 49.57533662 ], [ 21.57235582, 49.74669919 ], [ 21.20668231, 49.7075532 ] ] ] } },
{ "type": "Feature", "properties": { "id": 225 }, "geometry": { "type": "Polygon", "coordinates": [ [ [ 20.98979209, 50.46372738 ], [ 20.86041294, 50.25534224 ], [ 21.09880077, 50.08670845 ], [ 21.4663077, 50.12602715 ], [ 21.5972647, 50.33415374 ], [ 21.35914827, 50.50322191 ], [ 20.98979209, 50.46372738 ] ] ] } },
{ "type": "Feature", "properties": { "id": 226 }, "geometry": { "type": "Polygon", "coordinates": [ [ [ 21.20668231, 49.7075532 ], [ 21.07800327, 49.49721595 ], [ 21.31345336, 49.326281 ], [ 21.67730912, 49.36525738 ], [ 21.80752148, 49.57533662 ], [ 21.57235582, 49.74669919 ], [ 21.20668231, 49.7075532 ] ] ] } },
{ "type": "Feature", "properties": { "id": 227 }, "geometry": { "type": "Polygon", "coordinates": [ [ [ 15.37509537, 53.16708456 ], [ 15.25897669, 52.96205626 ], [ 15.51753251, 52.81307941 ], [ 15.89246083, 52.86867877 ], [ 16.01058216, 53.07354772 ], [ 15.75178251, 53.22297914 ], [ 15.37509537, 53.16708456 ] ] ] } },
{ "type": "Feature", "properties": { "id": 228 }, "geometry": { "type": "Polygon", "coordinates": [ [ [ 22.80601108, 50.06470692 ], [ 22.6720199, 49.85713231 ], [ 22.90501828, 49.68379155 ], [ 23.27159254, 49.71760379 ], [ 23.40703884, 49.9248856 ], [ 23.17446747, 50.09864947 ], [ 22.80601108, 50.06470692 ] ] ] } },
{ "type": "Feature", "properties": { "id": 245 }, "geometry": { "type": "Polygon", "coordinates": [ [ [ 16.95460386, 50.53662533 ], [ 16.83769737, 50.32483728 ], [ 17.0840411, 50.16524846 ], [ 17.44738844, 50.21701519 ], [ 17.56608205, 50.42863592 ], [ 17.31965089, 50.58865945 ], [ 16.95460386, 50.53662533 ] ] ] } },
{ "type": "Feature", "properties": { "id": 246 }, "geometry": { "type": "Polygon", "coordinates": [ [ [ 17.92658856, 51.05924983 ], [ 17.80567631, 50.84975822 ], [ 18.0521522, 50.68929644 ], [ 18.41955166, 50.73788683 ], [ 18.54223144, 50.94718294 ], [ 18.29575461, 51.10808629 ], [ 17.92658856, 51.05924983 ] ] ] } },
{ "type": "Feature", "properties": { "id": 247 }, "geometry": { "type": "Polygon", "coordinates": [ [ [ 17.56608205, 50.42863592 ], [ 17.44738844, 50.21701519 ], [ 17.69232038, 50.05576458 ], [ 18.05598895, 50.10570138 ], [ 18.17643615, 50.31714106 ], [ 17.93147113, 50.47882712 ], [ 17.56608205, 50.42863592 ] ] ] } },
{ "type": "Feature", "properties": { "id": 248 }, "geometry": { "type": "Polygon", "coordinates": [ [ [ 18.78553113, 50.20215196 ], [ 18.66336487, 49.99090683 ], [ 18.90532336, 49.82636977 ], [ 19.26938383, 49.87264466 ], [ 19.39323367, 50.08368201 ], [ 19.15134983, 50.24865424 ], [ 18.78553113, 50.20215196 ] ] ] } },
{ "type": "Feature", "properties": { "id": 249 }, "geometry": { "type": "Polygon", "coordinates": [ [ [ 17.56608205, 50.42863592 ], [ 17.44738844, 50.21701519 ], [ 17.69232038, 50.05576458 ], [ 18.05598895, 50.10570138 ], [ 18.17643615, 50.31714106 ], [ 17.93147113, 50.47882712 ], [ 17.56608205, 50.42863592 ] ] ] } },
{ "type": "Feature", "properties": { "id": 250 }, "geometry": { "type": "Polygon", "coordinates": [ [ [ 18.0521522, 50.68929644 ], [ 17.93147113, 50.47882712 ], [ 18.17643615, 50.31714106 ], [ 18.54208233, 50.36548791 ], [ 18.66450649, 50.57576227 ], [ 18.41955166, 50.73788683 ], [ 18.0521522, 50.68929644 ] ] ] } },
{ "type": "Feature", "properties": { "id": 251 }, "geometry": { "type": "Polygon", "coordinates": [ [ [ 17.56608205, 50.42863592 ], [ 17.44738844, 50.21701519 ], [ 17.69232038, 50.05576458 ], [ 18.05598895, 50.10570138 ], [ 18.17643615, 50.31714106 ], [ 17.93147113, 50.47882712 ], [ 17.56608205, 50.42863592 ] ] ] } },
{ "type": "Feature", "properties": { "id": 252 }, "geometry": { "type": "Polygon", "coordinates": [ [ [ 14.25134663, 52.99236169 ], [ 14.13940855, 52.78605562 ], [ 14.39892545, 52.63928276 ], [ 14.77073743, 52.69837346 ], [ 14.88471445, 52.90454984 ], [ 14.62484978, 53.05176778 ], [ 14.25134663, 52.99236169 ] ] ] } },
{ "type": "Feature", "properties": { "id": 253 }, "geometry": { "type": "Polygon", "coordinates": [ [ [ 14.73893306, 53.25694132 ], [ 14.62484978, 53.05176778 ], [ 14.88471445, 52.90454984 ], [ 15.25897669, 52.96205626 ], [ 15.37509537, 53.16708456 ], [ 15.11492606, 53.31475422 ], [ 14.73893306, 53.25694132 ] ] ] } },
{ "type": "Feature", "properties": { "id": 254 }, "geometry": { "type": "Polygon", "coordinates": [ [ [ 15.23117372, 53.51877413 ], [ 15.11492606, 53.31475422 ], [ 15.37509537, 53.16708456 ], [ 15.75178251, 53.22297914 ], [ 15.87006076, 53.42683839 ], [ 15.60963136, 53.57496623 ], [ 15.23117372, 53.51877413 ] ] ] } },
{ "type": "Feature", "properties": { "id": 255 }, "geometry": { "type": "Polygon", "coordinates": [ [ [ 15.08574607, 53.86813781 ], [ 14.96937456, 53.66513025 ], [ 15.23117372, 53.51877413 ], [ 15.60963136, 53.57496623 ], [ 15.72806188, 53.77781173 ], [ 15.4659859, 53.92462975 ], [ 15.08574607, 53.86813781 ] ] ] } },
{ "type": "Feature", "properties": { "id": 256 }, "geometry": { "type": "Polygon", "coordinates": [ [ [ 14.54500874, 52.28389323 ], [ 14.43324436, 52.07559799 ], [ 14.68961726, 51.9262051 ], [ 15.0580776, 51.98467079 ], [ 15.17182662, 52.19283843 ], [ 14.91513979, 52.34267047 ], [ 14.54500874, 52.28389323 ] ] ] } },
{ "type": "Feature", "properties": { "id": 257 }, "geometry": { "type": "Polygon", "coordinates": [ [ [ 14.68961726, 51.9262051 ], [ 14.57794778, 51.71692317 ], [ 14.83277142, 51.56623118 ], [ 15.19957129, 51.62438719 ], [ 15.31319893, 51.83354241 ], [ 15.0580776, 51.98467079 ], [ 14.68961726, 51.9262051 ] ] ] } },
{ "type": "Feature", "properties": { "id": 258 }, "geometry": { "type": "Polygon", "coordinates": [ [ [ 15.31319893, 51.83354241 ], [ 15.19957129, 51.62438719 ], [ 15.45314249, 51.47197015 ], [ 15.82059112, 51.52827144 ], [ 15.93614617, 51.73728558 ], [ 15.68233455, 51.89014192 ], [ 15.31319893, 51.83354241 ] ] ] } },
{ "type": "Feature", "properties": { "id": 259 }, "geometry": { "type": "Polygon", "coordinates": [ [ [ 15.31319893, 51.83354241 ], [ 15.19957129, 51.62438719 ], [ 15.45314249, 51.47197015 ], [ 15.82059112, 51.52827144 ], [ 15.93614617, 51.73728558 ], [ 15.68233455, 51.89014192 ], [ 15.31319893, 51.83354241 ] ] ] } },
{ "type": "Feature", "properties": { "id": 260 }, "geometry": { "type": "Polygon", "coordinates": [ [ [ 15.79803733, 52.09816761 ], [ 15.68233455, 51.89014192 ], [ 15.93614617, 51.73728558 ], [ 16.30586804, 51.7920127 ], [ 16.42349238, 51.99988232 ], [ 16.16948304, 52.15318327 ], [ 15.79803733, 52.09816761 ] ] ] } },
{ "type": "Feature", "properties": { "id": 261 }, "geometry": { "type": "Polygon", "coordinates": [ [ [ 15.02900533, 52.54984503 ], [ 14.91513979, 52.34267047 ], [ 15.17182662, 52.19283843 ], [ 15.54266017, 52.24973818 ], [ 15.65850624, 52.45676979 ], [ 15.40154775, 52.60704707 ], [ 15.02900533, 52.54984503 ] ] ] } },
{ "type": "Feature", "properties": { "id": 262 }, "geometry": { "type": "Polygon", "coordinates": [ [ [ 15.02900533, 52.54984503 ], [ 14.91513979, 52.34267047 ], [ 15.17182662, 52.19283843 ], [ 15.54266017, 52.24973818 ], [ 15.65850624, 52.45676979 ], [ 15.40154775, 52.60704707 ], [ 15.02900533, 52.54984503 ] ] ] } },
{ "type": "Feature", "properties": { "id": 263 }, "geometry": { "type": "Polygon", "coordinates": [ [ [ 15.37509537, 53.16708456 ], [ 15.25897669, 52.96205626 ], [ 15.51753251, 52.81307941 ], [ 15.89246083, 52.86867877 ], [ 16.01058216, 53.07354772 ], [ 15.75178251, 53.22297914 ], [ 15.37509537, 53.16708456 ] ] ] } },
{ "type": "Feature", "properties": { "id": 264 }, "geometry": { "type": "Polygon", "coordinates": [ [ [ 14.88471445, 52.90454984 ], [ 14.77073743, 52.69837346 ], [ 15.02900533, 52.54984503 ], [ 15.40154775, 52.60704707 ], [ 15.51753251, 52.81307941 ], [ 15.25897669, 52.96205626 ], [ 14.88471445, 52.90454984 ] ] ] } },
{ "type": "Feature", "properties": { "id": 265 }, "geometry": { "type": "Polygon", "coordinates": [ [ [ 19.76928318, 50.71246111 ], [ 19.64317775, 50.50359525 ], [ 19.8849427, 50.33818581 ], [ 20.25266002, 50.38120507 ], [ 20.38042173, 50.58983673 ], [ 20.13882086, 50.75568522 ], [ 19.76928318, 50.71246111 ] ] ] } },
{ "type": "Feature", "properties": { "id": 266 }, "geometry": { "type": "Polygon", "coordinates": [ [ [ 23.11387916, 51.05868721 ], [ 22.97711731, 50.85439613 ], [ 23.21263681, 50.6828819 ], [ 23.58446366, 50.7152299 ], [ 23.72270231, 50.91921611 ], [ 23.48764963, 51.09116066 ], [ 23.11387916, 51.05868721 ] ] ] } },
{ "type": "Feature", "properties": { "id": 267 }, "geometry": { "type": "Polygon", "coordinates": [ [ [ 19.99941231, 49.96174676 ], [ 19.87391527, 49.75093017 ], [ 20.11270937, 49.58316251 ], [ 20.47683058, 49.62578075 ], [ 20.60393761, 49.83636388 ], [ 20.36532418, 50.00456407 ], [ 19.99941231, 49.96174676 ] ] ] } },
{ "type": "Feature", "properties": { "id": 268 }, "geometry": { "type": "Polygon", "coordinates": [ [ [ 20.60393761, 49.83636388 ], [ 20.47683058, 49.62578075 ], [ 20.71397438, 49.45642108 ], [ 21.07800327, 49.49721595 ], [ 21.20668231, 49.7075532 ], [ 20.96977137, 49.87734323 ], [ 20.60393761, 49.83636388 ] ] ] } },
{ "type": "Feature", "properties": { "id": 269 }, "geometry": { "type": "Polygon", "coordinates": [ [ [ 20.49275906, 50.21417542 ], [ 20.36532418, 50.00456407 ], [ 20.60393761, 49.83636388 ], [ 20.96977137, 49.87734323 ], [ 21.09880077, 50.08670845 ], [ 20.86041294, 50.25534224 ], [ 20.49275906, 50.21417542 ] ] ] } },
{ "type": "Feature", "properties": { "id": 270 }, "geometry": { "type": "Polygon", "coordinates": [ [ [ 18.04025499, 52.41064565 ], [ 17.91657797, 52.20532813 ], [ 18.1677186, 52.04814314 ], [ 18.54253715, 52.0958222 ], [ 18.6680464, 52.30092764 ], [ 18.41691593, 52.45856826 ], [ 18.04025499, 52.41064565 ] ] ] } },
{ "type": "Feature", "properties": { "id": 271 }, "geometry": { "type": "Polygon", "coordinates": [ [ [ 20.49275906, 50.21417542 ], [ 20.36532418, 50.00456407 ], [ 20.60393761, 49.83636388 ], [ 20.96977137, 49.87734323 ], [ 21.09880077, 50.08670845 ], [ 20.86041294, 50.25534224 ], [ 20.49275906, 50.21417542 ] ] ] } },
{ "type": "Feature", "properties": { "id": 272 }, "geometry": { "type": "Polygon", "coordinates": [ [ [ 21.20668231, 49.7075532 ], [ 21.07800327, 49.49721595 ], [ 21.31345336, 49.326281 ], [ 21.67730912, 49.36525738 ], [ 21.80752148, 49.57533662 ], [ 21.57235582, 49.74669919 ], [ 21.20668231, 49.7075532 ] ] ] } },
{ "type": "Feature", "properties": { "id": 273 }, "geometry": { "type": "Polygon", "coordinates": [ [ [ 23.01406227, 51.43234051 ], [ 22.87686024, 51.22906053 ], [ 23.11387916, 51.05868721 ], [ 23.48764963, 51.09116066 ], [ 23.62635052, 51.29413503 ], [ 23.38979455, 51.46494306 ], [ 23.01406227, 51.43234051 ] ] ] } },
{ "type": "Feature", "properties": { "id": 274 }, "geometry": { "type": "Polygon", "coordinates": [ [ [ 20.49275906, 50.21417542 ], [ 20.36532418, 50.00456407 ], [ 20.60393761, 49.83636388 ], [ 20.96977137, 49.87734323 ], [ 21.09880077, 50.08670845 ], [ 20.86041294, 50.25534224 ], [ 20.49275906, 50.21417542 ] ] ] } },
{ "type": "Feature", "properties": { "id": 275 }, "geometry": { "type": "Polygon", "coordinates": [ [ [ 20.60393761, 49.83636388 ], [ 20.47683058, 49.62578075 ], [ 20.71397438, 49.45642108 ], [ 21.07800327, 49.49721595 ], [ 21.20668231, 49.7075532 ], [ 20.96977137, 49.87734323 ], [ 20.60393761, 49.83636388 ] ] ] } },
{ "type": "Feature", "properties": { "id": 276 }, "geometry": { "type": "Polygon", "coordinates": [ [ [ 20.98979209, 50.46372738 ], [ 20.86041294, 50.25534224 ], [ 21.09880077, 50.08670845 ], [ 21.4663077, 50.12602715 ], [ 21.5972647, 50.33415374 ], [ 21.35914827, 50.50322191 ], [ 20.98979209, 50.46372738 ] ] ] } },
{ "type": "Feature", "properties": { "id": 278 }, "geometry": { "type": "Polygon", "coordinates": [ [ [ 13.79942434, 54.03762692 ], [ 13.68726872, 53.83433784 ], [ 13.95161771, 53.6915438 ], [ 14.32853377, 53.75158656 ], [ 14.44281315, 53.95474206 ], [ 14.17806211, 54.09799105 ], [ 13.79942434, 54.03762692 ] ] ] } },
{ "type": "Feature", "properties": { "id": 279 }, "geometry": { "type": "Polygon", "coordinates": [ [ [ 17.43855404, 50.79931026 ], [ 17.31965089, 50.58865945 ], [ 17.56608205, 50.42863592 ], [ 17.93147113, 50.47882712 ], [ 18.0521522, 50.68929644 ], [ 17.80567631, 50.84975822 ], [ 17.43855404, 50.79931026 ] ] ] } },
{ "type": "Feature", "properties": { "id": 280 }, "geometry": { "type": "Polygon", "coordinates": [ [ [ 19.18933346, 54.22465218 ], [ 19.05838207, 54.02615144 ], [ 19.3142686, 53.87134126 ], [ 19.70099342, 53.91455355 ], [ 19.83381631, 54.11279622 ], [ 19.57805548, 54.26808677 ], [ 19.18933346, 54.22465218 ] ] ] } },
{ "type": "Feature", "properties": { "id": 281 }, "geometry": { "type": "Polygon", "coordinates": [ [ [ 19.3142686, 53.87134126 ], [ 19.18362806, 53.67180671 ], [ 19.43785596, 53.51573872 ], [ 19.82260038, 53.55873203 ], [ 19.95508484, 53.75801024 ], [ 19.70099342, 53.91455355 ], [ 19.3142686, 53.87134126 ] ] ] } },
{ "type": "Feature", "properties": { "id": 277 }, "geometry": { "type": "Polygon", "coordinates": [ [ [ 21.86591799, 53.39583473 ], [ 21.72816858, 53.19739471 ], [ 21.97493692, 53.03452939 ], [ 22.35908673, 53.06964191 ], [ 22.49849923, 53.26778068 ], [ 22.25211207, 53.43110989 ], [ 21.86591799, 53.39583473 ] ] ] } },
{ "type": "Feature", "properties": { "id": 282 }, "geometry": { "type": "Polygon", "coordinates": [ [ [ 19.43785596, 53.51573872 ], [ 19.30752839, 53.31517383 ], [ 19.56011609, 53.15785495 ], [ 19.94289678, 53.20063257 ], [ 20.07504119, 53.40094272 ], [ 19.82260038, 53.55873203 ], [ 19.43785596, 53.51573872 ] ] ] } },
{ "type": "Feature", "properties": { "id": 283 }, "geometry": { "type": "Polygon", "coordinates": [ [ [ 19.43785596, 53.51573872 ], [ 19.30752839, 53.31517383 ], [ 19.56011609, 53.15785495 ], [ 19.94289678, 53.20063257 ], [ 20.07504119, 53.40094272 ], [ 19.82260038, 53.55873203 ], [ 19.43785596, 53.51573872 ] ] ] } },
{ "type": "Feature", "properties": { "id": 284 }, "geometry": { "type": "Polygon", "coordinates": [ [ [ 19.3142686, 53.87134126 ], [ 19.18362806, 53.67180671 ], [ 19.43785596, 53.51573872 ], [ 19.82260038, 53.55873203 ], [ 19.95508484, 53.75801024 ], [ 19.70099342, 53.91455355 ], [ 19.3142686, 53.87134126 ] ] ] } },
{ "type": "Feature", "properties": { "id": 285 }, "geometry": { "type": "Polygon", "coordinates": [ [ [ 20.07504119, 53.40094272 ], [ 19.94289678, 53.20063257 ], [ 20.19370551, 53.04160439 ], [ 20.57646306, 53.08241987 ], [ 20.71038096, 53.28246351 ], [ 20.45978035, 53.44196014 ], [ 20.07504119, 53.40094272 ] ] ] } },
{ "type": "Feature", "properties": { "id": 286 }, "geometry": { "type": "Polygon", "coordinates": [ [ [ 20.59406489, 53.64097024 ], [ 20.45978035, 53.44196014 ], [ 20.71038096, 53.28246351 ], [ 21.0950186, 53.32150796 ], [ 21.23105843, 53.52023854 ], [ 20.98071822, 53.68020609 ], [ 20.59406489, 53.64097024 ] ] ] } },
{ "type": "Feature", "properties": { "id": 287 }, "geometry": { "type": "Polygon", "coordinates": [ [ [ 21.11715015, 53.87789772 ], [ 20.98071822, 53.68020609 ], [ 21.23105843, 53.52023854 ], [ 21.61753007, 53.55749141 ], [ 21.7556976, 53.7548908 ], [ 21.50567113, 53.9153314 ], [ 21.11715015, 53.87789772 ] ] ] } },
{ "type": "Feature", "properties": { "id": 288 }, "geometry": { "type": "Polygon", "coordinates": [ [ [ 20.47647295, 53.99720585 ], [ 20.34182288, 53.799233 ], [ 20.59406489, 53.64097024 ], [ 20.98071822, 53.68020609 ], [ 21.11715015, 53.87789772 ], [ 20.86515995, 54.03663664 ], [ 20.47647295, 53.99720585 ] ] ] } },
{ "type": "Feature", "properties": { "id": 289 }, "geometry": { "type": "Polygon", "coordinates": [ [ [ 20.35758502, 54.35116007 ], [ 20.22257064, 54.15422777 ], [ 20.47647295, 53.99720585 ], [ 20.86515995, 54.03663664 ], [ 21.00198327, 54.23328591 ], [ 20.74832387, 54.39078937 ], [ 20.35758502, 54.35116007 ] ] ] } },
{ "type": "Feature", "properties": { "id": 290 }, "geometry": { "type": "Polygon", "coordinates": [ [ [ 19.71121506, 54.46529073 ], [ 19.57805548, 54.26808677 ], [ 19.83381631, 54.11279622 ], [ 20.22257064, 54.15422777 ], [ 20.35758502, 54.35116007 ], [ 20.10200326, 54.50693452 ], [ 19.71121506, 54.46529073 ] ] ] } },
{ "type": "Feature", "properties": { "id": 291 }, "geometry": { "type": "Polygon", "coordinates": [ [ [ 20.35758502, 54.35116007 ], [ 20.22257064, 54.15422777 ], [ 20.47647295, 53.99720585 ], [ 20.86515995, 54.03663664 ], [ 21.00198327, 54.23328591 ], [ 20.74832387, 54.39078937 ], [ 20.35758502, 54.35116007 ] ] ] } },
{ "type": "Feature", "properties": { "id": 292 }, "geometry": { "type": "Polygon", "coordinates": [ [ [ 21.00198327, 54.23328591 ], [ 20.86515995, 54.03663664 ], [ 21.11715015, 53.87789772 ], [ 21.50567113, 53.9153314 ], [ 21.64425659, 54.11168662 ], [ 21.39257235, 54.27090406 ], [ 21.00198327, 54.23328591 ] ] ] } },
{ "type": "Feature", "properties": { "id": 293 }, "geometry": { "type": "Polygon", "coordinates": [ [ [ 21.7556976, 53.7548908 ], [ 21.61753007, 53.55749141 ], [ 21.86591799, 53.39583473 ], [ 22.25211207, 53.43110989 ], [ 22.39196811, 53.62820637 ], [ 22.14395498, 53.79033234 ], [ 21.7556976, 53.7548908 ] ] ] } },
{ "type": "Feature", "properties": { "id": 294 }, "geometry": { "type": "Polygon", "coordinates": [ [ [ 22.28425488, 53.98638287 ], [ 22.14395498, 53.79033234 ], [ 22.39196811, 53.62820637 ], [ 22.77986553, 53.66166209 ], [ 22.92183139, 53.85739766 ], [ 22.67424761, 54.01999414 ], [ 22.28425488, 53.98638287 ] ] ] } },
{ "type": "Feature", "properties": { "id": 295 }, "geometry": { "type": "Polygon", "coordinates": [ [ [ 22.17534053, 54.34229962 ], [ 22.03459655, 54.14729831 ], [ 22.28425488, 53.98638287 ], [ 22.67424761, 54.01999414 ], [ 22.81668337, 54.21467861 ], [ 22.56744855, 54.37607034 ], [ 22.17534053, 54.34229962 ] ] ] } },
{ "type": "Feature", "properties": { "id": 296 }, "geometry": { "type": "Polygon", "coordinates": [ [ [ 21.53157544, 54.46621198 ], [ 21.39257235, 54.27090406 ], [ 21.64425659, 54.11168662 ], [ 22.03459655, 54.14729831 ], [ 22.17534053, 54.34229962 ], [ 21.92401744, 54.50199763 ], [ 21.53157544, 54.46621198 ] ] ] } },
{ "type": "Feature", "properties": { "id": 297 }, "geometry": { "type": "Polygon", "coordinates": [ [ [ 22.17534053, 54.34229962 ], [ 22.03459655, 54.14729831 ], [ 22.28425488, 53.98638287 ], [ 22.67424761, 54.01999414 ], [ 22.81668337, 54.21467861 ], [ 22.56744855, 54.37607034 ], [ 22.17534053, 54.34229962 ] ] ] } },
{ "type": "Feature", "properties": { "id": 298 }, "geometry": { "type": "Polygon", "coordinates": [ [ [ 21.64425659, 54.11168662 ], [ 21.50567113, 53.9153314 ], [ 21.7556976, 53.7548908 ], [ 22.14395498, 53.79033234 ], [ 22.28425488, 53.98638287 ], [ 22.03459655, 54.14729831 ], [ 21.64425659, 54.11168662 ] ] ] } },
{ "type": "Feature", "properties": { "id": 299 }, "geometry": { "type": "Polygon", "coordinates": [ [ [ 21.34372776, 53.160319 ], [ 21.20808064, 52.9605533 ], [ 21.45517738, 52.79815054 ], [ 21.83760574, 52.8350527 ], [ 21.97493692, 53.03452939 ], [ 21.72816858, 53.19739471 ], [ 21.34372776, 53.160319 ] ] ] } },
{ "type": "Feature", "properties": { "id": 300 }, "geometry": { "type": "Polygon", "coordinates": [ [ [ 23.11387916, 51.05868721 ], [ 22.97711731, 50.85439613 ], [ 23.21263681, 50.6828819 ], [ 23.58446366, 50.7152299 ], [ 23.72270231, 50.91921611 ], [ 23.48764963, 51.09116066 ], [ 23.11387916, 51.05868721 ] ] ] } },
{ "type": "Feature", "properties": { "id": 301 }, "geometry": { "type": "Polygon", "coordinates": [ [ [ 21.99477755, 50.95403319 ], [ 21.8614942, 50.74816153 ], [ 22.09929256, 50.57865844 ], [ 22.47002062, 50.61459351 ], [ 22.60484482, 50.82018253 ], [ 22.36741202, 50.99012076 ], [ 21.99477755, 50.95403319 ] ] ] } },
{ "type": "Feature", "properties": { "id": 302 }, "geometry": { "type": "Polygon", "coordinates": [ [ [ 18.6680464, 52.30092764 ], [ 18.54253715, 52.0958222 ], [ 18.79208488, 51.93693725 ], [ 19.1670842, 51.98270463 ], [ 19.29438707, 52.18758519 ], [ 19.0449083, 52.34692533 ], [ 18.6680464, 52.30092764 ] ] ] } },
{ "type": "Feature", "properties": { "id": 303 }, "geometry": { "type": "Polygon", "coordinates": [ [ [ 18.1677186, 52.04814314 ], [ 18.04428684, 51.84182204 ], [ 18.29385635, 51.6833889 ], [ 18.66684678, 51.73082718 ], [ 18.79208488, 51.93693725 ], [ 18.54253715, 52.0958222 ], [ 18.1677186, 52.04814314 ] ] ] } },
{ "type": "Feature", "properties": { "id": 304 }, "geometry": { "type": "Polygon", "coordinates": [ [ [ 18.1677186, 52.04814314 ], [ 18.04428684, 51.84182204 ], [ 18.29385635, 51.6833889 ], [ 18.66684678, 51.73082718 ], [ 18.79208488, 51.93693725 ], [ 18.54253715, 52.0958222 ], [ 18.1677186, 52.04814314 ] ] ] } },
{ "type": "Feature", "properties": { "id": 305 }, "geometry": { "type": "Polygon", "coordinates": [ [ [ 17.79972657, 51.4269848 ], [ 17.67858598, 51.21847776 ], [ 17.92658856, 51.05924983 ], [ 18.29575461, 51.10808629 ], [ 18.41868762, 51.31639714 ], [ 18.17067264, 51.47606987 ], [ 17.79972657, 51.4269848 ] ] ] } },
{ "type": "Feature", "properties": { "id": 306 }, "geometry": { "type": "Polygon", "coordinates": [ [ [ 17.79972657, 51.4269848 ], [ 17.67858598, 51.21847776 ], [ 17.92658856, 51.05924983 ], [ 18.29575461, 51.10808629 ], [ 18.41868762, 51.31639714 ], [ 18.17067264, 51.47606987 ], [ 17.79972657, 51.4269848 ] ] ] } },
{ "type": "Feature", "properties": { "id": 307 }, "geometry": { "type": "Polygon", "coordinates": [ [ [ 17.67154726, 51.79248577 ], [ 17.55018129, 51.58496974 ], [ 17.79972657, 51.4269848 ], [ 18.17067264, 51.47606987 ], [ 18.29385635, 51.6833889 ], [ 18.04428684, 51.84182204 ], [ 17.67154726, 51.79248577 ] ] ] } },
{ "type": "Feature", "properties": { "id": 308 }, "geometry": { "type": "Polygon", "coordinates": [ [ [ 17.04804439, 51.89798635 ], [ 16.92853193, 51.69028671 ], [ 17.17955429, 51.53400109 ], [ 17.55018129, 51.58496974 ], [ 17.67154726, 51.79248577 ], [ 17.42044306, 51.94921901 ], [ 17.04804439, 51.89798635 ] ] ] } },
{ "type": "Feature", "properties": { "id": 309 }, "geometry": { "type": "Polygon", "coordinates": [ [ [ 20.03628203, 51.70374321 ], [ 19.90754692, 51.49809336 ], [ 20.15220104, 51.33463734 ], [ 20.52540815, 51.37638477 ], [ 20.65583205, 51.58178603 ], [ 20.41137165, 51.74569035 ], [ 20.03628203, 51.70374321 ] ] ] } },
{ "type": "Feature", "properties": { "id": 310 }, "geometry": { "type": "Polygon", "coordinates": [ [ [ 20.03628203, 51.70374321 ], [ 19.90754692, 51.49809336 ], [ 20.15220104, 51.33463734 ], [ 20.52540815, 51.37638477 ], [ 20.65583205, 51.58178603 ], [ 20.41137165, 51.74569035 ], [ 20.03628203, 51.70374321 ] ] ] } },
{ "type": "Feature", "properties": { "id": 311 }, "geometry": { "type": "Polygon", "coordinates": [ [ [ 16.55831294, 51.63743695 ], [ 16.44086246, 51.42857802 ], [ 16.69175877, 51.27273567 ], [ 17.06024158, 51.32531127 ], [ 17.17955429, 51.53400109 ], [ 16.92853193, 51.69028671 ], [ 16.55831294, 51.63743695 ] ] ] } },
{ "type": "Feature", "properties": { "id": 312 }, "geometry": { "type": "Polygon", "coordinates": [ [ [ 17.04804439, 51.89798635 ], [ 16.92853193, 51.69028671 ], [ 17.17955429, 51.53400109 ], [ 17.55018129, 51.58496974 ], [ 17.67154726, 51.79248577 ], [ 17.42044306, 51.94921901 ], [ 17.04804439, 51.89798635 ] ] ] } },
{ "type": "Feature", "properties": { "id": 313 }, "geometry": { "type": "Polygon", "coordinates": [ [ [ 16.28727725, 52.36005782 ], [ 16.16948304, 52.15318327 ], [ 16.42349238, 51.99988232 ], [ 16.7954598, 52.05300853 ], [ 16.91516848, 52.25971214 ], [ 16.6610054, 52.41346283 ], [ 16.28727725, 52.36005782 ] ] ] } },
{ "type": "Feature", "properties": { "id": 314 }, "geometry": { "type": "Polygon", "coordinates": [ [ [ 23.72270231, 50.91921611 ], [ 23.58446366, 50.7152299 ], [ 23.81803025, 50.54215923 ], [ 24.18932907, 50.57265118 ], [ 24.32900034, 50.77632225 ], [ 24.09595256, 50.94981791 ], [ 23.72270231, 50.91921611 ] ] ] } },
{ "type": "Feature", "properties": { "id": 315 }, "geometry": { "type": "Polygon", "coordinates": [ [ [ 21.88915068, 51.32724539 ], [ 21.7554729, 51.1223767 ], [ 21.99477755, 50.95403319 ], [ 22.36741202, 50.99012076 ], [ 22.50265339, 51.19470611 ], [ 22.26370877, 51.36348889 ], [ 21.88915068, 51.32724539 ] ] ] } },
{ "type": "Feature", "properties": { "id": 316 }, "geometry": { "type": "Polygon", "coordinates": [ [ [ 15.79803733, 52.09816761 ], [ 15.68233455, 51.89014192 ], [ 15.93614617, 51.73728558 ], [ 16.30586804, 51.7920127 ], [ 16.42349238, 51.99988232 ], [ 16.16948304, 52.15318327 ], [ 15.79803733, 52.09816761 ] ] ] } },
{ "type": "Feature", "properties": { "id": 317 }, "geometry": { "type": "Polygon", "coordinates": [ [ [ 21.78239484, 51.69827848 ], [ 21.64832272, 51.49441923 ], [ 21.88915068, 51.32724539 ], [ 22.26370877, 51.36348889 ], [ 22.39936768, 51.56706395 ], [ 22.15889395, 51.73468137 ], [ 21.78239484, 51.69827848 ] ] ] } },
{ "type": "Feature", "properties": { "id": 318 }, "geometry": { "type": "Polygon", "coordinates": [ [ [ 16.28727725, 52.36005782 ], [ 16.16948304, 52.15318327 ], [ 16.42349238, 51.99988232 ], [ 16.7954598, 52.05300853 ], [ 16.91516848, 52.25971214 ], [ 16.6610054, 52.41346283 ], [ 16.28727725, 52.36005782 ] ] ] } },
{ "type": "Feature", "properties": { "id": 319 }, "geometry": { "type": "Polygon", "coordinates": [ [ [ 15.65850624, 52.45676979 ], [ 15.54266017, 52.24973818 ], [ 15.79803733, 52.09816761 ], [ 16.16948304, 52.15318327 ], [ 16.28727725, 52.36005782 ], [ 16.03168743, 52.51207619 ], [ 15.65850624, 52.45676979 ] ] ] } },
{ "type": "Feature", "properties": { "id": 320 }, "geometry": { "type": "Polygon", "coordinates": [ [ [ 15.51753251, 52.81307941 ], [ 15.40154775, 52.60704707 ], [ 15.65850624, 52.45676979 ], [ 16.03168743, 52.51207619 ], [ 16.14964736, 52.71795038 ], [ 15.89246083, 52.86867877 ], [ 15.51753251, 52.81307941 ] ] ] } },
{ "type": "Feature", "properties": { "id": 321 }, "geometry": { "type": "Polygon", "coordinates": [ [ [ 21.6744926, 52.06711676 ], [ 21.54002628, 51.86427298 ], [ 21.78239484, 51.69827848 ], [ 22.15889395, 51.73468137 ], [ 22.29497067, 51.93723996 ], [ 22.05295029, 52.10368254 ], [ 21.6744926, 52.06711676 ] ] ] } },
{ "type": "Feature", "properties": { "id": 322 }, "geometry": { "type": "Polygon", "coordinates": [ [ [ 17.27891043, 52.87544203 ], [ 17.15688748, 52.67093314 ], [ 17.41115904, 52.51672781 ], [ 17.78752643, 52.56657433 ], [ 17.9114458, 52.77088304 ], [ 17.65711227, 52.92554767 ], [ 17.27891043, 52.87544203 ] ] ] } },
{ "type": "Feature", "properties": { "id": 323 }, "geometry": { "type": "Polygon", "coordinates": [ [ [ 21.05186907, 52.19343152 ], [ 20.91905668, 51.99031374 ], [ 21.16327493, 51.82595935 ], [ 21.54002628, 51.86427298 ], [ 21.6744926, 52.06711676 ], [ 21.43056588, 52.2319227 ], [ 21.05186907, 52.19343152 ] ] ] } },
{ "type": "Feature", "properties": { "id": 324 }, "geometry": { "type": "Polygon", "coordinates": [ [ [ 21.56542616, 52.43374543 ], [ 21.43056588, 52.2319227 ], [ 21.6744926, 52.06711676 ], [ 22.05295029, 52.10368254 ], [ 22.18944505, 52.30521895 ], [ 21.9458602, 52.47047762 ], [ 21.56542616, 52.43374543 ] ] ] } },
{ "type": "Feature", "properties": { "id": 325 }, "geometry": { "type": "Polygon", "coordinates": [ [ [ 21.6744926, 52.06711676 ], [ 21.54002628, 51.86427298 ], [ 21.78239484, 51.69827848 ], [ 22.15889395, 51.73468137 ], [ 22.29497067, 51.93723996 ], [ 22.05295029, 52.10368254 ], [ 21.6744926, 52.06711676 ] ] ] } },
{ "type": "Feature", "properties": { "id": 326 }, "geometry": { "type": "Polygon", "coordinates": [ [ [ 16.64523844, 52.97633229 ], [ 16.52514859, 52.77163656 ], [ 16.78090659, 52.619165 ], [ 17.15688748, 52.67093314 ], [ 17.27891043, 52.87544203 ], [ 17.02303001, 53.02837196 ], [ 16.64523844, 52.97633229 ] ] ] } },
{ "type": "Feature", "properties": { "id": 327 }, "geometry": { "type": "Polygon", "coordinates": [ [ [ 16.01058216, 53.07354772 ], [ 15.89246083, 52.86867877 ], [ 16.14964736, 52.71795038 ], [ 16.52514859, 52.77163656 ], [ 16.64523844, 52.97633229 ], [ 16.38786885, 53.12751747 ], [ 16.01058216, 53.07354772 ] ] ] } },
{ "type": "Feature", "properties": { "id": 328 }, "geometry": { "type": "Polygon", "coordinates": [ [ [ 16.50814335, 53.33120219 ], [ 16.38786885, 53.12751747 ], [ 16.64523844, 52.97633229 ], [ 17.02303001, 53.02837196 ], [ 17.14526507, 53.23186854 ], [ 16.88775872, 53.38351596 ], [ 16.50814335, 53.33120219 ] ] ] } },
{ "type": "Feature", "properties": { "id": 329 }, "geometry": { "type": "Polygon", "coordinates": [ [ [ 19.56011609, 53.15785495 ], [ 19.4301035, 52.9562636 ], [ 19.68106916, 52.7977011 ], [ 20.06190264, 52.84026629 ], [ 20.19370551, 53.04160439 ], [ 19.94289678, 53.20063257 ], [ 19.56011609, 53.15785495 ] ] ] } },
{ "type": "Feature", "properties": { "id": 330 }, "geometry": { "type": "Polygon", "coordinates": [ [ [ 20.19370551, 53.04160439 ], [ 20.06190264, 52.84026629 ], [ 20.31109755, 52.68000678 ], [ 20.69189059, 52.72062369 ], [ 20.82544086, 52.92169674 ], [ 20.57646306, 53.08241987 ], [ 20.19370551, 53.04160439 ] ] ] } },
{ "type": "Feature", "properties": { "id": 331 }, "geometry": { "type": "Polygon", "coordinates": [ [ [ 19.56011609, 53.15785495 ], [ 19.4301035, 52.9562636 ], [ 19.68106916, 52.7977011 ], [ 20.06190264, 52.84026629 ], [ 20.19370551, 53.04160439 ], [ 19.94289678, 53.20063257 ], [ 19.56011609, 53.15785495 ] ] ] } },
{ "type": "Feature", "properties": { "id": 332 }, "geometry": { "type": "Polygon", "coordinates": [ [ [ 20.19370551, 53.04160439 ], [ 20.06190264, 52.84026629 ], [ 20.31109755, 52.68000678 ], [ 20.69189059, 52.72062369 ], [ 20.82544086, 52.92169674 ], [ 20.57646306, 53.08241987 ], [ 20.19370551, 53.04160439 ] ] ] } },
{ "type": "Feature", "properties": { "id": 333 }, "geometry": { "type": "Polygon", "coordinates": [ [ [ 20.71038096, 53.28246351 ], [ 20.57646306, 53.08241987 ], [ 20.82544086, 52.92169674 ], [ 21.20808064, 52.9605533 ], [ 21.34372776, 53.160319 ], [ 21.0950186, 53.32150796 ], [ 20.71038096, 53.28246351 ] ] ] } },
{ "type": "Feature", "properties": { "id": 334 }, "geometry": { "type": "Polygon", "coordinates": [ [ [ 21.56542616, 52.43374543 ], [ 21.43056588, 52.2319227 ], [ 21.6744926, 52.06711676 ], [ 22.05295029, 52.10368254 ], [ 22.18944505, 52.30521895 ], [ 21.9458602, 52.47047762 ], [ 21.56542616, 52.43374543 ] ] ] } },
{ "type": "Feature", "properties": { "id": 335 }, "geometry": { "type": "Polygon", "coordinates": [ [ [ 21.34372776, 53.160319 ], [ 21.20808064, 52.9605533 ], [ 21.45517738, 52.79815054 ], [ 21.83760574, 52.8350527 ], [ 21.97493692, 53.03452939 ], [ 21.72816858, 53.19739471 ], [ 21.34372776, 53.160319 ] ] ] } },
{ "type": "Feature", "properties": { "id": 336 }, "geometry": { "type": "Polygon", "coordinates": [ [ [ 21.86591799, 53.39583473 ], [ 21.72816858, 53.19739471 ], [ 21.97493692, 53.03452939 ], [ 22.35908673, 53.06964191 ], [ 22.49849923, 53.26778068 ], [ 22.25211207, 53.43110989 ], [ 21.86591799, 53.39583473 ] ] ] } },
{ "type": "Feature", "properties": { "id": 337 }, "geometry": { "type": "Polygon", "coordinates": [ [ [ 21.97493692, 53.03452939 ], [ 21.83760574, 52.8350527 ], [ 22.08277315, 52.67098659 ], [ 22.46489752, 52.70594018 ], [ 22.60386686, 52.90511713 ], [ 22.35908673, 53.06964191 ], [ 21.97493692, 53.03452939 ] ] ] } },
{ "type": "Feature", "properties": { "id": 338 }, "geometry": { "type": "Polygon", "coordinates": [ [ [ 21.97493692, 53.03452939 ], [ 21.83760574, 52.8350527 ], [ 22.08277315, 52.67098659 ], [ 22.46489752, 52.70594018 ], [ 22.60386686, 52.90511713 ], [ 22.35908673, 53.06964191 ], [ 21.97493692, 53.03452939 ] ] ] } },
{ "type": "Feature", "properties": { "id": 339 }, "geometry": { "type": "Polygon", "coordinates": [ [ [ 20.82544086, 52.92169674 ], [ 20.69189059, 52.72062369 ], [ 20.93926391, 52.55868184 ], [ 21.31992347, 52.59735398 ], [ 21.45517738, 52.79815054 ], [ 21.20808064, 52.9605533 ], [ 20.82544086, 52.92169674 ] ] ] } },
{ "type": "Feature", "properties": { "id": 340 }, "geometry": { "type": "Polygon", "coordinates": [ [ [ 21.45517738, 52.79815054 ], [ 21.31992347, 52.59735398 ], [ 21.56542616, 52.43374543 ], [ 21.9458602, 52.47047762 ], [ 22.08277315, 52.67098659 ], [ 21.83760574, 52.8350527 ], [ 21.45517738, 52.79815054 ] ] ] } },
{ "type": "Feature", "properties": { "id": 341 }, "geometry": { "type": "Polygon", "coordinates": [ [ [ 22.70808927, 52.5402279 ], [ 22.56956262, 52.3400173 ], [ 22.81118434, 52.17312601 ], [ 23.19089569, 52.20599787 ], [ 23.33099001, 52.40589972 ], [ 23.08981831, 52.57324003 ], [ 22.70808927, 52.5402279 ] ] ] } },
{ "type": "Feature", "properties": { "id": 342 }, "geometry": { "type": "Polygon", "coordinates": [ [ [ 22.08277315, 52.67098659 ], [ 21.9458602, 52.47047762 ], [ 22.18944505, 52.30521895 ], [ 22.56956262, 52.3400173 ], [ 22.70808927, 52.5402279 ], [ 22.46489752, 52.70594018 ], [ 22.08277315, 52.67098659 ] ] ] } },
{ "type": "Feature", "properties": { "id": 343 }, "geometry": { "type": "Polygon", "coordinates": [ [ [ 21.97493692, 53.03452939 ], [ 21.83760574, 52.8350527 ], [ 22.08277315, 52.67098659 ], [ 22.46489752, 52.70594018 ], [ 22.60386686, 52.90511713 ], [ 22.35908673, 53.06964191 ], [ 21.97493692, 53.03452939 ] ] ] } },
{ "type": "Feature", "properties": { "id": 344 }, "geometry": { "type": "Polygon", "coordinates": [ [ [ 22.81118434, 52.17312601 ], [ 22.67309986, 51.97188672 ], [ 22.91316961, 51.8038253 ], [ 23.29088211, 51.83656065 ], [ 23.43051088, 52.03749238 ], [ 23.19089569, 52.20599787 ], [ 22.81118434, 52.17312601 ] ] ] } },
{ "type": "Feature", "properties": { "id": 345 }, "geometry": { "type": "Polygon", "coordinates": [ [ [ 21.86591799, 53.39583473 ], [ 21.72816858, 53.19739471 ], [ 21.97493692, 53.03452939 ], [ 22.35908673, 53.06964191 ], [ 22.49849923, 53.26778068 ], [ 22.25211207, 53.43110989 ], [ 21.86591799, 53.39583473 ] ] ] } },
{ "type": "Feature", "properties": { "id": 346 }, "geometry": { "type": "Polygon", "coordinates": [ [ [ 23.21263681, 50.6828819 ], [ 23.07631434, 50.4775865 ], [ 23.31035141, 50.30494193 ], [ 23.68025261, 50.33716812 ], [ 23.81803025, 50.54215923 ], [ 23.58446366, 50.7152299 ], [ 23.21263681, 50.6828819 ] ] ] } },
{ "type": "Feature", "properties": { "id": 347 }, "geometry": { "type": "Polygon", "coordinates": [ [ [ 18.91482872, 51.57070629 ], [ 18.7898641, 51.36359738 ], [ 19.03629698, 51.20224937 ], [ 19.40761562, 51.2475648 ], [ 19.53432329, 51.45445076 ], [ 19.28798033, 51.61624627 ], [ 18.91482872, 51.57070629 ] ] ] } },
{ "type": "Feature", "properties": { "id": 348 }, "geometry": { "type": "Polygon", "coordinates": [ [ [ 19.03629698, 51.20224937 ], [ 18.91160805, 50.99414786 ], [ 19.15650838, 50.83158197 ], [ 19.52600868, 50.87667569 ], [ 19.65241605, 51.08455501 ], [ 19.40761562, 51.2475648 ], [ 19.03629698, 51.20224937 ] ] ] } },
{ "type": "Feature", "properties": { "id": 349 }, "geometry": { "type": "Polygon", "coordinates": [ [ [ 18.29385635, 51.6833889 ], [ 18.17067264, 51.47606987 ], [ 18.41868762, 51.31639714 ], [ 18.7898641, 51.36359738 ], [ 18.91482872, 51.57070629 ], [ 18.66684678, 51.73082718 ], [ 18.29385635, 51.6833889 ] ] ] } },
{ "type": "Feature", "properties": { "id": 350 }, "geometry": { "type": "Polygon", "coordinates": [ [ [ 18.41868762, 51.31639714 ], [ 18.29575461, 51.10808629 ], [ 18.54223144, 50.94718294 ], [ 18.91160805, 50.99414786 ], [ 19.03629698, 51.20224937 ], [ 18.7898641, 51.36359738 ], [ 18.41868762, 51.31639714 ] ] ] } },
{ "type": "Feature", "properties": { "id": 351 }, "geometry": { "type": "Polygon", "coordinates": [ [ [ 17.79972657, 51.4269848 ], [ 17.67858598, 51.21847776 ], [ 17.92658856, 51.05924983 ], [ 18.29575461, 51.10808629 ], [ 18.41868762, 51.31639714 ], [ 18.17067264, 51.47606987 ], [ 17.79972657, 51.4269848 ] ] ] } },
{ "type": "Feature", "properties": { "id": 352 }, "geometry": { "type": "Polygon", "coordinates": [ [ [ 18.91482872, 51.57070629 ], [ 18.7898641, 51.36359738 ], [ 19.03629698, 51.20224937 ], [ 19.40761562, 51.2475648 ], [ 19.53432329, 51.45445076 ], [ 19.28798033, 51.61624627 ], [ 18.91482872, 51.57070629 ] ] ] } },
{ "type": "Feature", "properties": { "id": 353 }, "geometry": { "type": "Polygon", "coordinates": [ [ [ 16.20817701, 51.00873707 ], [ 16.09293005, 50.79776463 ], [ 16.3421381, 50.64110025 ], [ 16.70675794, 50.69497464 ], [ 16.82384935, 50.90579324 ], [ 16.57448598, 51.06289358 ], [ 16.20817701, 51.00873707 ] ] ] } },
{ "type": "Feature", "properties": { "id": 354 }, "geometry": { "type": "Polygon", "coordinates": [ [ [ 14.25134663, 52.99236169 ], [ 14.13940855, 52.78605562 ], [ 14.39892545, 52.63928276 ], [ 14.77073743, 52.69837346 ], [ 14.88471445, 52.90454984 ], [ 14.62484978, 53.05176778 ], [ 14.25134663, 52.99236169 ] ] ] } },
{ "type": "Feature", "properties": { "id": 355 }, "geometry": { "type": "Polygon", "coordinates": [ [ [ 14.59163984, 53.60700872 ], [ 14.47745572, 53.40284227 ], [ 14.73893306, 53.25694132 ], [ 15.11492606, 53.31475422 ], [ 15.23117372, 53.51877413 ], [ 14.96937456, 53.66513025 ], [ 14.59163984, 53.60700872 ] ] ] } },
{ "type": "Feature", "properties": { "id": 356 }, "geometry": { "type": "Polygon", "coordinates": [ [ [ 14.93879055, 54.21516607 ], [ 14.82230051, 54.0131744 ], [ 15.08574607, 53.86813781 ], [ 15.4659859, 53.92462975 ], [ 15.58456386, 54.12645786 ], [ 15.32082429, 54.27196019 ], [ 14.93879055, 54.21516607 ] ] ] } },
{ "type": "Feature", "properties": { "id": 357 }, "geometry": { "type": "Polygon", "coordinates": [ [ [ 14.44281315, 53.95474206 ], [ 14.32853377, 53.75158656 ], [ 14.59163984, 53.60700872 ], [ 14.96937456, 53.66513025 ], [ 15.08574607, 53.86813781 ], [ 14.82230051, 54.0131744 ], [ 14.44281315, 53.95474206 ] ] ] } },
{ "type": "Feature", "properties": { "id": 358 }, "geometry": { "type": "Polygon", "coordinates": [ [ [ 15.58456386, 54.12645786 ], [ 15.4659859, 53.92462975 ], [ 15.72806188, 53.77781173 ], [ 16.10895676, 53.83235594 ], [ 16.22958787, 54.03400661 ], [ 15.96728153, 54.18129303 ], [ 15.58456386, 54.12645786 ] ] ] } },
{ "type": "Feature", "properties": { "id": 359 }, "geometry": { "type": "Polygon", "coordinates": [ [ [ 18.79208488, 51.93693725 ], [ 18.66684678, 51.73082718 ], [ 18.91482872, 51.57070629 ], [ 19.28798033, 51.61624627 ], [ 19.41498654, 51.82213248 ], [ 19.1670842, 51.98270463 ], [ 18.79208488, 51.93693725 ] ] ] } },
{ "type": "Feature", "properties": { "id": 360 }, "geometry": { "type": "Polygon", "coordinates": [ [ [ 22.91316961, 51.8038253 ], [ 22.77552669, 51.60156274 ], [ 23.01406227, 51.43234051 ], [ 23.38979455, 51.46494306 ], [ 23.52895882, 51.66689912 ], [ 23.29088211, 51.83656065 ], [ 22.91316961, 51.8038253 ] ] ] } },
{ "type": "Feature", "properties": { "id": 361 }, "geometry": { "type": "Polygon", "coordinates": [ [ [ 18.79208488, 51.93693725 ], [ 18.66684678, 51.73082718 ], [ 18.91482872, 51.57070629 ], [ 19.28798033, 51.61624627 ], [ 19.41498654, 51.82213248 ], [ 19.1670842, 51.98270463 ], [ 18.79208488, 51.93693725 ] ] ] } },
{ "type": "Feature", "properties": { "id": 362 }, "geometry": { "type": "Polygon", "coordinates": [ [ [ 21.99477755, 50.95403319 ], [ 21.8614942, 50.74816153 ], [ 22.09929256, 50.57865844 ], [ 22.47002062, 50.61459351 ], [ 22.60484482, 50.82018253 ], [ 22.36741202, 50.99012076 ], [ 21.99477755, 50.95403319 ] ] ] } },
{ "type": "Feature", "properties": { "id": 363 }, "geometry": { "type": "Polygon", "coordinates": [ [ [ 22.39936768, 51.56706395 ], [ 22.26370877, 51.36348889 ], [ 22.50265339, 51.19470611 ], [ 22.87686024, 51.22906053 ], [ 23.01406227, 51.43234051 ], [ 22.77552669, 51.60156274 ], [ 22.39936768, 51.56706395 ] ] ] } },
{ "type": "Feature", "properties": { "id": 364 }, "geometry": { "type": "Polygon", "coordinates": [ [ [ 23.01406227, 51.43234051 ], [ 22.87686024, 51.22906053 ], [ 23.11387916, 51.05868721 ], [ 23.48764963, 51.09116066 ], [ 23.62635052, 51.29413503 ], [ 23.38979455, 51.46494306 ], [ 23.01406227, 51.43234051 ] ] ] } },
{ "type": "Feature", "properties": { "id": 365 }, "geometry": { "type": "Polygon", "coordinates": [ [ [ 22.50265339, 51.19470611 ], [ 22.36741202, 50.99012076 ], [ 22.60484482, 50.82018253 ], [ 22.97711731, 50.85439613 ], [ 23.11387916, 51.05868721 ], [ 22.87686024, 51.22906053 ], [ 22.50265339, 51.19470611 ] ] ] } },
{ "type": "Feature", "properties": { "id": 366 }, "geometry": { "type": "Polygon", "coordinates": [ [ [ 22.91316961, 51.8038253 ], [ 22.77552669, 51.60156274 ], [ 23.01406227, 51.43234051 ], [ 23.38979455, 51.46494306 ], [ 23.52895882, 51.66689912 ], [ 23.29088211, 51.83656065 ], [ 22.91316961, 51.8038253 ] ] ] } },
{ "type": "Feature", "properties": { "id": 367 }, "geometry": { "type": "Polygon", "coordinates": [ [ [ 22.29497067, 51.93723996 ], [ 22.15889395, 51.73468137 ], [ 22.39936768, 51.56706395 ], [ 22.77552669, 51.60156274 ], [ 22.91316961, 51.8038253 ], [ 22.67309986, 51.97188672 ], [ 22.29497067, 51.93723996 ] ] ] } },
{ "type": "Feature", "properties": { "id": 368 }, "geometry": { "type": "Polygon", "coordinates": [ [ [ 22.92183139, 53.85739766 ], [ 22.77986553, 53.66166209 ], [ 23.02581778, 53.49786799 ], [ 23.41326023, 53.5293455 ], [ 23.55684287, 53.72475625 ], [ 23.31138015, 53.88901588 ], [ 22.92183139, 53.85739766 ] ] ] } },
{ "type": "Feature", "properties": { "id": 369 }, "geometry": { "type": "Polygon", "coordinates": [ [ [ 23.12866101, 53.13610049 ], [ 22.98763266, 52.9382733 ], [ 23.23037918, 52.77210688 ], [ 23.61366933, 52.80331484 ], [ 23.75626565, 53.0008205 ], [ 23.51401734, 53.16744126 ], [ 23.12866101, 53.13610049 ] ] ] } },
{ "type": "Feature", "properties": { "id": 370 }, "geometry": { "type": "Polygon", "coordinates": [ [ [ 22.60386686, 52.90511713 ], [ 22.46489752, 52.70594018 ], [ 22.70808927, 52.5402279 ], [ 23.08981831, 52.57324003 ], [ 23.23037918, 52.77210688 ], [ 22.98763266, 52.9382733 ], [ 22.60386686, 52.90511713 ] ] ] } },
{ "type": "Feature", "properties": { "id": 371 }, "geometry": { "type": "Polygon", "coordinates": [ [ [ 22.39196811, 53.62820637 ], [ 22.25211207, 53.43110989 ], [ 22.49849923, 53.26778068 ], [ 22.88432108, 53.3010847 ], [ 23.02581778, 53.49786799 ], [ 22.77986553, 53.66166209 ], [ 22.39196811, 53.62820637 ] ] ] } },
{ "type": "Feature", "properties": { "id": 372 }, "geometry": { "type": "Polygon", "coordinates": [ [ [ 23.23037918, 52.77210688 ], [ 23.08981831, 52.57324003 ], [ 23.33099001, 52.40589972 ], [ 23.71223371, 52.43697876 ], [ 23.85433886, 52.63552552 ], [ 23.61366933, 52.80331484 ], [ 23.23037918, 52.77210688 ] ] ] } },
{ "type": "Feature", "properties": { "id": 373 }, "geometry": { "type": "Polygon", "coordinates": [ [ [ 22.39196811, 53.62820637 ], [ 22.25211207, 53.43110989 ], [ 22.49849923, 53.26778068 ], [ 22.88432108, 53.3010847 ], [ 23.02581778, 53.49786799 ], [ 22.77986553, 53.66166209 ], [ 22.39196811, 53.62820637 ] ] ] } },
{ "type": "Feature", "properties": { "id": 374 }, "geometry": { "type": "Polygon", "coordinates": [ [ [ 22.81668337, 54.21467861 ], [ 22.67424761, 54.01999414 ], [ 22.92183139, 53.85739766 ], [ 23.31138015, 53.88901588 ], [ 23.45545783, 54.08337366 ], [ 23.2083589, 54.24644151 ], [ 22.81668337, 54.21467861 ] ] ] } },
{ "type": "Feature", "properties": { "id": 375 }, "geometry": { "type": "Polygon", "coordinates": [ [ [ 23.02581778, 53.49786799 ], [ 22.88432108, 53.3010847 ], [ 23.12866101, 53.13610049 ], [ 23.51401734, 53.16744126 ], [ 23.65710617, 53.36390144 ], [ 23.41326023, 53.5293455 ], [ 23.02581778, 53.49786799 ] ] ] } },
{ "type": "Feature", "properties": { "id": 376 }, "geometry": { "type": "Polygon", "coordinates": [ [ [ 19.41498654, 51.82213248 ], [ 19.28798033, 51.61624627 ], [ 19.53432329, 51.45445076 ], [ 19.90754692, 51.49809336 ], [ 20.03628203, 51.70374321 ], [ 19.79007601, 51.8659888 ], [ 19.41498654, 51.82213248 ] ] ] } },
{ "type": "Feature", "properties": { "id": 377 }, "geometry": { "type": "Polygon", "coordinates": [ [ [ 19.53432329, 51.45445076 ], [ 19.40761562, 51.2475648 ], [ 19.65241605, 51.08455501 ], [ 20.02378912, 51.12798689 ], [ 20.15220104, 51.33463734 ], [ 19.90754692, 51.49809336 ], [ 19.53432329, 51.45445076 ] ] ] } },
{ "type": "Feature", "properties": { "id": 378 }, "geometry": { "type": "Polygon", "coordinates": [ [ [ 19.41498654, 51.82213248 ], [ 19.28798033, 51.61624627 ], [ 19.53432329, 51.45445076 ], [ 19.90754692, 51.49809336 ], [ 20.03628203, 51.70374321 ], [ 19.79007601, 51.8659888 ], [ 19.41498654, 51.82213248 ] ] ] } },
{ "type": "Feature", "properties": { "id": 379 }, "geometry": { "type": "Polygon", "coordinates": [ [ [ 22.81668337, 54.21467861 ], [ 22.67424761, 54.01999414 ], [ 22.92183139, 53.85739766 ], [ 23.31138015, 53.88901588 ], [ 23.45545783, 54.08337366 ], [ 23.2083589, 54.24644151 ], [ 22.81668337, 54.21467861 ] ] ] } },
{ "type": "Feature", "properties": { "id": 380 }, "geometry": { "type": "Polygon", "coordinates": [ [ [ 18.78553113, 50.20215196 ], [ 18.66336487, 49.99090683 ], [ 18.90532336, 49.82636977 ], [ 19.26938383, 49.87264466 ], [ 19.39323367, 50.08368201 ], [ 19.15134983, 50.24865424 ], [ 18.78553113, 50.20215196 ] ] ] } }
]
}
