{
"type": "FeatureCollection",
"name": "pl_l6_h3_07_hx",
"crs": { "type": "name", "properties": { "name": "urn:ogc:def:crs:OGC:1.3:CRS84" } },
"xy_coordinate_resolution": 1e-08,
"features": [
{ "type": "Feature", "properties": { "id": 1 }, "geometry": { "type": "Polygon", "coordinates": [ [ [ 19.96527359, 52.55758693 ], [ 19.96502553, 52.54604027 ], [ 19.98292465, 52.54035892 ], [ 20.00107528, 52.54622314 ], [ 20.00132954, 52.55776992 ], [ 19.98342697, 52.56345237 ], [ 19.96527359, 52.55758693 ] ] ] } },
{ "type": "Feature", "properties": { "id": 2 }, "geometry": { "type": "Polygon", "coordinates": [ [ [ 20.41852743, 52.64562976 ], [ 20.41820089, 52.6340976 ], [ 20.43609315, 52.62835539 ], [ 20.45431528, 52.63414422 ], [ 20.45464805, 52.64567647 ], [ 20.43675246, 52.6514198 ], [ 20.41852743, 52.64562976 ] ] ] } },
{ "type": "Feature", "properties": { "id": 3 }, "geometry": { "type": "Polygon", "coordinates": [ [ [ 19.47647673, 52.39801369 ], [ 19.47631322, 52.38644053 ], [ 19.49420059, 52.38081869 ], [ 19.512255, 52.38676893 ], [ 19.51242468, 52.39834223 ], [ 19.49453377, 52.40396515 ], [ 19.47647673, 52.39801369 ] ] ] } },
{ "type": "Feature", "properties": { "id": 4 }, "geometry": { "type": "Polygon", "coordinates": [ [ [ 20.13889694, 52.28067913 ], [ 20.13862012, 52.26908152 ], [ 20.15643455, 52.26334605 ], [ 20.17452917, 52.2692071 ], [ 20.17481214, 52.28080482 ], [ 20.15699434, 52.28654138 ], [ 20.13889694, 52.28067913 ] ] ] } },
{ "type": "Feature", "properties": { "id": 5 }, "geometry": { "type": "Polygon", "coordinates": [ [ [ 18.97704113, 50.22267125 ], [ 18.97696577, 50.21072126 ], [ 18.99433127, 50.20496572 ], [ 19.01177556, 50.2111592 ], [ 19.01185671, 50.22310941 ], [ 18.99448778, 50.22886593 ], [ 18.97704113, 50.22267125 ] ] ] } },
{ "type": "Feature", "properties": { "id": 6 }, "geometry": { "type": "Polygon", "coordinates": [ [ [ 18.99503638, 50.31245326 ], [ 18.99495793, 50.30051825 ], [ 19.01234419, 50.29476841 ], [ 19.02981234, 50.3009526 ], [ 19.0298966, 50.31288782 ], [ 19.0125069, 50.31863864 ], [ 18.99503638, 50.31245326 ] ] ] } },
{ "type": "Feature", "properties": { "id": 7 }, "geometry": { "type": "Polygon", "coordinates": [ [ [ 18.94264568, 50.29387913 ], [ 18.94257598, 50.28194143 ], [ 18.95996056, 50.27619788 ], [ 18.9774183, 50.28239105 ], [ 18.97749381, 50.29432897 ], [ 18.96010577, 50.3000735 ], [ 18.94264568, 50.29387913 ] ] ] } },
{ "type": "Feature", "properties": { "id": 8 }, "geometry": { "type": "Polygon", "coordinates": [ [ [ 18.89046932, 50.31108717 ], [ 18.89040829, 50.29915282 ], [ 18.90779984, 50.2934189 ], [ 18.92525588, 50.29961836 ], [ 18.92532272, 50.31155293 ], [ 18.90792771, 50.31728783 ], [ 18.89046932, 50.31108717 ] ] ] } },
{ "type": "Feature", "properties": { "id": 9 }, "geometry": { "type": "Polygon", "coordinates": [ [ [ 18.85594998, 50.38217347 ], [ 18.85589464, 50.37025143 ], [ 18.8733053, 50.36452954 ], [ 18.89077478, 50.3707287 ], [ 18.89083593, 50.38265096 ], [ 18.87342179, 50.38837383 ], [ 18.85594998, 50.38217347 ] ] ] } },
{ "type": "Feature", "properties": { "id": 10 }, "geometry": { "type": "Polygon", "coordinates": [ [ [ 21.05316849, 52.22826478 ], [ 21.0527352, 52.21665579 ], [ 21.07047179, 52.21077555 ], [ 21.08864482, 52.21650318 ], [ 21.08908427, 52.22811221 ], [ 21.07134452, 52.23399358 ], [ 21.05316849, 52.22826478 ] ] ] } },
{ "type": "Feature", "properties": { "id": 11 }, "geometry": { "type": "Polygon", "coordinates": [ [ [ 20.6059, 52.28146324 ], [ 20.60554309, 52.26986443 ], [ 20.62332587, 52.26405755 ], [ 20.64146884, 52.26984837 ], [ 20.64183192, 52.28144725 ], [ 20.62404587, 52.28725525 ], [ 20.6059, 52.28146324 ] ] ] } },
{ "type": "Feature", "properties": { "id": 12 }, "geometry": { "type": "Polygon", "coordinates": [ [ [ 20.59949414, 52.07236425 ], [ 20.59913942, 52.06072777 ], [ 20.61686802, 52.05490138 ], [ 20.6349546, 52.06071035 ], [ 20.63531545, 52.07234691 ], [ 20.6175836, 52.07817441 ], [ 20.59949414, 52.07236425 ] ] ] } },
{ "type": "Feature", "properties": { "id": 13 }, "geometry": { "type": "Polygon", "coordinates": [ [ [ 20.41846191, 52.00244044 ], [ 20.41813847, 51.99079186 ], [ 20.43586143, 51.98498627 ], [ 20.4539111, 51.99082817 ], [ 20.45424066, 52.00247684 ], [ 20.43651442, 52.00828353 ], [ 20.41846191, 52.00244044 ] ] ] } },
{ "type": "Feature", "properties": { "id": 14 }, "geometry": { "type": "Polygon", "coordinates": [ [ [ 19.69460571, 52.53854639 ], [ 19.69440432, 52.52699754 ], [ 19.71231562, 52.521356 ], [ 19.73043182, 52.52726224 ], [ 19.73063942, 52.53881122 ], [ 19.71272461, 52.54445384 ], [ 19.69460571, 52.53854639 ] ] ] } },
{ "type": "Feature", "properties": { "id": 15 }, "geometry": { "type": "Polygon", "coordinates": [ [ [ 14.41524705, 53.53001416 ], [ 14.41596001, 53.51872307 ], [ 14.43435395, 53.51401622 ], [ 14.45203971, 53.52059961 ], [ 14.45133294, 53.53189119 ], [ 14.43293421, 53.53659889 ], [ 14.41524705, 53.53001416 ] ] ] } },
{ "type": "Feature", "properties": { "id": 16 }, "geometry": { "type": "Polygon", "coordinates": [ [ [ 17.99871789, 53.13381394 ], [ 17.99880895, 53.1223881 ], [ 18.01697567, 53.11707065 ], [ 18.0350553, 53.12317801 ], [ 18.03497051, 53.1346041 ], [ 18.01679983, 53.13992259 ], [ 17.99871789, 53.13381394 ] ] ] } },
{ "type": "Feature", "properties": { "id": 17 }, "geometry": { "type": "Polygon", "coordinates": [ [ [ 18.9257242, 50.38311804 ], [ 18.92565723, 50.37119556 ], [ 18.9430644, 50.36546304 ], [ 18.96054199, 50.37165201 ], [ 18.96061478, 50.3835747 ], [ 18.94320416, 50.38930821 ], [ 18.9257242, 50.38311804 ] ] ] } },
{ "type": "Feature", "properties": { "id": 18 }, "geometry": { "type": "Polygon", "coordinates": [ [ [ 18.85545262, 50.27480258 ], [ 18.85539745, 50.26286241 ], [ 18.87278207, 50.25713044 ], [ 18.89022532, 50.26333767 ], [ 18.89028629, 50.27527807 ], [ 18.87289821, 50.28101101 ], [ 18.85545262, 50.27480258 ] ] ] } },
{ "type": "Feature", "properties": { "id": 19 }, "geometry": { "type": "Polygon", "coordinates": [ [ [ 14.56581182, 53.43574471 ], [ 14.56649786, 53.42443268 ], [ 14.58486249, 53.41969178 ], [ 14.60254584, 53.42626204 ], [ 14.60186598, 53.43757454 ], [ 14.5834966, 53.44231631 ], [ 14.56581182, 53.43574471 ] ] ] } },
{ "type": "Feature", "properties": { "id": 20 }, "geometry": { "type": "Polygon", "coordinates": [ [ [ 22.38108249, 50.27012174 ], [ 22.38044005, 50.25817249 ], [ 22.39758351, 50.25190833 ], [ 22.41537208, 50.25759231 ], [ 22.41602033, 50.26954152 ], [ 22.3988742, 50.2758068 ], [ 22.38108249, 50.27012174 ] ] ] } },
{ "type": "Feature", "properties": { "id": 21 }, "geometry": { "type": "Polygon", "coordinates": [ [ [ 19.11631672, 50.22436158 ], [ 19.11621819, 50.21241074 ], [ 19.13357649, 50.20663402 ], [ 19.15103673, 50.21280715 ], [ 19.15114106, 50.22475819 ], [ 19.13377936, 50.2305359 ], [ 19.11631672, 50.22436158 ] ] ] } },
{ "type": "Feature", "properties": { "id": 22 }, "geometry": { "type": "Polygon", "coordinates": [ [ [ 19.9838586, 50.05161745 ], [ 19.98361622, 50.03963216 ], [ 20.00088197, 50.03370709 ], [ 20.01839332, 50.03976629 ], [ 20.01864148, 50.05175173 ], [ 20.00137251, 50.05767782 ], [ 19.9838586, 50.05161745 ] ] ] } },
{ "type": "Feature", "properties": { "id": 23 }, "geometry": { "type": "Polygon", "coordinates": [ [ [ 15.04610758, 51.17210545 ], [ 15.04669095, 51.16037751 ], [ 15.06443902, 51.15532823 ], [ 15.08160806, 51.1620061 ], [ 15.08103049, 51.17373452 ], [ 15.06327808, 51.17878459 ], [ 15.04610758, 51.17210545 ] ] ] } },
{ "type": "Feature", "properties": { "id": 24 }, "geometry": { "type": "Polygon", "coordinates": [ [ [ 15.26229214, 51.04082127 ], [ 15.26283843, 51.02906601 ], [ 15.2805485, 51.02396938 ], [ 15.29771657, 51.0306272 ], [ 15.29717607, 51.04238294 ], [ 15.27946171, 51.04748038 ], [ 15.26229214, 51.04082127 ] ] ] } },
{ "type": "Feature", "properties": { "id": 25 }, "geometry": { "type": "Polygon", "coordinates": [ [ [ 15.49439703, 51.33313111 ], [ 15.49490678, 51.32142151 ], [ 15.51268587, 51.31631724 ], [ 15.52995948, 51.32292175 ], [ 15.52945559, 51.3346318 ], [ 15.51167222, 51.3397369 ], [ 15.49439703, 51.33313111 ] ] ] } },
{ "type": "Feature", "properties": { "id": 26 }, "geometry": { "type": "Polygon", "coordinates": [ [ [ 15.5430016, 51.01774381 ], [ 15.54350096, 51.00597869 ], [ 15.56119856, 51.00083534 ], [ 15.57840105, 51.00745629 ], [ 15.5779075, 51.01922186 ], [ 15.56020566, 51.02436603 ], [ 15.5430016, 51.01774381 ] ] ] } },
{ "type": "Feature", "properties": { "id": 27 }, "geometry": { "type": "Polygon", "coordinates": [ [ [ 15.54898283, 50.87642841 ], [ 15.54948019, 50.86463893 ], [ 15.56714203, 50.85948065 ], [ 15.58431073, 50.86611102 ], [ 15.58381916, 50.87790096 ], [ 15.5661531, 50.88306006 ], [ 15.54898283, 50.87642841 ] ] ] } },
{ "type": "Feature", "properties": { "id": 28 }, "geometry": { "type": "Polygon", "coordinates": [ [ [ 15.63680688, 50.86240386 ], [ 15.63728953, 50.8506102 ], [ 15.65494564, 50.84543666 ], [ 15.6721233, 50.85205595 ], [ 15.67164644, 50.86385007 ], [ 15.65398613, 50.86902443 ], [ 15.63680688, 50.86240386 ] ] ] } },
{ "type": "Feature", "properties": { "id": 29 }, "geometry": { "type": "Polygon", "coordinates": [ [ [ 15.97245327, 50.75174928 ], [ 15.97287937, 50.73993014 ], [ 15.99049873, 50.73469278 ], [ 16.0076961, 50.74127372 ], [ 16.00727579, 50.75309329 ], [ 15.98965232, 50.75833149 ], [ 15.97245327, 50.75174928 ] ] ] } },
{ "type": "Feature", "properties": { "id": 30 }, "geometry": { "type": "Polygon", "coordinates": [ [ [ 15.8546404, 51.10124756 ], [ 15.85508832, 51.08949064 ], [ 15.87279889, 51.08430633 ], [ 15.89006573, 51.0908781 ], [ 15.88962365, 51.10263546 ], [ 15.8719089, 51.10782061 ], [ 15.8546404, 51.10124756 ] ] ] } },
{ "type": "Feature", "properties": { "id": 31 }, "geometry": { "type": "Polygon", "coordinates": [ [ [ 16.32341208, 51.2424941 ], [ 16.32378235, 51.23075298 ], [ 16.34151488, 51.22550873 ], [ 16.35888125, 51.23200474 ], [ 16.35851687, 51.24374626 ], [ 16.34078023, 51.24899137 ], [ 16.32341208, 51.2424941 ] ] ] } },
{ "type": "Feature", "properties": { "id": 32 }, "geometry": { "type": "Polygon", "coordinates": [ [ [ 16.14915164, 51.20085374 ], [ 16.14955088, 51.18910851 ], [ 16.16727822, 51.18388761 ], [ 16.18461045, 51.19041107 ], [ 16.18421708, 51.2021567 ], [ 16.1664856, 51.20737847 ], [ 16.14915164, 51.20085374 ] ] ] } },
{ "type": "Feature", "properties": { "id": 33 }, "geometry": { "type": "Polygon", "coordinates": [ [ [ 15.96226562, 51.51047456 ], [ 15.96269808, 51.49878671 ], [ 15.98051026, 51.49362612 ], [ 15.99789418, 51.50015252 ], [ 15.99746763, 51.51184079 ], [ 15.97965124, 51.51700224 ], [ 15.96226562, 51.51047456 ] ] ] } },
{ "type": "Feature", "properties": { "id": 34 }, "geometry": { "type": "Polygon", "coordinates": [ [ [ 16.07992008, 51.67281509 ], [ 16.08033373, 51.66115356 ], [ 16.09818447, 51.65599061 ], [ 16.11562576, 51.66248833 ], [ 16.11521805, 51.67415028 ], [ 16.09736311, 51.6793141 ], [ 16.07992008, 51.67281509 ] ] ] } },
{ "type": "Feature", "properties": { "id": 35 }, "geometry": { "type": "Polygon", "coordinates": [ [ [ 16.24631699, 51.45093424 ], [ 16.24670133, 51.43923079 ], [ 16.26448963, 51.4340194 ], [ 16.28189773, 51.44051059 ], [ 16.2815193, 51.45221444 ], [ 16.26372685, 51.45742671 ], [ 16.24631699, 51.45093424 ] ] ] } },
{ "type": "Feature", "properties": { "id": 36 }, "geometry": { "type": "Polygon", "coordinates": [ [ [ 16.52298739, 51.63623483 ], [ 16.52332609, 51.62455911 ], [ 16.54115318, 51.61932257 ], [ 16.55864568, 51.62576085 ], [ 16.55831294, 51.63743695 ], [ 16.54048174, 51.64267439 ], [ 16.52298739, 51.63623483 ] ] ] } },
{ "type": "Feature", "properties": { "id": 37 }, "geometry": { "type": "Polygon", "coordinates": [ [ [ 16.06831908, 51.00351104 ], [ 16.0687307, 50.99173322 ], [ 16.08641047, 50.98650554 ], [ 16.10368274, 50.99305483 ], [ 16.10327695, 51.00483306 ], [ 16.08559306, 51.01006159 ], [ 16.06831908, 51.00351104 ] ] ] } },
{ "type": "Feature", "properties": { "id": 38 }, "geometry": { "type": "Polygon", "coordinates": [ [ [ 16.14661027, 50.75836652 ], [ 16.14700742, 50.74654526 ], [ 16.16462336, 50.74128113 ], [ 16.18184622, 50.74783743 ], [ 16.18145485, 50.75965912 ], [ 16.16383484, 50.76492409 ], [ 16.14661027, 50.75836652 ] ] ] } },
{ "type": "Feature", "properties": { "id": 39 }, "geometry": { "type": "Polygon", "coordinates": [ [ [ 16.45725585, 50.87596223 ], [ 16.45760185, 50.86415554 ], [ 16.47523746, 50.85885411 ], [ 16.49253112, 50.86535851 ], [ 16.49219095, 50.8771656 ], [ 16.4745513, 50.88246789 ], [ 16.45725585, 50.87596223 ] ] ] } },
{ "type": "Feature", "properties": { "id": 40 }, "geometry": { "type": "Polygon", "coordinates": [ [ [ 16.55793592, 50.39912152 ], [ 16.5582629, 50.38723201 ], [ 16.57577693, 50.38186832 ], [ 16.59296795, 50.38839328 ], [ 16.59264672, 50.40028319 ], [ 16.57512873, 50.40564774 ], [ 16.55793592, 50.39912152 ] ] ] } },
{ "type": "Feature", "properties": { "id": 41 }, "geometry": { "type": "Polygon", "coordinates": [ [ [ 16.61856825, 51.37599794 ], [ 16.6188896, 51.36427503 ], [ 16.63664643, 51.35899756 ], [ 16.65408596, 51.3654421 ], [ 16.65377052, 51.37716538 ], [ 16.63600964, 51.38244375 ], [ 16.61856825, 51.37599794 ] ] ] } },
{ "type": "Feature", "properties": { "id": 42 }, "geometry": { "type": "Polygon", "coordinates": [ [ [ 16.62529395, 51.12938685 ], [ 16.62561304, 51.11762098 ], [ 16.64330685, 51.11231807 ], [ 16.66068561, 51.11878016 ], [ 16.6603724, 51.13054641 ], [ 16.64267455, 51.1358502 ], [ 16.62529395, 51.12938685 ] ] ] } },
{ "type": "Feature", "properties": { "id": 43 }, "geometry": { "type": "Polygon", "coordinates": [ [ [ 16.67065315, 50.74118505 ], [ 16.67096291, 50.72935169 ], [ 16.6885577, 50.7240036 ], [ 16.70584668, 50.73048799 ], [ 16.70554273, 50.74232173 ], [ 16.68794397, 50.74767069 ], [ 16.67065315, 50.74118505 ] ] ] } },
{ "type": "Feature", "properties": { "id": 44 }, "geometry": { "type": "Polygon", "coordinates": [ [ [ 16.84934092, 50.56902406 ], [ 16.84962021, 50.55715849 ], [ 16.86716601, 50.55176568 ], [ 16.88443644, 50.55823755 ], [ 16.88416294, 50.57010349 ], [ 16.86661322, 50.57549719 ], [ 16.84934092, 50.56902406 ] ] ] } },
{ "type": "Feature", "properties": { "id": 45 }, "geometry": { "type": "Polygon", "coordinates": [ [ [ 17.07175302, 50.77138465 ], [ 17.07199598, 50.75955012 ], [ 17.08958375, 50.75414219 ], [ 17.10693246, 50.7605679 ], [ 17.10669533, 50.77240278 ], [ 17.08910366, 50.7778116 ], [ 17.07175302, 50.77138465 ] ] ] } },
{ "type": "Feature", "properties": { "id": 46 }, "geometry": { "type": "Polygon", "coordinates": [ [ [ 17.26049129, 50.97186354 ], [ 17.26070332, 50.96006066 ], [ 17.27833386, 50.95464278 ], [ 17.29575625, 50.96102686 ], [ 17.29555009, 50.97283007 ], [ 17.27791567, 50.97824887 ], [ 17.26049129, 50.97186354 ] ] ] } },
{ "type": "Feature", "properties": { "id": 47 }, "geometry": { "type": "Polygon", "coordinates": [ [ [ 16.95909425, 51.1223268 ], [ 16.95935733, 51.11055439 ], [ 16.9770374, 51.10519841 ], [ 16.99445835, 51.11161394 ], [ 16.99420115, 51.12338671 ], [ 16.97651713, 51.12874359 ], [ 16.95909425, 51.1223268 ] ] ] } },
{ "type": "Feature", "properties": { "id": 48 }, "geometry": { "type": "Polygon", "coordinates": [ [ [ 16.85547951, 51.04842577 ], [ 16.85575967, 51.03664218 ], [ 16.87342489, 51.03129519 ], [ 16.89081392, 51.03773088 ], [ 16.89053963, 51.04951483 ], [ 16.87287043, 51.05486272 ], [ 16.85547951, 51.04842577 ] ] ] } },
{ "type": "Feature", "properties": { "id": 49 }, "geometry": { "type": "Polygon", "coordinates": [ [ [ 17.46663626, 51.26020977 ], [ 17.46681448, 51.24845398 ], [ 17.4845094, 51.24303211 ], [ 17.50202999, 51.24936511 ], [ 17.5018577, 51.26112122 ], [ 17.4841589, 51.26654402 ], [ 17.46663626, 51.26020977 ] ] ] } },
{ "type": "Feature", "properties": { "id": 50 }, "geometry": { "type": "Polygon", "coordinates": [ [ [ 17.02401486, 51.3711992 ], [ 17.02426795, 51.35946907 ], [ 17.04200883, 51.35412743 ], [ 17.0595006, 51.36051501 ], [ 17.05925345, 51.37224549 ], [ 17.04150859, 51.37758804 ], [ 17.02401486, 51.3711992 ] ] ] } },
{ "type": "Feature", "properties": { "id": 51 }, "geometry": { "type": "Polygon", "coordinates": [ [ [ 17.26821912, 51.51893207 ], [ 17.26843151, 51.50722425 ], [ 17.28620069, 51.50185893 ], [ 17.30376141, 51.5082005 ], [ 17.30355497, 51.51990865 ], [ 17.28578186, 51.5252749 ], [ 17.26821912, 51.51893207 ] ] ] } },
{ "type": "Feature", "properties": { "id": 52 }, "geometry": { "type": "Polygon", "coordinates": [ [ [ 19.0091929, 49.82769367 ], [ 19.00911263, 49.81567738 ], [ 19.02638174, 49.80987998 ], [ 19.04373452, 49.81609788 ], [ 19.04382052, 49.82811438 ], [ 19.02654801, 49.83391276 ], [ 19.0091929, 49.82769367 ] ] ] } },
{ "type": "Feature", "properties": { "id": 57 }, "geometry": { "type": "Polygon", "coordinates": [ [ [ 17.90374534, 53.59273189 ], [ 17.90385361, 53.58139252 ], [ 17.92215285, 53.57613716 ], [ 17.94034786, 53.58222011 ], [ 17.94024595, 53.59355972 ], [ 17.92194266, 53.59881613 ], [ 17.90374534, 53.59273189 ] ] ] } },
{ "type": "Feature", "properties": { "id": 58 }, "geometry": { "type": "Polygon", "coordinates": [ [ [ 17.50460082, 53.44671876 ], [ 17.50477831, 53.43535685 ], [ 17.52305486, 53.43014927 ], [ 17.54115805, 53.43630259 ], [ 17.54098689, 53.44766478 ], [ 17.52270622, 53.45287337 ], [ 17.50460082, 53.44671876 ] ] ] } },
{ "type": "Feature", "properties": { "id": 59 }, "geometry": { "type": "Polygon", "coordinates": [ [ [ 17.58229671, 53.10680455 ], [ 17.58245983, 53.0953786 ], [ 17.60063842, 53.09012384 ], [ 17.61865794, 53.09629402 ], [ 17.61850108, 53.10772025 ], [ 17.60031844, 53.11297602 ], [ 17.58229671, 53.10680455 ] ] ] } },
{ "type": "Feature", "properties": { "id": 60 }, "geometry": { "type": "Polygon", "coordinates": [ [ [ 17.65830893, 52.83380668 ], [ 17.65845828, 52.82232959 ], [ 17.67655865, 52.817035 ], [ 17.69451368, 52.82321651 ], [ 17.69437054, 52.83469388 ], [ 17.67626616, 52.83998947 ], [ 17.65830893, 52.83380668 ] ] ] } },
{ "type": "Feature", "properties": { "id": 61 }, "geometry": { "type": "Polygon", "coordinates": [ [ [ 18.30814458, 52.77918766 ], [ 18.30818181, 52.76769331 ], [ 18.32623629, 52.76229132 ], [ 18.34425739, 52.76838264 ], [ 18.34422638, 52.77987722 ], [ 18.32616805, 52.78528024 ], [ 18.30814458, 52.77918766 ] ] ] } },
{ "type": "Feature", "properties": { "id": 62 }, "geometry": { "type": "Polygon", "coordinates": [ [ [ 18.02038046, 52.6697715 ], [ 18.02046716, 52.6582602 ], [ 18.03850624, 52.65289217 ], [ 18.05646252, 52.65903442 ], [ 18.05638201, 52.67054598 ], [ 18.03833903, 52.67591502 ], [ 18.02038046, 52.6697715 ] ] ] } },
{ "type": "Feature", "properties": { "id": 63 }, "geometry": { "type": "Polygon", "coordinates": [ [ [ 22.25371121, 52.16495723 ], [ 22.2530729, 52.15333879 ], [ 22.27069797, 52.1472712 ], [ 22.28896421, 52.15282089 ], [ 22.28960865, 52.16443929 ], [ 22.27198072, 52.17050805 ], [ 22.25371121, 52.16495723 ] ] ] } },
{ "type": "Feature", "properties": { "id": 64 }, "geometry": { "type": "Polygon", "coordinates": [ [ [ 22.43520432, 52.19710046 ], [ 22.43453466, 52.18548856 ], [ 22.45215262, 52.17939691 ], [ 22.47044305, 52.18491598 ], [ 22.47111884, 52.19652783 ], [ 22.45349807, 52.20262066 ], [ 22.43520432, 52.19710046 ] ] ] } },
{ "type": "Feature", "properties": { "id": 65 }, "geometry": { "type": "Polygon", "coordinates": [ [ [ 19.79483957, 52.12221351 ], [ 19.79462226, 52.11058883 ], [ 19.81241735, 52.1048906 ], [ 19.83043317, 52.11081598 ], [ 19.83065661, 52.12244079 ], [ 19.81285808, 52.1281401 ], [ 19.79483957, 52.12221351 ] ] ] } },
{ "type": "Feature", "properties": { "id": 66 }, "geometry": { "type": "Polygon", "coordinates": [ [ [ 20.45142172, 53.77682701 ], [ 20.45108375, 53.76550509 ], [ 20.46928387, 53.75987194 ], [ 20.48782542, 53.76555953 ], [ 20.48816984, 53.77688152 ], [ 20.46996626, 53.78251584 ], [ 20.45142172, 53.77682701 ] ] ] } },
{ "type": "Feature", "properties": { "id": 67 }, "geometry": { "type": "Polygon", "coordinates": [ [ [ 23.12866101, 53.13610049 ], [ 23.12786171, 53.12466454 ], [ 23.1456659, 53.11856107 ], [ 23.1642721, 53.12389232 ], [ 23.1650777, 53.13532817 ], [ 23.1472708, 53.14143287 ], [ 23.12866101, 53.13610049 ] ] ] } },
{ "type": "Feature", "properties": { "id": 68 }, "geometry": { "type": "Polygon", "coordinates": [ [ [ 22.2340579, 50.46947599 ], [ 22.23343821, 50.45756003 ], [ 22.25064157, 50.45133581 ], [ 22.26846735, 50.45702643 ], [ 22.26909288, 50.46894236 ], [ 22.2518868, 50.4751677 ], [ 22.2340579, 50.46947599 ] ] ] } },
{ "type": "Feature", "properties": { "id": 69 }, "geometry": { "type": "Polygon", "coordinates": [ [ [ 22.08264163, 50.59674322 ], [ 22.08204614, 50.58484849 ], [ 22.09929256, 50.57865844 ], [ 22.11713724, 50.584362 ], [ 22.11773859, 50.5962567 ], [ 22.1004894, 50.60244787 ], [ 22.08264163, 50.59674322 ] ] ] } },
{ "type": "Feature", "properties": { "id": 70 }, "geometry": { "type": "Polygon", "coordinates": [ [ [ 21.67823818, 50.58373665 ], [ 21.67771043, 50.57183878 ], [ 21.69498572, 50.56570781 ], [ 21.71279162, 50.57147361 ], [ 21.71332524, 50.58337149 ], [ 21.69604708, 50.58950356 ], [ 21.67823818, 50.58373665 ] ] ] } },
{ "type": "Feature", "properties": { "id": 71 }, "geometry": { "type": "Polygon", "coordinates": [ [ [ 17.70024878, 53.80864588 ], [ 17.70039303, 53.79734943 ], [ 17.71876304, 53.79214848 ], [ 17.73699292, 53.79824294 ], [ 17.73685507, 53.80953965 ], [ 17.71848094, 53.81474164 ], [ 17.70024878, 53.80864588 ] ] ] } },
{ "type": "Feature", "properties": { "id": 72 }, "geometry": { "type": "Polygon", "coordinates": [ [ [ 18.34110292, 53.90736934 ], [ 18.34113502, 53.89608468 ], [ 18.35950169, 53.89079317 ], [ 18.37784026, 53.89678523 ], [ 18.37781461, 53.90807011 ], [ 18.35944395, 53.9133627 ], [ 18.34110292, 53.90736934 ] ] ] } },
{ "type": "Feature", "properties": { "id": 73 }, "geometry": { "type": "Polygon", "coordinates": [ [ [ 17.95477026, 54.01767245 ], [ 17.95487029, 54.00641263 ], [ 17.97328806, 54.00119333 ], [ 17.99160988, 54.00723277 ], [ 17.9915163, 54.01849283 ], [ 17.97309445, 54.02371321 ], [ 17.95477026, 54.01767245 ] ] ] } },
{ "type": "Feature", "properties": { "id": 74 }, "geometry": { "type": "Polygon", "coordinates": [ [ [ 17.15231546, 53.7600264 ], [ 17.15255535, 53.74872779 ], [ 17.17093549, 53.74360834 ], [ 17.18907999, 53.74978649 ], [ 17.18884648, 53.7610854 ], [ 17.1704621, 53.76620587 ], [ 17.15231546, 53.7600264 ] ] ] } },
{ "type": "Feature", "properties": { "id": 75 }, "geometry": { "type": "Polygon", "coordinates": [ [ [ 17.36425482, 54.17160847 ], [ 17.36445899, 54.16038489 ], [ 17.3829485, 54.15527489 ], [ 17.40123808, 54.16138742 ], [ 17.40104037, 54.17261128 ], [ 17.38254662, 54.17772233 ], [ 17.36425482, 54.17160847 ] ] ] } },
{ "type": "Feature", "properties": { "id": 76 }, "geometry": { "type": "Polygon", "coordinates": [ [ [ 17.13776719, 54.43404049 ], [ 17.13801219, 54.42286998 ], [ 17.15658809, 54.41782345 ], [ 17.17492331, 54.42394637 ], [ 17.17468483, 54.43511716 ], [ 17.1561046, 54.44016474 ], [ 17.13776719, 54.43404049 ] ] ] } },
{ "type": "Feature", "properties": { "id": 77 }, "geometry": { "type": "Polygon", "coordinates": [ [ [ 18.72677437, 53.93109645 ], [ 18.72673875, 53.91981284 ], [ 18.74509146, 53.91446335 ], [ 18.76348367, 53.92039636 ], [ 18.76352574, 53.93168015 ], [ 18.74516914, 53.93703075 ], [ 18.72677437, 53.93109645 ] ] ] } },
{ "type": "Feature", "properties": { "id": 53 }, "geometry": { "type": "Polygon", "coordinates": [ [ [ 16.55230425, 51.84725404 ], [ 16.55263903, 51.83561509 ], [ 16.57052003, 51.83039503 ], [ 16.58807037, 51.83681302 ], [ 16.58774158, 51.84845234 ], [ 16.56985646, 51.8536733 ], [ 16.55230425, 51.84725404 ] ] ] } },
{ "type": "Feature", "properties": { "id": 54 }, "geometry": { "type": "Polygon", "coordinates": [ [ [ 16.72953237, 51.8531398 ], [ 16.72983715, 51.84149902 ], [ 16.74771346, 51.83625161 ], [ 16.76528908, 51.84264407 ], [ 16.7649903, 51.85428521 ], [ 16.7471099, 51.85953353 ], [ 16.72953237, 51.8531398 ] ] ] } },
{ "type": "Feature", "properties": { "id": 55 }, "geometry": { "type": "Polygon", "coordinates": [ [ [ 17.81676814, 53.19820163 ], [ 17.81689085, 53.18678976 ], [ 17.835084, 53.18150748 ], [ 17.85315846, 53.18763604 ], [ 17.85304204, 53.19904817 ], [ 17.83484487, 53.20433148 ], [ 17.81676814, 53.19820163 ] ] ] } },
{ "type": "Feature", "properties": { "id": 56 }, "geometry": { "type": "Polygon", "coordinates": [ [ [ 18.39700733, 53.48377048 ], [ 18.39702947, 53.47240563 ], [ 18.41527344, 53.4670616 ], [ 18.43349919, 53.47308136 ], [ 18.43348341, 53.48444643 ], [ 18.41523552, 53.48979153 ], [ 18.39700733, 53.48377048 ] ] ] } },
{ "type": "Feature", "properties": { "id": 78 }, "geometry": { "type": "Polygon", "coordinates": [ [ [ 19.07442201, 53.74970875 ], [ 19.07432559, 53.7383882 ], [ 19.09260693, 53.73296566 ], [ 19.11098849, 53.73886256 ], [ 19.11109133, 53.75018328 ], [ 19.0928062, 53.75560693 ], [ 19.07442201, 53.74970875 ] ] ] } },
{ "type": "Feature", "properties": { "id": 79 }, "geometry": { "type": "Polygon", "coordinates": [ [ [ 19.24114905, 53.90438446 ], [ 19.24102311, 53.89309202 ], [ 19.25933846, 53.88765945 ], [ 19.27778351, 53.89351821 ], [ 19.27791591, 53.90481081 ], [ 19.2595968, 53.9102445 ], [ 19.24114905, 53.90438446 ] ] ] } },
{ "type": "Feature", "properties": { "id": 80 }, "geometry": { "type": "Polygon", "coordinates": [ [ [ 19.0219087, 54.07070634 ], [ 19.02182105, 54.05944696 ], [ 19.04019693, 54.05406581 ], [ 19.05866431, 54.05994292 ], [ 19.05875845, 54.07120247 ], [ 19.04037873, 54.07658474 ], [ 19.0219087, 54.07070634 ] ] ] } },
{ "type": "Feature", "properties": { "id": 81 }, "geometry": { "type": "Polygon", "coordinates": [ [ [ 18.58006235, 54.23247739 ], [ 18.58005245, 54.22125235 ], [ 18.59849996, 54.21595718 ], [ 18.61696132, 54.22188596 ], [ 18.61697773, 54.23311119 ], [ 18.59852626, 54.23840747 ], [ 18.58006235, 54.23247739 ] ] ] } },
{ "type": "Feature", "properties": { "id": 82 }, "geometry": { "type": "Polygon", "coordinates": [ [ [ 18.09976067, 54.32411915 ], [ 18.09983559, 54.31291617 ], [ 18.11833494, 54.30770606 ], [ 18.13676346, 54.31369785 ], [ 18.13669506, 54.32490106 ], [ 18.11819162, 54.33011225 ], [ 18.09976067, 54.32411915 ] ] ] } },
{ "type": "Feature", "properties": { "id": 83 }, "geometry": { "type": "Polygon", "coordinates": [ [ [ 17.6718729, 54.56575764 ], [ 17.67202391, 54.55460571 ], [ 17.690615, 54.54948851 ], [ 17.70905931, 54.55552216 ], [ 17.70891487, 54.56667435 ], [ 17.69031955, 54.57179263 ], [ 17.6718729, 54.56575764 ] ] ] } },
{ "type": "Feature", "properties": { "id": 84 }, "geometry": { "type": "Polygon", "coordinates": [ [ [ 18.09772778, 54.62578856 ], [ 18.09780342, 54.61464354 ], [ 18.11639154, 54.60946546 ], [ 18.13490814, 54.6154313 ], [ 18.13483909, 54.62657655 ], [ 18.11624684, 54.63175572 ], [ 18.09772778, 54.62578856 ] ] ] } },
{ "type": "Feature", "properties": { "id": 85 }, "geometry": { "type": "Polygon", "coordinates": [ [ [ 18.43174639, 54.69930957 ], [ 18.43176278, 54.68817554 ], [ 18.45035525, 54.68295265 ], [ 18.4689354, 54.68886266 ], [ 18.46892562, 54.69999689 ], [ 18.45032908, 54.70522091 ], [ 18.43174639, 54.69930957 ] ] ] } },
{ "type": "Feature", "properties": { "id": 86 }, "geometry": { "type": "Polygon", "coordinates": [ [ [ 19.13472371, 54.30812324 ], [ 19.13461579, 54.2969084 ], [ 19.15305358, 54.29153433 ], [ 19.17160314, 54.29737398 ], [ 19.17171761, 54.30858898 ], [ 19.15327597, 54.31396418 ], [ 19.13472371, 54.30812324 ] ] ] } },
{ "type": "Feature", "properties": { "id": 87 }, "geometry": { "type": "Polygon", "coordinates": [ [ [ 18.76543438, 54.43723497 ], [ 18.76539164, 54.4260476 ], [ 18.78388849, 54.42074479 ], [ 18.80243204, 54.42662822 ], [ 18.80248135, 54.43781577 ], [ 18.78398054, 54.44311971 ], [ 18.76543438, 54.43723497 ] ] ] } },
{ "type": "Feature", "properties": { "id": 93 }, "geometry": { "type": "Polygon", "coordinates": [ [ [ 23.12481338, 52.02704962 ], [ 23.12402783, 52.01541097 ], [ 23.14154077, 52.00920034 ], [ 23.15984188, 52.01462716 ], [ 23.16063353, 52.02626569 ], [ 23.14311796, 52.03247752 ], [ 23.12481338, 52.02704962 ] ] ] } },
{ "type": "Feature", "properties": { "id": 94 }, "geometry": { "type": "Polygon", "coordinates": [ [ [ 19.96109833, 49.78139445 ], [ 19.96086062, 49.76936422 ], [ 19.97806359, 49.76341767 ], [ 19.99550745, 49.76950035 ], [ 19.9957509, 49.78153073 ], [ 19.97854475, 49.78747829 ], [ 19.96109833, 49.78139445 ] ] ] } },
{ "type": "Feature", "properties": { "id": 95 }, "geometry": { "type": "Polygon", "coordinates": [ [ [ 22.62577736, 49.3449657 ], [ 22.62510284, 49.33286362 ], [ 22.64200954, 49.32648101 ], [ 22.65959332, 49.33219939 ], [ 22.6602735, 49.34430142 ], [ 22.64336424, 49.35068513 ], [ 22.62577736, 49.3449657 ] ] ] } },
{ "type": "Feature", "properties": { "id": 96 }, "geometry": { "type": "Polygon", "coordinates": [ [ [ 20.93552687, 52.45466556 ], [ 20.93511235, 52.44309767 ], [ 20.9529171, 52.43725756 ], [ 20.97113956, 52.4429842 ], [ 20.97156027, 52.45455213 ], [ 20.95375232, 52.46039338 ], [ 20.93552687, 52.45466556 ] ] ] } },
{ "type": "Feature", "properties": { "id": 97 }, "geometry": { "type": "Polygon", "coordinates": [ [ [ 18.76856197, 50.32727171 ], [ 18.76852124, 50.31534117 ], [ 18.78592316, 50.30962751 ], [ 18.8033693, 50.31584343 ], [ 18.80341584, 50.32777419 ], [ 18.78601043, 50.33348882 ], [ 18.76856197, 50.32727171 ] ] ] } },
{ "type": "Feature", "properties": { "id": 98 }, "geometry": { "type": "Polygon", "coordinates": [ [ [ 22.33160567, 49.33204279 ], [ 22.33097958, 49.31993731 ], [ 22.34790766, 49.31359669 ], [ 22.36546446, 49.31936046 ], [ 22.36609621, 49.3314659 ], [ 22.34916551, 49.33780762 ], [ 22.33160567, 49.33204279 ] ] ] } },
{ "type": "Feature", "properties": { "id": 99 }, "geometry": { "type": "Polygon", "coordinates": [ [ [ 18.56091149, 53.02471279 ], [ 18.5609051, 53.01326116 ], [ 18.57901334, 53.00784457 ], [ 18.59713182, 53.01387856 ], [ 18.59714449, 53.02533041 ], [ 18.57903241, 53.03074805 ], [ 18.56091149, 53.02471279 ] ] ] } },
{ "type": "Feature", "properties": { "id": 100 }, "geometry": { "type": "Polygon", "coordinates": [ [ [ 23.23375401, 50.73587911 ], [ 23.23296468, 50.72401414 ], [ 23.25014598, 50.71766682 ], [ 23.26811911, 50.72318331 ], [ 23.26891431, 50.73504817 ], [ 23.25173051, 50.74139665 ], [ 23.23375401, 50.73587911 ] ] ] } },
{ "type": "Feature", "properties": { "id": 101 }, "geometry": { "type": "Polygon", "coordinates": [ [ [ 21.40253332, 52.41762522 ], [ 21.40203879, 52.40605058 ], [ 21.41979861, 52.40013588 ], [ 21.43805605, 52.40579465 ], [ 21.43855676, 52.4173693 ], [ 21.42079386, 52.42328516 ], [ 21.40253332, 52.41762522 ] ] ] } },
{ "type": "Feature", "properties": { "id": 102 }, "geometry": { "type": "Polygon", "coordinates": [ [ [ 19.25526169, 50.19002473 ], [ 19.25514009, 50.17806706 ], [ 19.27248235, 50.17226585 ], [ 19.28994959, 50.17842133 ], [ 19.29007698, 50.19037919 ], [ 19.27273135, 50.19618139 ], [ 19.25526169, 50.19002473 ] ] ] } },
{ "type": "Feature", "properties": { "id": 103 }, "geometry": { "type": "Polygon", "coordinates": [ [ [ 19.20389063, 50.27908976 ], [ 19.20377744, 50.26714748 ], [ 19.2211441, 50.26136249 ], [ 19.23862735, 50.2675188 ], [ 19.23874635, 50.27946128 ], [ 19.2213763, 50.28524726 ], [ 19.20389063, 50.27908976 ] ] ] } },
{ "type": "Feature", "properties": { "id": 104 }, "geometry": { "type": "Polygon", "coordinates": [ [ [ 22.47602018, 50.08890067 ], [ 22.47536359, 50.07692125 ], [ 22.4924561, 50.07062669 ], [ 22.51020783, 50.07631043 ], [ 22.51087019, 50.0882898 ], [ 22.49377504, 50.09458548 ], [ 22.47602018, 50.08890067 ] ] ] } },
{ "type": "Feature", "properties": { "id": 105 }, "geometry": { "type": "Polygon", "coordinates": [ [ [ 23.12869474, 50.20155681 ], [ 23.12792873, 50.18960002 ], [ 23.1449915, 50.18321973 ], [ 23.16282277, 50.18879507 ], [ 23.16359457, 50.20075175 ], [ 23.14652931, 50.2071332 ], [ 23.12869474, 50.20155681 ] ] ] } },
{ "type": "Feature", "properties": { "id": 106 }, "geometry": { "type": "Polygon", "coordinates": [ [ [ 22.71435479, 50.58637109 ], [ 22.71365382, 50.57447722 ], [ 22.73084494, 50.56819265 ], [ 22.74873965, 50.57380081 ], [ 22.74944647, 50.58569461 ], [ 22.73225274, 50.59198032 ], [ 22.71435479, 50.58637109 ] ] ] } },
{ "type": "Feature", "properties": { "id": 107 }, "geometry": { "type": "Polygon", "coordinates": [ [ [ 20.00596488, 51.94881369 ], [ 20.0057121, 51.93715696 ], [ 20.02344856, 51.93140927 ], [ 20.04144118, 51.93731725 ], [ 20.04170006, 51.94897411 ], [ 20.02396023, 51.95472287 ], [ 20.00596488, 51.94881369 ] ] ] } },
{ "type": "Feature", "properties": { "id": 115 }, "geometry": { "type": "Polygon", "coordinates": [ [ [ 18.87383011, 50.47176524 ], [ 18.87377172, 50.45985825 ], [ 18.89120327, 50.4541421 ], [ 18.9086967, 50.46033196 ], [ 18.90876092, 50.47223918 ], [ 18.89132588, 50.47795631 ], [ 18.87383011, 50.47176524 ] ] ] } },
{ "type": "Feature", "properties": { "id": 116 }, "geometry": { "type": "Polygon", "coordinates": [ [ [ 18.2382082, 52.25847395 ], [ 18.23825711, 52.24688576 ], [ 18.25617562, 52.24144231 ], [ 18.27404904, 52.24758603 ], [ 18.27400625, 52.25917446 ], [ 18.25608393, 52.26461893 ], [ 18.2382082, 52.25847395 ] ] ] } },
{ "type": "Feature", "properties": { "id": 117 }, "geometry": { "type": "Polygon", "coordinates": [ [ [ 15.53889511, 51.93063603 ], [ 15.5394018, 51.91903039 ], [ 15.55733494, 51.91397913 ], [ 15.57476574, 51.92053265 ], [ 15.57426501, 51.93213873 ], [ 15.55632752, 51.93719084 ], [ 15.53889511, 51.93063603 ] ] ] } },
{ "type": "Feature", "properties": { "id": 118 }, "geometry": { "type": "Polygon", "coordinates": [ [ [ 19.10367952, 50.8131958 ], [ 19.10358229, 50.80134526 ], [ 19.12108528, 50.7956263 ], [ 19.13868897, 50.80175686 ], [ 19.1387921, 50.81360759 ], [ 19.12128564, 50.81932756 ], [ 19.10367952, 50.8131958 ] ] ] } },
{ "type": "Feature", "properties": { "id": 119 }, "geometry": { "type": "Polygon", "coordinates": [ [ [ 18.47200168, 50.87502295 ], [ 18.4720104, 50.86318865 ], [ 18.48956219, 50.85757302 ], [ 18.50710887, 50.86379071 ], [ 18.50710604, 50.87562525 ], [ 18.48955064, 50.88124186 ], [ 18.47200168, 50.87502295 ] ] ] } },
{ "type": "Feature", "properties": { "id": 120 }, "geometry": { "type": "Polygon", "coordinates": [ [ [ 18.80271934, 50.14860134 ], [ 18.80267303, 50.1366404 ], [ 18.82002993, 50.13090464 ], [ 18.8374366, 50.13712885 ], [ 18.83748869, 50.14909002 ], [ 18.82012833, 50.15482675 ], [ 18.80271934, 50.14860134 ] ] ] } },
{ "type": "Feature", "properties": { "id": 121 }, "geometry": { "type": "Polygon", "coordinates": [ [ [ 22.54008288, 51.22945716 ], [ 22.53940487, 51.21767371 ], [ 22.55676836, 51.21147441 ], [ 22.57481255, 51.21705741 ], [ 22.57549652, 51.2288408 ], [ 22.55813033, 51.23504125 ], [ 22.54008288, 51.22945716 ] ] ] } },
{ "type": "Feature", "properties": { "id": 122 }, "geometry": { "type": "Polygon", "coordinates": [ [ [ 19.40277641, 52.25831164 ], [ 19.40262587, 52.24671368 ], [ 19.42048074, 52.24108935 ], [ 19.43848969, 52.24706192 ], [ 19.43864637, 52.25866004 ], [ 19.42078796, 52.26428544 ], [ 19.40277641, 52.25831164 ] ] ] } },
{ "type": "Feature", "properties": { "id": 123 }, "geometry": { "type": "Polygon", "coordinates": [ [ [ 18.93455469, 51.90401907 ], [ 18.93448474, 51.89236093 ], [ 18.95227381, 51.886774 ], [ 18.97013644, 51.89284419 ], [ 18.97021246, 51.90450253 ], [ 18.95241978, 51.91009049 ], [ 18.93455469, 51.90401907 ] ] ] } },
{ "type": "Feature", "properties": { "id": 124 }, "geometry": { "type": "Polygon", "coordinates": [ [ [ 19.43396907, 51.90980816 ], [ 19.43381398, 51.89814746 ], [ 19.45157586, 51.89248392 ], [ 19.46949633, 51.89848002 ], [ 19.46965751, 51.91014088 ], [ 19.45189212, 51.91580547 ], [ 19.43396907, 51.90980816 ] ] ] } },
{ "type": "Feature", "properties": { "id": 125 }, "geometry": { "type": "Polygon", "coordinates": [ [ [ 19.25709057, 50.36914821 ], [ 19.25696836, 50.35722076 ], [ 19.27435386, 50.35143611 ], [ 19.29186496, 50.35757791 ], [ 19.29199299, 50.36950556 ], [ 19.2746041, 50.37529121 ], [ 19.25709057, 50.36914821 ] ] ] } },
{ "type": "Feature", "properties": { "id": 88 }, "geometry": { "type": "Polygon", "coordinates": [ [ [ 18.52469716, 54.44995943 ], [ 18.52469703, 54.43877653 ], [ 18.54321095, 54.4335128 ], [ 18.56172899, 54.43943088 ], [ 18.56173568, 54.45061398 ], [ 18.54321776, 54.45587882 ], [ 18.52469716, 54.44995943 ] ] ] } },
{ "type": "Feature", "properties": { "id": 89 }, "geometry": { "type": "Polygon", "coordinates": [ [ [ 16.989324, 54.46311702 ], [ 16.98959531, 54.45195413 ], [ 17.00818588, 54.44693421 ], [ 17.0265095, 54.45307615 ], [ 17.0262447, 54.46423934 ], [ 17.00764976, 54.46926029 ], [ 16.989324, 54.46311702 ] ] ] } },
{ "type": "Feature", "properties": { "id": 90 }, "geometry": { "type": "Polygon", "coordinates": [ [ [ 19.42929948, 54.21051104 ], [ 19.42913973, 54.19927568 ], [ 19.44753134, 54.19384553 ], [ 19.46608646, 54.19964959 ], [ 19.46625274, 54.21088509 ], [ 19.44785738, 54.21631638 ], [ 19.42929948, 54.21051104 ] ] ] } },
{ "type": "Feature", "properties": { "id": 91 }, "geometry": { "type": "Polygon", "coordinates": [ [ [ 20.58101082, 50.85697145 ], [ 20.58066535, 50.84512098 ], [ 20.59808751, 50.83918065 ], [ 20.61585826, 50.84508973 ], [ 20.61620964, 50.85694028 ], [ 20.59878435, 50.86288168 ], [ 20.58101082, 50.85697145 ] ] ] } },
{ "type": "Feature", "properties": { "id": 92 }, "geometry": { "type": "Polygon", "coordinates": [ [ [ 18.77848234, 53.06259964 ], [ 18.77843824, 53.05115311 ], [ 18.7965451, 53.04570642 ], [ 18.81469984, 53.0517052 ], [ 18.81475024, 53.06315192 ], [ 18.7966396, 53.06859968 ], [ 18.77848234, 53.06259964 ] ] ] } },
{ "type": "Feature", "properties": { "id": 112 }, "geometry": { "type": "Polygon", "coordinates": [ [ [ 18.04493872, 51.74847902 ], [ 18.04502009, 51.73680182 ], [ 18.06281444, 51.7313378 ], [ 18.08053123, 51.73754999 ], [ 18.08045589, 51.74922745 ], [ 18.06265774, 51.75469245 ], [ 18.04493872, 51.74847902 ] ] ] } },
{ "type": "Feature", "properties": { "id": 113 }, "geometry": { "type": "Polygon", "coordinates": [ [ [ 16.20457781, 54.21836267 ], [ 16.20498585, 54.20716514 ], [ 16.22353352, 54.20224425 ], [ 16.24167766, 54.20851991 ], [ 16.24127604, 54.2197178 ], [ 16.22272386, 54.22463967 ], [ 16.20457781, 54.21836267 ] ] ] } },
{ "type": "Feature", "properties": { "id": 114 }, "geometry": { "type": "Polygon", "coordinates": [ [ [ 18.47236541, 50.37623443 ], [ 18.472374, 50.36431502 ], [ 18.48980295, 50.35865161 ], [ 18.50722686, 50.36490666 ], [ 18.50722407, 50.37682632 ], [ 18.48979156, 50.38249069 ], [ 18.47236541, 50.37623443 ] ] ] } },
{ "type": "Feature", "properties": { "id": 108 }, "geometry": { "type": "Polygon", "coordinates": [ [ [ 21.5591255, 53.09012694 ], [ 21.5585988, 53.07867593 ], [ 21.576526, 53.072804 ], [ 21.59498302, 53.0783819 ], [ 21.59551604, 53.08983291 ], [ 21.57758573, 53.09570602 ], [ 21.5591255, 53.09012694 ] ] ] } },
{ "type": "Feature", "properties": { "id": 109 }, "geometry": { "type": "Polygon", "coordinates": [ [ [ 18.78384581, 49.73454855 ], [ 18.78380288, 49.72251882 ], [ 18.80106181, 49.71674723 ], [ 18.81836711, 49.72300442 ], [ 18.81841575, 49.7350344 ], [ 18.80115338, 49.74080694 ], [ 18.78384581, 49.73454855 ] ] ] } },
{ "type": "Feature", "properties": { "id": 110 }, "geometry": { "type": "Polygon", "coordinates": [ [ [ 18.64656197, 50.30753585 ], [ 18.64654156, 50.29560311 ], [ 18.663945, 50.28990635 ], [ 18.68137237, 50.29614137 ], [ 18.68139858, 50.30807435 ], [ 18.66399162, 50.31377207 ], [ 18.64656197, 50.30753585 ] ] ] } },
{ "type": "Feature", "properties": { "id": 111 }, "geometry": { "type": "Polygon", "coordinates": [ [ [ 18.74358738, 53.47269361 ], [ 18.74354909, 53.46132359 ], [ 18.76177136, 53.45592421 ], [ 18.78003577, 53.46189376 ], [ 18.78008043, 53.47326397 ], [ 18.76185432, 53.47866443 ], [ 18.74358738, 53.47269361 ] ] ] } },
{ "type": "Feature", "properties": { "id": 126 }, "geometry": { "type": "Polygon", "coordinates": [ [ [ 19.10048798, 50.42105566 ], [ 19.10039182, 50.40913819 ], [ 19.1177987, 50.40338243 ], [ 19.13530517, 50.40954316 ], [ 19.13540716, 50.42146083 ], [ 19.11799685, 50.42721758 ], [ 19.10048798, 50.42105566 ] ] ] } },
{ "type": "Feature", "properties": { "id": 127 }, "geometry": { "type": "Polygon", "coordinates": [ [ [ 22.41120916, 51.14310258 ], [ 22.41055369, 51.13130347 ], [ 22.42790672, 51.12511525 ], [ 22.44591794, 51.13072499 ], [ 22.44657936, 51.14252405 ], [ 22.4292236, 51.14871342 ], [ 22.41120916, 51.14310258 ] ] ] } },
{ "type": "Feature", "properties": { "id": 128 }, "geometry": { "type": "Polygon", "coordinates": [ [ [ 19.39366698, 50.11959949 ], [ 19.39352249, 50.10762901 ], [ 19.41083994, 50.10180007 ], [ 19.4283052, 50.10794061 ], [ 19.42845547, 50.11991128 ], [ 19.41113469, 50.12574122 ], [ 19.39366698, 50.11959949 ] ] ] } },
{ "type": "Feature", "properties": { "id": 129 }, "geometry": { "type": "Polygon", "coordinates": [ [ [ 19.2149327, 49.61344315 ], [ 19.21481872, 49.60138981 ], [ 19.23202591, 49.59554116 ], [ 19.24935041, 49.60174488 ], [ 19.24947009, 49.61379842 ], [ 19.23225957, 49.61964804 ], [ 19.2149327, 49.61344315 ] ] ] } },
{ "type": "Feature", "properties": { "id": 130 }, "geometry": { "type": "Polygon", "coordinates": [ [ [ 17.17982404, 52.42373212 ], [ 17.1800544, 52.41218673 ], [ 17.19806446, 52.40692582 ], [ 17.21584822, 52.41320934 ], [ 17.21562398, 52.42475505 ], [ 17.19760986, 52.43001692 ], [ 17.17982404, 52.42373212 ] ] ] } },
{ "type": "Feature", "properties": { "id": 131 }, "geometry": { "type": "Polygon", "coordinates": [ [ [ 17.55416075, 52.55507017 ], [ 17.55432736, 52.54354354 ], [ 17.57235691, 52.53823704 ], [ 17.59022386, 52.54445618 ], [ 17.59006342, 52.5559831 ], [ 17.57202986, 52.56129058 ], [ 17.55416075, 52.55507017 ] ] ] } },
{ "type": "Feature", "properties": { "id": 132 }, "geometry": { "type": "Polygon", "coordinates": [ [ [ 19.46772705, 51.77007342 ], [ 19.46756654, 51.75838763 ], [ 19.48529027, 51.75270519 ], [ 19.503178, 51.75870749 ], [ 19.50334457, 51.77039344 ], [ 19.48561736, 51.77607693 ], [ 19.46772705, 51.77007342 ] ] ] } },
{ "type": "Feature", "properties": { "id": 133 }, "geometry": { "type": "Polygon", "coordinates": [ [ [ 21.00958737, 52.01912511 ], [ 21.00916286, 52.00747851 ], [ 21.02684826, 52.0015845 ], [ 21.04496132, 52.00733597 ], [ 21.04539195, 52.01898262 ], [ 21.0277034, 52.02487776 ], [ 21.00958737, 52.01912511 ] ] ] } },
{ "type": "Feature", "properties": { "id": 134 }, "geometry": { "type": "Polygon", "coordinates": [ [ [ 18.66345737, 50.03883096 ], [ 18.66343423, 50.02685293 ], [ 18.68077194, 50.02112824 ], [ 18.69813626, 50.02738062 ], [ 18.69816516, 50.03935889 ], [ 18.68082397, 50.04508454 ], [ 18.66345737, 50.03883096 ] ] ] } },
{ "type": "Feature", "properties": { "id": 135 }, "geometry": { "type": "Polygon", "coordinates": [ [ [ 21.37025456, 51.64920587 ], [ 21.36977105, 51.63749328 ], [ 21.38733457, 51.63150893 ], [ 21.40538461, 51.63723605 ], [ 21.40587417, 51.64894867 ], [ 21.38830763, 51.65493415 ], [ 21.37025456, 51.64920587 ] ] ] } },
{ "type": "Feature", "properties": { "id": 136 }, "geometry": { "type": "Polygon", "coordinates": [ [ [ 21.17998035, 51.33336681 ], [ 21.17953122, 51.32159846 ], [ 21.19702922, 51.31561267 ], [ 21.21497939, 51.32139411 ], [ 21.21543452, 51.33316249 ], [ 21.19793348, 51.33914939 ], [ 21.17998035, 51.33336681 ] ] ] } },
{ "type": "Feature", "properties": { "id": 137 }, "geometry": { "type": "Polygon", "coordinates": [ [ [ 20.13145606, 51.96680965 ], [ 20.13118179, 51.95515563 ], [ 20.14891474, 51.94939047 ], [ 20.1669253, 51.95527824 ], [ 20.16720567, 51.96693238 ], [ 20.14946938, 51.97269862 ], [ 20.13145606, 51.96680965 ] ] ] } },
{ "type": "Feature", "properties": { "id": 141 }, "geometry": { "type": "Polygon", "coordinates": [ [ [ 18.13796719, 50.9928891 ], [ 18.13803205, 50.98107867 ], [ 18.15562958, 50.97552618 ], [ 18.17316596, 50.98178316 ], [ 18.173107, 50.99359386 ], [ 18.15550577, 50.99914731 ], [ 18.13796719, 50.9928891 ] ] ] } },
{ "type": "Feature", "properties": { "id": 142 }, "geometry": { "type": "Polygon", "coordinates": [ [ [ 18.88792343, 49.80811611 ], [ 18.88786324, 49.79609761 ], [ 18.90513418, 49.79031693 ], [ 18.92246872, 49.79655379 ], [ 18.92253463, 49.80857251 ], [ 18.90526028, 49.81435415 ], [ 18.88792343, 49.80811611 ] ] ] } },
{ "type": "Feature", "properties": { "id": 143 }, "geometry": { "type": "Polygon", "coordinates": [ [ [ 18.42062481, 49.99891171 ], [ 18.42064194, 49.98692943 ], [ 18.43798222, 49.98123832 ], [ 18.45530891, 49.98752854 ], [ 18.45529753, 49.99951108 ], [ 18.43795371, 50.00520313 ], [ 18.42062481, 49.99891171 ] ] ] } },
{ "type": "Feature", "properties": { "id": 144 }, "geometry": { "type": "Polygon", "coordinates": [ [ [ 18.87156726, 50.0058993 ], [ 18.87150962, 49.99391386 ], [ 18.88882861, 49.98815415 ], [ 18.90620867, 49.9943789 ], [ 18.90627206, 50.00636457 ], [ 18.88894964, 50.01212525 ], [ 18.87156726, 50.0058993 ] ] ] } },
{ "type": "Feature", "properties": { "id": 145 }, "geometry": { "type": "Polygon", "coordinates": [ [ [ 19.13266526, 50.09897607 ], [ 19.13256418, 50.08700404 ], [ 19.14989138, 50.08121305 ], [ 19.16732305, 50.08739312 ], [ 19.1674299, 50.09936535 ], [ 19.15009931, 50.10515732 ], [ 19.13266526, 50.09897607 ] ] ] } },
{ "type": "Feature", "properties": { "id": 146 }, "geometry": { "type": "Polygon", "coordinates": [ [ [ 18.52465183, 50.10843625 ], [ 18.52465171, 50.09647122 ], [ 18.54201318, 50.09077442 ], [ 18.55937828, 50.09704169 ], [ 18.55938416, 50.10900696 ], [ 18.54201917, 50.11470472 ], [ 18.52465183, 50.10843625 ] ] ] } },
{ "type": "Feature", "properties": { "id": 147 }, "geometry": { "type": "Polygon", "coordinates": [ [ [ 18.36834984, 50.12368228 ], [ 18.36837568, 50.11172142 ], [ 18.38574852, 50.10605012 ], [ 18.4030991, 50.11233873 ], [ 18.40307902, 50.12429986 ], [ 18.38570262, 50.1299721 ], [ 18.36834984, 50.12368228 ] ] ] } },
{ "type": "Feature", "properties": { "id": 148 }, "geometry": { "type": "Polygon", "coordinates": [ [ [ 20.77971503, 50.46446772 ], [ 20.77933826, 50.45254958 ], [ 20.79665076, 50.44654244 ], [ 20.81434309, 50.45245238 ], [ 20.8147257, 50.4643706 ], [ 20.79741014, 50.4703788 ], [ 20.77971503, 50.46446772 ] ] ] } },
{ "type": "Feature", "properties": { "id": 149 }, "geometry": { "type": "Polygon", "coordinates": [ [ [ 20.2770094, 50.66102943 ], [ 20.27671583, 50.64914618 ], [ 20.29411021, 50.64323351 ], [ 20.31180135, 50.64920303 ], [ 20.3121008, 50.6610864 ], [ 20.29470323, 50.66700013 ], [ 20.2770094, 50.66102943 ] ] ] } },
{ "type": "Feature", "properties": { "id": 150 }, "geometry": { "type": "Polygon", "coordinates": [ [ [ 20.51268175, 50.30380439 ], [ 20.51235036, 50.29185959 ], [ 20.52964232, 50.28587784 ], [ 20.54726879, 50.29183984 ], [ 20.54760601, 50.30378474 ], [ 20.53031094, 50.30976755 ], [ 20.51268175, 50.30380439 ] ] ] } },
{ "type": "Feature", "properties": { "id": 151 }, "geometry": { "type": "Polygon", "coordinates": [ [ [ 18.17747437, 50.10216131 ], [ 18.17753187, 50.09019893 ], [ 18.19490866, 50.08455503 ], [ 18.21223155, 50.09087257 ], [ 18.21217981, 50.10283523 ], [ 18.19479942, 50.10848006 ], [ 18.17747437, 50.10216131 ] ] ] } },
{ "type": "Feature", "properties": { "id": 152 }, "geometry": { "type": "Polygon", "coordinates": [ [ [ 15.74977447, 51.97430708 ], [ 15.75024582, 51.96270504 ], [ 15.7681849, 51.95762472 ], [ 15.78565692, 51.96414558 ], [ 15.78519154, 51.97574804 ], [ 15.76724816, 51.98082922 ], [ 15.74977447, 51.97430708 ] ] ] } },
{ "type": "Feature", "properties": { "id": 153 }, "geometry": { "type": "Polygon", "coordinates": [ [ [ 15.48962255, 52.24168033 ], [ 15.49013993, 52.23013109 ], [ 15.50815674, 52.22511922 ], [ 15.52566057, 52.23165574 ], [ 15.5251492, 52.24320542 ], [ 15.507128, 52.24821815 ], [ 15.48962255, 52.24168033 ] ] ] } },
{ "type": "Feature", "properties": { "id": 154 }, "geometry": { "type": "Polygon", "coordinates": [ [ [ 19.49051949, 50.85269209 ], [ 19.49035725, 50.84084564 ], [ 19.50784784, 50.83507107 ], [ 19.52550406, 50.84114194 ], [ 19.52567221, 50.85298857 ], [ 19.50817823, 50.85876415 ], [ 19.49051949, 50.85269209 ] ] ] } },
{ "type": "Feature", "properties": { "id": 155 }, "geometry": { "type": "Polygon", "coordinates": [ [ [ 19.27698974, 50.60151129 ], [ 19.2768638, 50.5896232 ], [ 19.29430488, 50.58385747 ], [ 19.3118753, 50.58997883 ], [ 19.31200709, 50.60186711 ], [ 19.29456261, 50.60763384 ], [ 19.27698974, 50.60151129 ] ] ] } },
{ "type": "Feature", "properties": { "id": 156 }, "geometry": { "type": "Polygon", "coordinates": [ [ [ 19.60891702, 50.55094822 ], [ 19.60873567, 50.53904933 ], [ 19.62614499, 50.53322802 ], [ 19.64373901, 50.5393046 ], [ 19.64392622, 50.55120366 ], [ 19.62651356, 50.55702598 ], [ 19.60891702, 50.55094822 ] ] ] } },
{ "type": "Feature", "properties": { "id": 157 }, "geometry": { "type": "Polygon", "coordinates": [ [ [ 20.81561298, 52.10699544 ], [ 20.8152211, 52.09536481 ], [ 20.8329434, 52.08950886 ], [ 20.85106077, 52.09528242 ], [ 20.85145878, 52.10691311 ], [ 20.83373329, 52.11277018 ], [ 20.81561298, 52.10699544 ] ] ] } },
{ "type": "Feature", "properties": { "id": 158 }, "geometry": { "type": "Polygon", "coordinates": [ [ [ 20.96005148, 51.63381993 ], [ 20.95963776, 51.62210467 ], [ 20.97722784, 51.6161809 ], [ 20.99523477, 51.62197129 ], [ 20.99565454, 51.6336866 ], [ 20.97806134, 51.63961147 ], [ 20.96005148, 51.63381993 ] ] ] } },
{ "type": "Feature", "properties": { "id": 159 }, "geometry": { "type": "Polygon", "coordinates": [ [ [ 21.13010613, 51.42184945 ], [ 21.12966487, 51.41009667 ], [ 21.14718882, 51.40412684 ], [ 21.16515708, 51.40990869 ], [ 21.16560435, 51.42166152 ], [ 21.14807735, 51.42763245 ], [ 21.13010613, 51.42184945 ] ] ] } },
{ "type": "Feature", "properties": { "id": 160 }, "geometry": { "type": "Polygon", "coordinates": [ [ [ 21.54537782, 51.17163687 ], [ 21.54486808, 51.15984041 ], [ 21.56229805, 51.15378426 ], [ 21.58024071, 51.15952346 ], [ 21.58075642, 51.17131993 ], [ 21.56332351, 51.1773772 ], [ 21.54537782, 51.17163687 ] ] ] } },
{ "type": "Feature", "properties": { "id": 161 }, "geometry": { "type": "Polygon", "coordinates": [ [ [ 20.82314561, 51.26418337 ], [ 20.82275722, 51.25240319 ], [ 20.84026374, 51.24646478 ], [ 20.85816177, 51.25230546 ], [ 20.85855615, 51.2640857 ], [ 20.84104651, 51.2700252 ], [ 20.82314561, 51.26418337 ] ] ] } },
{ "type": "Feature", "properties": { "id": 162 }, "geometry": { "type": "Polygon", "coordinates": [ [ [ 20.83957736, 51.75708446 ], [ 20.8391834, 51.74539122 ], [ 20.85681365, 51.73949762 ], [ 20.87484101, 51.74529616 ], [ 20.87524104, 51.75698947 ], [ 20.85760763, 51.76288417 ], [ 20.83957736, 51.75708446 ] ] ] } },
{ "type": "Feature", "properties": { "id": 163 }, "geometry": { "type": "Polygon", "coordinates": [ [ [ 20.59773057, 51.42338172 ], [ 20.59737947, 51.41162988 ], [ 20.61494185, 51.40574091 ], [ 20.63285851, 51.41160268 ], [ 20.63321562, 51.4233546 ], [ 20.61565005, 51.42924466 ], [ 20.59773057, 51.42338172 ] ] ] } },
{ "type": "Feature", "properties": { "id": 164 }, "geometry": { "type": "Polygon", "coordinates": [ [ [ 21.13393265, 51.05055247 ], [ 21.13349308, 51.03873476 ], [ 21.15092391, 51.03272912 ], [ 21.16879733, 51.03854008 ], [ 21.16924285, 51.05035783 ], [ 21.15180899, 51.05636458 ], [ 21.13393265, 51.05055247 ] ] ] } },
{ "type": "Feature", "properties": { "id": 165 }, "geometry": { "type": "Polygon", "coordinates": [ [ [ 18.73476386, 50.68372876 ], [ 18.73472857, 50.67185913 ], [ 18.7522195, 50.66618457 ], [ 18.76974924, 50.67237867 ], [ 18.76979038, 50.68424853 ], [ 18.75229592, 50.68992406 ], [ 18.73476386, 50.68372876 ] ] ] } },
{ "type": "Feature", "properties": { "id": 166 }, "geometry": { "type": "Polygon", "coordinates": [ [ [ 20.87845311, 50.80302281 ], [ 20.87805797, 50.79116249 ], [ 20.89544613, 50.78517209 ], [ 20.91323249, 50.79104093 ], [ 20.91363353, 50.80290132 ], [ 20.89624231, 50.80889279 ], [ 20.87845311, 50.80302281 ] ] ] } },
{ "type": "Feature", "properties": { "id": 167 }, "geometry": { "type": "Polygon", "coordinates": [ [ [ 19.96486858, 50.83803049 ], [ 19.96462671, 50.82617892 ], [ 19.9820847, 50.82033046 ], [ 19.99978785, 50.82633253 ], [ 20.00003563, 50.83818424 ], [ 19.98257436, 50.84403375 ], [ 19.96486858, 50.83803049 ] ] ] } },
{ "type": "Feature", "properties": { "id": 168 }, "geometry": { "type": "Polygon", "coordinates": [ [ [ 20.3247689, 51.15834437 ], [ 20.32446519, 51.14654688 ], [ 20.34197947, 51.14067407 ], [ 20.35980068, 51.14659767 ], [ 20.36011035, 51.15839527 ], [ 20.34259284, 51.16426915 ], [ 20.3247689, 51.15834437 ] ] ] } },
{ "type": "Feature", "properties": { "id": 169 }, "geometry": { "type": "Polygon", "coordinates": [ [ [ 18.84096521, 50.93406323 ], [ 18.84091196, 50.92223567 ], [ 18.85845932, 50.91656874 ], [ 18.87606346, 50.92272838 ], [ 18.87612262, 50.93455615 ], [ 18.85857172, 50.94022407 ], [ 18.84096521, 50.93406323 ] ] ] } },
{ "type": "Feature", "properties": { "id": 170 }, "geometry": { "type": "Polygon", "coordinates": [ [ [ 20.72847779, 51.06974763 ], [ 20.72810643, 51.0579337 ], [ 20.74557107, 51.05199116 ], [ 20.7634102, 51.05786146 ], [ 20.76378751, 51.06967546 ], [ 20.74631975, 51.07561909 ], [ 20.72847779, 51.06974763 ] ] ] } },
{ "type": "Feature", "properties": { "id": 171 }, "geometry": { "type": "Polygon", "coordinates": [ [ [ 19.22202305, 52.11710357 ], [ 19.22190374, 52.10548139 ], [ 19.23973214, 52.09987101 ], [ 19.25768342, 52.10588177 ], [ 19.25780885, 52.11750412 ], [ 19.23997688, 52.12311555 ], [ 19.22202305, 52.11710357 ] ] ] } },
{ "type": "Feature", "properties": { "id": 172 }, "geometry": { "type": "Polygon", "coordinates": [ [ [ 19.98993028, 49.49225246 ], [ 19.98968876, 49.48017439 ], [ 20.00682203, 49.47419705 ], [ 20.02419998, 49.48029679 ], [ 20.02444719, 49.49237501 ], [ 20.00731077, 49.49835335 ], [ 19.98993028, 49.49225246 ] ] ] } },
{ "type": "Feature", "properties": { "id": 173 }, "geometry": { "type": "Polygon", "coordinates": [ [ [ 19.6481805, 49.70750052 ], [ 19.64799476, 49.69545974 ], [ 19.66519926, 49.68955386 ], [ 19.68259274, 49.69568775 ], [ 19.6827842, 49.70772869 ], [ 19.66557645, 49.71363557 ], [ 19.6481805, 49.70750052 ] ] ] } },
{ "type": "Feature", "properties": { "id": 174 }, "geometry": { "type": "Polygon", "coordinates": [ [ [ 19.95188545, 49.31074308 ], [ 19.95165077, 49.29863551 ], [ 19.96874417, 49.29264745 ], [ 19.98607538, 49.29876597 ], [ 19.98631572, 49.31087368 ], [ 19.96921918, 49.31686274 ], [ 19.95188545, 49.31074308 ] ] ] } },
{ "type": "Feature", "properties": { "id": 175 }, "geometry": { "type": "Polygon", "coordinates": [ [ [ 19.52982364, 49.90499588 ], [ 19.52965701, 49.89298862 ], [ 19.54691526, 49.88711896 ], [ 19.56434342, 49.89325556 ], [ 19.5645158, 49.905263 ], [ 19.54725426, 49.91113366 ], [ 19.52982364, 49.90499588 ] ] ] } },
{ "type": "Feature", "properties": { "id": 176 }, "geometry": { "type": "Polygon", "coordinates": [ [ [ 19.5992329, 51.06644568 ], [ 19.59905185, 51.05463552 ], [ 19.61658913, 51.04886474 ], [ 19.63431084, 51.05490307 ], [ 19.63449784, 51.06671339 ], [ 19.61695717, 51.07248521 ], [ 19.5992329, 51.06644568 ] ] ] } },
{ "type": "Feature", "properties": { "id": 177 }, "geometry": { "type": "Polygon", "coordinates": [ [ [ 16.91186161, 52.39840257 ], [ 16.9121377, 52.38685651 ], [ 16.93015146, 52.38163527 ], [ 16.94789325, 52.38795914 ], [ 16.94762327, 52.39950554 ], [ 16.92960539, 52.40472773 ], [ 16.91186161, 52.39840257 ] ] ] } },
{ "type": "Feature", "properties": { "id": 178 }, "geometry": { "type": "Polygon", "coordinates": [ [ [ 22.83245297, 52.22502209 ], [ 22.8317151, 52.21341727 ], [ 22.84930549, 52.20726904 ], [ 22.86763648, 52.21272444 ], [ 22.86838048, 52.22432917 ], [ 22.85078737, 52.2304786 ], [ 22.83245297, 52.22502209 ] ] ] } },
{ "type": "Feature", "properties": { "id": 179 }, "geometry": { "type": "Polygon", "coordinates": [ [ [ 15.19868297, 52.73013687 ], [ 15.19925382, 52.71868165 ], [ 15.2174095, 52.71376618 ], [ 15.23499885, 52.72030505 ], [ 15.23443409, 52.73176071 ], [ 15.21627389, 52.73667705 ], [ 15.19868297, 52.73013687 ] ] ] } },
{ "type": "Feature", "properties": { "id": 180 }, "geometry": { "type": "Polygon", "coordinates": [ [ [ 14.72026515, 52.32738221 ], [ 14.72091365, 52.31586479 ], [ 14.73897021, 52.31098432 ], [ 14.75638284, 52.31762046 ], [ 14.75574033, 52.32913836 ], [ 14.73767921, 52.33401965 ], [ 14.72026515, 52.32738221 ] ] ] } },
{ "type": "Feature", "properties": { "id": 138 }, "geometry": { "type": "Polygon", "coordinates": [ [ [ 19.67558304, 51.42032963 ], [ 19.67538814, 51.40858084 ], [ 19.69300987, 51.40283242 ], [ 19.7108299, 51.40883174 ], [ 19.7110308, 51.42058069 ], [ 19.69340567, 51.42633016 ], [ 19.67558304, 51.42032963 ] ] ] } },
{ "type": "Feature", "properties": { "id": 139 }, "geometry": { "type": "Polygon", "coordinates": [ [ [ 21.60702962, 51.36550169 ], [ 21.60650803, 51.35373925 ], [ 21.62398167, 51.34769218 ], [ 21.64197984, 51.35340642 ], [ 21.64250743, 51.36516887 ], [ 21.62503085, 51.37121707 ], [ 21.60702962, 51.36550169 ] ] ] } },
{ "type": "Feature", "properties": { "id": 140 }, "geometry": { "type": "Polygon", "coordinates": [ [ [ 18.59397954, 49.96584887 ], [ 18.59396794, 49.95385933 ], [ 18.61129168, 49.94813846 ], [ 18.62863051, 49.95440618 ], [ 18.62864786, 49.96639597 ], [ 18.61132062, 49.97211779 ], [ 18.59397954, 49.96584887 ] ] ] } },
{ "type": "Feature", "properties": { "id": 181 }, "geometry": { "type": "Polygon", "coordinates": [ [ [ 17.25599246, 52.18286242 ], [ 17.25620901, 52.17127259 ], [ 17.27415186, 52.16597542 ], [ 17.29188217, 52.17226711 ], [ 17.2916717, 52.18385725 ], [ 17.27372483, 52.18915538 ], [ 17.25599246, 52.18286242 ] ] ] } },
{ "type": "Feature", "properties": { "id": 182 }, "geometry": { "type": "Polygon", "coordinates": [ [ [ 18.99909302, 53.47645312 ], [ 18.99901015, 53.4650818 ], [ 19.01721908, 53.45964294 ], [ 19.03551466, 53.4655743 ], [ 19.0356039, 53.47694579 ], [ 19.0173912, 53.48238575 ], [ 18.99909302, 53.47645312 ] ] ] } },
{ "type": "Feature", "properties": { "id": 183 }, "geometry": { "type": "Polygon", "coordinates": [ [ [ 21.83530048, 50.56416277 ], [ 21.83474661, 50.55226183 ], [ 21.85200489, 50.54610562 ], [ 21.86981986, 50.55184922 ], [ 21.87037959, 50.56375014 ], [ 21.85311848, 50.56990747 ], [ 21.83530048, 50.56416277 ] ] ] } },
{ "type": "Feature", "properties": { "id": 184 }, "geometry": { "type": "Polygon", "coordinates": [ [ [ 17.71611828, 51.01902231 ], [ 17.71625402, 51.00722141 ], [ 17.73387735, 51.00173705 ], [ 17.75136875, 51.00805263 ], [ 17.75123891, 51.01985383 ], [ 17.73361179, 51.02533913 ], [ 17.71611828, 51.01902231 ] ] ] } },
{ "type": "Feature", "properties": { "id": 185 }, "geometry": { "type": "Polygon", "coordinates": [ [ [ 22.79477478, 54.16443427 ], [ 22.79402149, 54.15319013 ], [ 22.81214093, 54.14723987 ], [ 22.83101655, 54.15253249 ], [ 22.83177634, 54.16377654 ], [ 22.81365401, 54.16972807 ], [ 22.79477478, 54.16443427 ] ] ] } },
{ "type": "Feature", "properties": { "id": 186 }, "geometry": { "type": "Polygon", "coordinates": [ [ [ 19.62283893, 50.31868203 ], [ 19.62265584, 50.30674362 ], [ 19.64000786, 50.30089834 ], [ 19.65754627, 50.30699047 ], [ 19.65773517, 50.31892905 ], [ 19.64037985, 50.32477534 ], [ 19.62283893, 50.31868203 ] ] ] } },
{ "type": "Feature", "properties": { "id": 187 }, "geometry": { "type": "Polygon", "coordinates": [ [ [ 20.465637, 50.50060906 ], [ 20.46531255, 50.4886978 ], [ 20.48265529, 50.48274149 ], [ 20.50032561, 50.48869539 ], [ 20.50065591, 50.50060675 ], [ 20.48331004, 50.50656411 ], [ 20.465637, 50.50060906 ] ] ] } },
{ "type": "Feature", "properties": { "id": 188 }, "geometry": { "type": "Polygon", "coordinates": [ [ [ 20.35868714, 51.77484506 ], [ 20.35837495, 51.76315602 ], [ 20.37604321, 51.75733739 ], [ 20.39402693, 51.76320672 ], [ 20.39434519, 51.77489586 ], [ 20.37667366, 51.78071558 ], [ 20.35868714, 51.77484506 ] ] ] } },
{ "type": "Feature", "properties": { "id": 189 }, "geometry": { "type": "Polygon", "coordinates": [ [ [ 20.66585814, 52.4725144 ], [ 20.6654899, 52.46095012 ], [ 20.68331881, 52.45515291 ], [ 20.70151924, 52.46091885 ], [ 20.70189368, 52.4724832 ], [ 20.68406149, 52.47828154 ], [ 20.66585814, 52.4725144 ] ] ] } },
{ "type": "Feature", "properties": { "id": 190 }, "geometry": { "type": "Polygon", "coordinates": [ [ [ 18.58033088, 54.53474256 ], [ 18.58032089, 54.52357547 ], [ 18.59885666, 54.51831191 ], [ 18.61740643, 54.52421432 ], [ 18.617423, 54.5353816 ], [ 18.59888322, 54.54064628 ], [ 18.58033088, 54.53474256 ] ] ] } },
{ "type": "Feature", "properties": { "id": 191 }, "geometry": { "type": "Polygon", "coordinates": [ [ [ 16.81412924, 52.72375784 ], [ 16.81442346, 52.71227226 ], [ 16.83252863, 52.70709952 ], [ 16.85034377, 52.71341139 ], [ 16.85005571, 52.72489731 ], [ 16.83194636, 52.73007101 ], [ 16.81412924, 52.72375784 ] ] ] } },
{ "type": "Feature", "properties": { "id": 192 }, "geometry": { "type": "Polygon", "coordinates": [ [ [ 16.4767338, 52.59172753 ], [ 16.47708522, 52.58022331 ], [ 16.49516669, 52.57509046 ], [ 16.51290097, 52.58146091 ], [ 16.51255568, 52.5929655 ], [ 16.49446997, 52.59809927 ], [ 16.4767338, 52.59172753 ] ] ] } },
{ "type": "Feature", "properties": { "id": 193 }, "geometry": { "type": "Polygon", "coordinates": [ [ [ 17.07987184, 52.07335907 ], [ 17.08011802, 52.06175215 ], [ 17.09803899, 52.05647167 ], [ 17.11571781, 52.06279717 ], [ 17.11547768, 52.07440442 ], [ 17.09755267, 52.07968584 ], [ 17.07987184, 52.07335907 ] ] ] } },
{ "type": "Feature", "properties": { "id": 194 }, "geometry": { "type": "Polygon", "coordinates": [ [ [ 16.53191936, 53.74033662 ], [ 16.53226737, 53.72904348 ], [ 16.5506658, 53.72402036 ], [ 16.5687206, 53.7302894 ], [ 16.56837894, 53.74158289 ], [ 16.54997613, 53.74660699 ], [ 16.53191936, 53.74033662 ] ] ] } },
{ "type": "Feature", "properties": { "id": 195 }, "geometry": { "type": "Polygon", "coordinates": [ [ [ 16.41038312, 54.10797815 ], [ 16.41075442, 54.09675629 ], [ 16.42926293, 54.091791 ], [ 16.44740459, 54.09804658 ], [ 16.4470397, 54.10926878 ], [ 16.42852674, 54.11423507 ], [ 16.41038312, 54.10797815 ] ] ] } },
{ "type": "Feature", "properties": { "id": 196 }, "geometry": { "type": "Polygon", "coordinates": [ [ [ 16.03036979, 53.97586339 ], [ 16.03080671, 53.96462292 ], [ 16.04928958, 53.95970429 ], [ 16.06734004, 53.96602518 ], [ 16.0669095, 53.97726603 ], [ 16.04842212, 53.98218561 ], [ 16.03036979, 53.97586339 ] ] ] } },
{ "type": "Feature", "properties": { "id": 197 }, "geometry": { "type": "Polygon", "coordinates": [ [ [ 15.87227332, 53.81751272 ], [ 15.87273668, 53.80624525 ], [ 15.89117882, 53.80133524 ], [ 15.90916213, 53.80769175 ], [ 15.9087051, 53.81895961 ], [ 15.89025843, 53.82387057 ], [ 15.87227332, 53.81751272 ] ] ] } },
{ "type": "Feature", "properties": { "id": 198 }, "geometry": { "type": "Polygon", "coordinates": [ [ [ 16.0324046, 53.45023743 ], [ 16.03283761, 53.43889847 ], [ 16.05117049, 53.43392459 ], [ 16.0690748, 53.44028873 ], [ 16.06864805, 53.45162808 ], [ 16.05031072, 53.45660289 ], [ 16.0324046, 53.45023743 ] ] ] } },
{ "type": "Feature", "properties": { "id": 199 }, "geometry": { "type": "Polygon", "coordinates": [ [ [ 16.86889352, 53.41134963 ], [ 16.86918132, 53.39998984 ], [ 16.88747422, 53.39487908 ], [ 16.90548357, 53.40112712 ], [ 16.90520206, 53.41248723 ], [ 16.88690491, 53.41759897 ], [ 16.86889352, 53.41134963 ] ] ] } },
{ "type": "Feature", "properties": { "id": 200 }, "geometry": { "type": "Polygon", "coordinates": [ [ [ 17.50842653, 52.0155031 ], [ 17.5085996, 52.00387992 ], [ 17.52648776, 51.99852634 ], [ 17.54420681, 52.00479497 ], [ 17.54403981, 52.01641845 ], [ 17.5261477, 52.021773 ], [ 17.50842653, 52.0155031 ] ] ] } },
{ "type": "Feature", "properties": { "id": 201 }, "geometry": { "type": "Polygon", "coordinates": [ [ [ 17.81215845, 51.93569971 ], [ 17.81227965, 51.92405848 ], [ 17.83013351, 51.91864938 ], [ 17.84787003, 51.92488053 ], [ 17.84775488, 51.93652203 ], [ 17.82989716, 51.94193211 ], [ 17.81215845, 51.93569971 ] ] ] } },
{ "type": "Feature", "properties": { "id": 202 }, "geometry": { "type": "Polygon", "coordinates": [ [ [ 17.59437615, 52.24402224 ], [ 17.59453512, 52.2324389 ], [ 17.61247985, 52.22709473 ], [ 17.63026957, 52.23333293 ], [ 17.63011671, 52.24491656 ], [ 17.61216802, 52.2502617 ], [ 17.59437615, 52.24402224 ] ] ] } },
{ "type": "Feature", "properties": { "id": 203 }, "geometry": { "type": "Polygon", "coordinates": [ [ [ 18.52468424, 53.29828377 ], [ 18.52468412, 53.28688314 ], [ 18.54286969, 53.2815001 ], [ 18.56105925, 53.28751664 ], [ 18.5610657, 53.29891748 ], [ 18.54287626, 53.30430158 ], [ 18.52468424, 53.29828377 ] ] ] } },
{ "type": "Feature", "properties": { "id": 204 }, "geometry": { "type": "Polygon", "coordinates": [ [ [ 16.54870506, 54.38179101 ], [ 16.54905363, 54.37061906 ], [ 16.5676372, 54.3656606 ], [ 16.58587668, 54.37187307 ], [ 16.58553459, 54.38304535 ], [ 16.56694655, 54.38800482 ], [ 16.54870506, 54.38179101 ] ] ] } },
{ "type": "Feature", "properties": { "id": 205 }, "geometry": { "type": "Polygon", "coordinates": [ [ [ 18.906725, 53.28728188 ], [ 18.90665843, 53.27587597 ], [ 18.92482003, 53.27043216 ], [ 18.94305197, 53.27639318 ], [ 18.94312487, 53.28779927 ], [ 18.92495949, 53.29324416 ], [ 18.906725, 53.28728188 ] ] ] } },
{ "type": "Feature", "properties": { "id": 206 }, "geometry": { "type": "Polygon", "coordinates": [ [ [ 19.39809578, 53.2762198 ], [ 19.39794374, 53.26480842 ], [ 19.41607348, 53.25928706 ], [ 19.43435892, 53.26517596 ], [ 19.43451729, 53.27658749 ], [ 19.41638389, 53.28210996 ], [ 19.39809578, 53.2762198 ] ] ] } },
{ "type": "Feature", "properties": { "id": 207 }, "geometry": { "type": "Polygon", "coordinates": [ [ [ 18.99637344, 53.10007856 ], [ 18.99629152, 53.08863724 ], [ 19.01439644, 53.08316041 ], [ 19.03258702, 53.08912383 ], [ 19.03267524, 53.10056534 ], [ 19.01456659, 53.10604324 ], [ 18.99637344, 53.10007856 ] ] ] } },
{ "type": "Feature", "properties": { "id": 208 }, "geometry": { "type": "Polygon", "coordinates": [ [ [ 18.77742799, 52.78730014 ], [ 18.77738425, 52.77580297 ], [ 18.79541619, 52.77032857 ], [ 18.81349562, 52.77635029 ], [ 18.81354559, 52.78784766 ], [ 18.79550991, 52.79332312 ], [ 18.77742799, 52.78730014 ] ] ] } },
{ "type": "Feature", "properties": { "id": 209 }, "geometry": { "type": "Polygon", "coordinates": [ [ [ 19.08349276, 52.67076281 ], [ 19.08339634, 52.65924191 ], [ 19.10137969, 52.65370819 ], [ 19.11946311, 52.65969431 ], [ 19.11956574, 52.67121539 ], [ 19.10157873, 52.67675018 ], [ 19.08349276, 52.67076281 ] ] ] } },
{ "type": "Feature", "properties": { "id": 210 }, "geometry": { "type": "Polygon", "coordinates": [ [ [ 19.43167493, 53.07085558 ], [ 19.43151754, 53.0594059 ], [ 19.4495888, 53.05385849 ], [ 19.46782108, 53.05975967 ], [ 19.46798477, 53.0712095 ], [ 19.44990988, 53.076758 ], [ 19.43167493, 53.07085558 ] ] ] } },
{ "type": "Feature", "properties": { "id": 211 }, "geometry": { "type": "Polygon", "coordinates": [ [ [ 19.01059904, 52.56606439 ], [ 19.01051532, 52.55452494 ], [ 19.02847473, 52.54899204 ], [ 19.04652153, 52.55499752 ], [ 19.04661145, 52.56653716 ], [ 19.02864837, 52.57207112 ], [ 19.01059904, 52.56606439 ] ] ] } },
{ "type": "Feature", "properties": { "id": 212 }, "geometry": { "type": "Polygon", "coordinates": [ [ [ 18.5966535, 52.57714619 ], [ 18.596641, 52.56561222 ], [ 18.61462606, 52.56014481 ], [ 18.63262739, 52.56621035 ], [ 18.63264608, 52.57774454 ], [ 18.61465726, 52.58321299 ], [ 18.5966535, 52.57714619 ] ] ] } },
{ "type": "Feature", "properties": { "id": 213 }, "geometry": { "type": "Polygon", "coordinates": [ [ [ 19.13903422, 52.82676728 ], [ 19.13892798, 52.81527455 ], [ 19.15695021, 52.8097479 ], [ 19.17508235, 52.81571291 ], [ 19.17519483, 52.82720582 ], [ 19.15716893, 52.83273354 ], [ 19.13903422, 52.82676728 ] ] ] } },
{ "type": "Feature", "properties": { "id": 214 }, "geometry": { "type": "Polygon", "coordinates": [ [ [ 21.99453074, 51.66071296 ], [ 21.99394111, 51.64900346 ], [ 22.01145838, 51.64292631 ], [ 22.02956815, 51.64855751 ], [ 22.03016383, 51.66026699 ], [ 22.01264368, 51.66634529 ], [ 21.99453074, 51.66071296 ] ] ] } },
{ "type": "Feature", "properties": { "id": 215 }, "geometry": { "type": "Polygon", "coordinates": [ [ [ 21.98464577, 50.0244469 ], [ 21.98407127, 50.01245494 ], [ 22.00118858, 50.00622722 ], [ 22.01888315, 50.01199037 ], [ 22.01946342, 50.02398231 ], [ 22.00234335, 50.03021113 ], [ 21.98464577, 50.0244469 ] ] ] } },
{ "type": "Feature", "properties": { "id": 216 }, "geometry": { "type": "Polygon", "coordinates": [ [ [ 22.77271442, 49.79497904 ], [ 22.77201147, 49.78295193 ], [ 22.78900979, 49.77658747 ], [ 22.80671361, 49.782249 ], [ 22.80742228, 49.79427603 ], [ 22.79042142, 49.80064161 ], [ 22.77271442, 49.79497904 ] ] ] } },
{ "type": "Feature", "properties": { "id": 229 }, "geometry": { "type": "Polygon", "coordinates": [ [ [ 16.31184812, 53.23885641 ], [ 16.31223149, 53.22747345 ], [ 16.33049615, 53.22243321 ], [ 16.3483818, 53.22877498 ], [ 16.34800468, 53.24015831 ], [ 16.32973566, 53.2451995 ], [ 16.31184812, 53.23885641 ] ] ] } },
{ "type": "Feature", "properties": { "id": 230 }, "geometry": { "type": "Polygon", "coordinates": [ [ [ 19.68913801, 50.10396001 ], [ 19.68894445, 50.09198503 ], [ 19.70624078, 50.0861096 ], [ 19.72373395, 50.09220813 ], [ 19.72393329, 50.10418327 ], [ 19.70663369, 50.11005971 ], [ 19.68913801, 50.10396001 ] ] ] } },
{ "type": "Feature", "properties": { "id": 231 }, "geometry": { "type": "Polygon", "coordinates": [ [ [ 20.15616121, 49.98023903 ], [ 20.15589047, 49.96824103 ], [ 20.17312833, 49.96228326 ], [ 20.19064007, 49.96832246 ], [ 20.19091658, 49.98032059 ], [ 20.17367557, 49.98627939 ], [ 20.15616121, 49.98023903 ] ] ] } },
{ "type": "Feature", "properties": { "id": 232 }, "geometry": { "type": "Polygon", "coordinates": [ [ [ 20.41638728, 49.96259857 ], [ 20.41607342, 49.95059668 ], [ 20.43329017, 49.94459797 ], [ 20.45082388, 49.9506001 ], [ 20.4511435, 49.96260209 ], [ 20.43392365, 49.96860185 ], [ 20.41638728, 49.96259857 ] ] ] } },
{ "type": "Feature", "properties": { "id": 233 }, "geometry": { "type": "Polygon", "coordinates": [ [ [ 21.6380264, 50.06448318 ], [ 21.63750914, 50.05249725 ], [ 21.65466297, 50.04632468 ], [ 21.67233689, 50.05213694 ], [ 21.67285994, 50.06412288 ], [ 21.65570328, 50.07029655 ], [ 21.6380264, 50.06448318 ] ] ] } },
{ "type": "Feature", "properties": { "id": 234 }, "geometry": { "type": "Polygon", "coordinates": [ [ [ 21.75379569, 50.3146101 ], [ 21.75325734, 50.30266654 ], [ 21.77046189, 50.29649954 ], [ 21.78820761, 50.30227499 ], [ 21.78875179, 50.31421856 ], [ 21.77154442, 50.32038666 ], [ 21.75379569, 50.3146101 ] ] ] } },
{ "type": "Feature", "properties": { "id": 235 }, "geometry": { "type": "Polygon", "coordinates": [ [ [ 21.84703102, 50.06216489 ], [ 21.84647906, 50.05017894 ], [ 21.86361616, 50.04397506 ], [ 21.881308, 50.04975605 ], [ 21.88186573, 50.061742 ], [ 21.86472585, 50.06794697 ], [ 21.84703102, 50.06216489 ] ] ] } },
{ "type": "Feature", "properties": { "id": 236 }, "geometry": { "type": "Polygon", "coordinates": [ [ [ 22.07494906, 49.73466181 ], [ 22.07436192, 49.72262176 ], [ 22.09140394, 49.71635463 ], [ 22.10903579, 49.72212644 ], [ 22.10962865, 49.73416647 ], [ 22.09258393, 49.74043471 ], [ 22.07494906, 49.73466181 ] ] ] } },
{ "type": "Feature", "properties": { "id": 237 }, "geometry": { "type": "Polygon", "coordinates": [ [ [ 22.49306325, 49.76414072 ], [ 22.49240678, 49.7521071 ], [ 22.50942155, 49.74578095 ], [ 22.5270954, 49.75148731 ], [ 22.5277576, 49.76352088 ], [ 22.51074021, 49.76984814 ], [ 22.49306325, 49.76414072 ] ] ] } },
{ "type": "Feature", "properties": { "id": 238 }, "geometry": { "type": "Polygon", "coordinates": [ [ [ 22.07730453, 49.42677153 ], [ 22.07671947, 49.4146807 ], [ 22.09368983, 49.40838585 ], [ 22.11124793, 49.41418074 ], [ 22.11183867, 49.42627154 ], [ 22.09486563, 49.43256749 ], [ 22.07730453, 49.42677153 ] ] ] } },
{ "type": "Feature", "properties": { "id": 239 }, "geometry": { "type": "Polygon", "coordinates": [ [ [ 21.69977971, 49.88375185 ], [ 21.6992535, 49.87173577 ], [ 21.71635988, 49.86553763 ], [ 21.73399526, 49.87135449 ], [ 21.73452721, 49.88337058 ], [ 21.71741804, 49.8895698 ], [ 21.69977971, 49.88375185 ] ] ] } },
{ "type": "Feature", "properties": { "id": 240 }, "geometry": { "type": "Polygon", "coordinates": [ [ [ 22.26691402, 50.09234659 ], [ 22.26629212, 50.08036691 ], [ 22.28340274, 50.07410354 ], [ 22.30113796, 50.07981873 ], [ 22.30176565, 50.09179837 ], [ 22.28465233, 50.09806286 ], [ 22.26691402, 50.09234659 ] ] ] } },
{ "type": "Feature", "properties": { "id": 241 }, "geometry": { "type": "Polygon", "coordinates": [ [ [ 23.49099629, 51.13834608 ], [ 23.49015921, 51.12655282 ], [ 23.50741505, 51.12020475 ], [ 23.52551046, 51.12564874 ], [ 23.52635348, 51.13744187 ], [ 23.50909516, 51.14379113 ], [ 23.49099629, 51.13834608 ] ] ] } },
{ "type": "Feature", "properties": { "id": 242 }, "geometry": { "type": "Polygon", "coordinates": [ [ [ 20.24863177, 50.21398918 ], [ 20.24834475, 50.20203006 ], [ 20.26563256, 50.19607992 ], [ 20.28321053, 50.20208786 ], [ 20.28350335, 50.2140471 ], [ 20.26621239, 50.21999828 ], [ 20.24863177, 50.21398918 ] ] ] } },
{ "type": "Feature", "properties": { "id": 243 }, "geometry": { "type": "Polygon", "coordinates": [ [ [ 17.91225162, 50.68629634 ], [ 17.91235393, 50.67443586 ], [ 17.92988562, 50.66888877 ], [ 17.9473187, 50.67520123 ], [ 17.94722222, 50.687062 ], [ 17.92968683, 50.69261003 ], [ 17.91225162, 50.68629634 ] ] ] } },
{ "type": "Feature", "properties": { "id": 244 }, "geometry": { "type": "Polygon", "coordinates": [ [ [ 17.93166872, 50.45503303 ], [ 17.93176747, 50.44313296 ], [ 17.94924135, 50.43756065 ], [ 17.96662016, 50.44388748 ], [ 17.96652722, 50.45578784 ], [ 17.94904966, 50.46136108 ], [ 17.93166872, 50.45503303 ] ] ] } },
{ "type": "Feature", "properties": { "id": 217 }, "geometry": { "type": "Polygon", "coordinates": [ [ [ 21.7265663, 49.70291903 ], [ 21.72603697, 49.69087293 ], [ 21.74309887, 49.68465455 ], [ 21.76069287, 49.69048118 ], [ 21.76122792, 49.70252728 ], [ 21.74416324, 49.70874675 ], [ 21.7265663, 49.70291903 ] ] ] } },
{ "type": "Feature", "properties": { "id": 218 }, "geometry": { "type": "Polygon", "coordinates": [ [ [ 17.87973365, 52.32034559 ], [ 17.87984397, 52.30877252 ], [ 17.89779609, 52.3033913 ], [ 17.91564178, 52.30958216 ], [ 17.91553758, 52.3211555 ], [ 17.89758156, 52.32653771 ], [ 17.87973365, 52.32034559 ] ] ] } },
{ "type": "Feature", "properties": { "id": 219 }, "geometry": { "type": "Polygon", "coordinates": [ [ [ 21.63890009, 50.88697074 ], [ 21.63837669, 50.87512495 ], [ 21.65572905, 50.86902805 ], [ 21.6736077, 50.87477582 ], [ 21.67413702, 50.88662162 ], [ 21.65678176, 50.89271964 ], [ 21.63890009, 50.88697074 ] ] ] } },
{ "type": "Feature", "properties": { "id": 220 }, "geometry": { "type": "Polygon", "coordinates": [ [ [ 21.37679184, 50.94253089 ], [ 21.3763121, 50.93069446 ], [ 21.39369816, 50.92464209 ], [ 21.41156692, 50.93042504 ], [ 21.41205258, 50.9422615 ], [ 21.39466356, 50.94831497 ], [ 21.37679184, 50.94253089 ] ] ] } },
{ "type": "Feature", "properties": { "id": 221 }, "geometry": { "type": "Polygon", "coordinates": [ [ [ 21.66621589, 50.70871987 ], [ 21.66568923, 50.6968434 ], [ 21.68299585, 50.69072581 ], [ 21.70083199, 50.69648358 ], [ 21.70136454, 50.70836005 ], [ 21.68405505, 50.71447875 ], [ 21.66621589, 50.70871987 ] ] ] } },
{ "type": "Feature", "properties": { "id": 222 }, "geometry": { "type": "Polygon", "coordinates": [ [ [ 21.2895266, 50.51564108 ], [ 21.28906433, 50.50373125 ], [ 21.30635257, 50.49765218 ], [ 21.32410604, 50.50348184 ], [ 21.32457416, 50.51539171 ], [ 21.30728297, 50.52147187 ], [ 21.2895266, 50.51564108 ] ] ] } },
{ "type": "Feature", "properties": { "id": 223 }, "geometry": { "type": "Polygon", "coordinates": [ [ [ 21.30504649, 50.01343439 ], [ 21.30458486, 50.00143966 ], [ 21.32175159, 49.99531212 ], [ 21.33938285, 50.00117824 ], [ 21.33985025, 50.01317301 ], [ 21.32268062, 50.01930162 ], [ 21.30504649, 50.01343439 ] ] ] } },
{ "type": "Feature", "properties": { "id": 224 }, "geometry": { "type": "Polygon", "coordinates": [ [ [ 21.46442534, 49.65130465 ], [ 21.46393968, 49.63924971 ], [ 21.48100938, 49.63306565 ], [ 21.49856758, 49.63893545 ], [ 21.49905896, 49.65099041 ], [ 21.48198642, 49.65717555 ], [ 21.46442534, 49.65130465 ] ] ] } },
{ "type": "Feature", "properties": { "id": 225 }, "geometry": { "type": "Polygon", "coordinates": [ [ [ 21.36929772, 50.31822489 ], [ 21.36882343, 50.30628152 ], [ 21.38605813, 50.30017227 ], [ 21.40377004, 50.30600531 ], [ 21.40425016, 50.3179487 ], [ 21.38701255, 50.32405904 ], [ 21.36929772, 50.31822489 ] ] ] } },
{ "type": "Feature", "properties": { "id": 226 }, "geometry": { "type": "Polygon", "coordinates": [ [ [ 21.75641882, 49.59404053 ], [ 21.75588536, 49.58197648 ], [ 21.77291958, 49.57574393 ], [ 21.79049003, 49.58157434 ], [ 21.7910292, 49.59363839 ], [ 21.77399221, 49.59987203 ], [ 21.75641882, 49.59404053 ] ] ] } },
{ "type": "Feature", "properties": { "id": 227 }, "geometry": { "type": "Polygon", "coordinates": [ [ [ 15.62877928, 53.1437775 ], [ 15.62927978, 53.1323893 ], [ 15.64753864, 53.12744793 ], [ 15.66530148, 53.13389387 ], [ 15.66480717, 53.14528249 ], [ 15.64654383, 53.15022476 ], [ 15.62877928, 53.1437775 ] ] ] } },
{ "type": "Feature", "properties": { "id": 228 }, "geometry": { "type": "Polygon", "coordinates": [ [ [ 22.76905835, 50.02945464 ], [ 22.76835373, 50.01746668 ], [ 22.78540734, 50.01112367 ], [ 22.80316814, 50.01676748 ], [ 22.80387852, 50.02875536 ], [ 22.78682234, 50.03509951 ], [ 22.76905835, 50.02945464 ] ] ] } },
{ "type": "Feature", "properties": { "id": 245 }, "geometry": { "type": "Polygon", "coordinates": [ [ [ 17.28705156, 50.45703899 ], [ 17.28725764, 50.44514779 ], [ 17.30475934, 50.43967584 ], [ 17.32205878, 50.44609418 ], [ 17.32185849, 50.45798571 ], [ 17.30435297, 50.46345857 ], [ 17.28705156, 50.45703899 ] ] ] } },
{ "type": "Feature", "properties": { "id": 246 }, "geometry": { "type": "Polygon", "coordinates": [ [ [ 18.06930081, 50.74301256 ], [ 18.06937693, 50.73115993 ], [ 18.08691544, 50.72559394 ], [ 18.10438152, 50.73187964 ], [ 18.10431126, 50.74373255 ], [ 18.08676906, 50.74929949 ], [ 18.06930081, 50.74301256 ] ] ] } },
{ "type": "Feature", "properties": { "id": 247 }, "geometry": { "type": "Polygon", "coordinates": [ [ [ 17.65334748, 50.41292247 ], [ 17.6534925, 50.40101877 ], [ 17.67096831, 50.3954856 ], [ 17.68830283, 50.40185521 ], [ 17.6881636, 50.41375922 ], [ 17.67068406, 50.41929331 ], [ 17.65334748, 50.41292247 ] ] ] } },
{ "type": "Feature", "properties": { "id": 248 }, "geometry": { "type": "Polygon", "coordinates": [ [ [ 19.27062016, 49.99264335 ], [ 19.27049634, 49.98065248 ], [ 19.28779036, 49.97483048 ], [ 19.30521155, 49.98099836 ], [ 19.30534113, 49.99298942 ], [ 19.28804376, 49.99881241 ], [ 19.27062016, 49.99264335 ] ] ] } },
{ "type": "Feature", "properties": { "id": 249 }, "geometry": { "type": "Polygon", "coordinates": [ [ [ 18.15912362, 50.29890783 ], [ 18.15918433, 50.28697871 ], [ 18.17660962, 50.28135631 ], [ 18.19397782, 50.28766208 ], [ 18.1939229, 50.29959147 ], [ 18.17649399, 50.30521482 ], [ 18.15912362, 50.29890783 ] ] ] } },
{ "type": "Feature", "properties": { "id": 250 }, "geometry": { "type": "Polygon", "coordinates": [ [ [ 18.24522245, 50.53282585 ], [ 18.24526898, 50.52093538 ], [ 18.26274733, 50.51532197 ], [ 18.28018277, 50.52159809 ], [ 18.28014206, 50.53348882 ], [ 18.26266009, 50.53910318 ], [ 18.24522245, 50.53282585 ] ] ] } },
{ "type": "Feature", "properties": { "id": 251 }, "geometry": { "type": "Polygon", "coordinates": [ [ [ 17.81271184, 50.14825543 ], [ 17.8128299, 50.13630513 ], [ 17.8302344, 50.13072199 ], [ 17.84752452, 50.13708822 ], [ 17.84741222, 50.14903883 ], [ 17.83000404, 50.15462289 ], [ 17.81271184, 50.14825543 ] ] ] } },
{ "type": "Feature", "properties": { "id": 252 }, "geometry": { "type": "Polygon", "coordinates": [ [ [ 14.74350016, 52.86330563 ], [ 14.74414992, 52.85188449 ], [ 14.76235167, 52.84705551 ], [ 14.77990829, 52.85364684 ], [ 14.77926461, 52.86506846 ], [ 14.76105823, 52.86989828 ], [ 14.74350016, 52.86330563 ] ] ] } },
{ "type": "Feature", "properties": { "id": 253 }, "geometry": { "type": "Polygon", "coordinates": [ [ [ 14.96228579, 53.1310643 ], [ 14.96290069, 53.11968732 ], [ 14.98117213, 53.1148511 ], [ 14.99883329, 53.12139099 ], [ 14.99822454, 53.13276843 ], [ 14.97994848, 53.13760551 ], [ 14.96228579, 53.1310643 ] ] ] } },
{ "type": "Feature", "properties": { "id": 254 }, "geometry": { "type": "Polygon", "coordinates": [ [ [ 15.15040099, 53.32776181 ], [ 15.15098536, 53.3164171 ], [ 15.16930762, 53.31157125 ], [ 15.18705013, 53.31806923 ], [ 15.18647196, 53.32941438 ], [ 15.16814508, 53.33426112 ], [ 15.15040099, 53.32776181 ] ] ] } },
{ "type": "Feature", "properties": { "id": 255 }, "geometry": { "type": "Polygon", "coordinates": [ [ [ 15.49559917, 53.68329043 ], [ 15.49612694, 53.67200487 ], [ 15.51454128, 53.66714095 ], [ 15.53243246, 53.67356168 ], [ 15.53191098, 53.68484765 ], [ 15.51349204, 53.68971249 ], [ 15.49559917, 53.68329043 ] ] ] } },
{ "type": "Feature", "properties": { "id": 256 }, "geometry": { "type": "Polygon", "coordinates": [ [ [ 14.9682439, 52.00946055 ], [ 14.96884755, 51.99788091 ], [ 14.98681458, 51.99292841 ], [ 15.00418243, 51.99955475 ], [ 15.00358472, 52.01113487 ], [ 14.98561322, 52.01608818 ], [ 14.9682439, 52.00946055 ] ] ] } },
{ "type": "Feature", "properties": { "id": 257 }, "geometry": { "type": "Polygon", "coordinates": [ [ [ 14.98805693, 51.62624283 ], [ 14.98865388, 51.61459517 ], [ 15.00652003, 51.60960071 ], [ 15.02379363, 51.6162531 ], [ 15.02320256, 51.62790124 ], [ 15.005332, 51.63289651 ], [ 14.98805693, 51.62624283 ] ] ] } },
{ "type": "Feature", "properties": { "id": 258 }, "geometry": { "type": "Polygon", "coordinates": [ [ [ 15.50047686, 51.59681234 ], [ 15.50098754, 51.58514863 ], [ 15.51883446, 51.58006982 ], [ 15.536175, 51.58665387 ], [ 15.53567022, 51.59831802 ], [ 15.51781899, 51.60339767 ], [ 15.50047686, 51.59681234 ] ] ] } },
{ "type": "Feature", "properties": { "id": 259 }, "geometry": { "type": "Polygon", "coordinates": [ [ [ 15.7016932, 51.85020815 ], [ 15.70217182, 51.83858506 ], [ 15.72007959, 51.83349984 ], [ 15.73751304, 51.84003685 ], [ 15.73704038, 51.85166038 ], [ 15.71912831, 51.85674646 ], [ 15.7016932, 51.85020815 ] ] ] } },
{ "type": "Feature", "properties": { "id": 260 }, "geometry": { "type": "Polygon", "coordinates": [ [ [ 16.09201071, 51.83071573 ], [ 16.09242327, 51.81908183 ], [ 16.11031479, 51.81393283 ], [ 16.12779798, 51.82041684 ], [ 16.12739139, 51.83205114 ], [ 16.10949564, 51.83720103 ], [ 16.09201071, 51.83071573 ] ] ] } },
{ "type": "Feature", "properties": { "id": 261 }, "geometry": { "type": "Polygon", "coordinates": [ [ [ 15.15979394, 52.4349381 ], [ 15.16036888, 52.42343034 ], [ 15.17844537, 52.41849075 ], [ 15.19595142, 52.42505806 ], [ 15.19538251, 52.43656627 ], [ 15.17730152, 52.44150672 ], [ 15.15979394, 52.4349381 ] ] ] } },
{ "type": "Feature", "properties": { "id": 262 }, "geometry": { "type": "Polygon", "coordinates": [ [ [ 15.56710061, 52.50480567 ], [ 15.56760682, 52.49330219 ], [ 15.58569226, 52.48830486 ], [ 15.60327591, 52.49481014 ], [ 15.60277577, 52.50631405 ], [ 15.58468591, 52.51131226 ], [ 15.56710061, 52.50480567 ] ] ] } },
{ "type": "Feature", "properties": { "id": 263 }, "geometry": { "type": "Polygon", "coordinates": [ [ [ 15.620556, 52.92057556 ], [ 15.62105621, 52.90914656 ], [ 15.63925356, 52.90418344 ], [ 15.65695515, 52.91064841 ], [ 15.65646108, 52.92207782 ], [ 15.63825927, 52.92704184 ], [ 15.620556, 52.92057556 ] ] ] } },
{ "type": "Feature", "properties": { "id": 264 }, "geometry": { "type": "Polygon", "coordinates": [ [ [ 14.94673468, 52.7528161 ], [ 14.94734872, 52.74137037 ], [ 14.96551612, 52.73649747 ], [ 14.98307405, 52.74306945 ], [ 14.98246609, 52.75451564 ], [ 14.96429412, 52.75938939 ], [ 14.94673468, 52.7528161 ] ] ] } },
{ "type": "Feature", "properties": { "id": 265 }, "geometry": { "type": "Polygon", "coordinates": [ [ [ 20.04322358, 50.39255602 ], [ 20.04297014, 50.38062793 ], [ 20.0603142, 50.37472558 ], [ 20.07791491, 50.38075029 ], [ 20.07817419, 50.39267851 ], [ 20.06082691, 50.39858189 ], [ 20.04322358, 50.39255602 ] ] ] } },
{ "type": "Feature", "properties": { "id": 266 }, "geometry": { "type": "Polygon", "coordinates": [ [ [ 23.19624321, 50.7010981 ], [ 23.19546054, 50.68922689 ], [ 23.21263681, 50.6828819 ], [ 23.23059827, 50.68840696 ], [ 23.23138681, 50.70027807 ], [ 23.21420803, 50.70662422 ], [ 23.19624321, 50.7010981 ] ] ] } },
{ "type": "Feature", "properties": { "id": 267 }, "geometry": { "type": "Polygon", "coordinates": [ [ [ 20.28816591, 49.6919872 ], [ 20.28787442, 49.67994077 ], [ 20.3050356, 49.67393661 ], [ 20.32249137, 49.67997787 ], [ 20.32278858, 49.69202442 ], [ 20.3056243, 49.6980296 ], [ 20.28816591, 49.6919872 ] ] ] } },
{ "type": "Feature", "properties": { "id": 268 }, "geometry": { "type": "Polygon", "coordinates": [ [ [ 20.68265083, 49.5651925 ], [ 20.68229474, 49.55312398 ], [ 20.69940005, 49.54704897 ], [ 20.71686446, 49.55304144 ], [ 20.71722626, 49.56511005 ], [ 20.70011794, 49.5711861 ], [ 20.68265083, 49.5651925 ] ] ] } },
{ "type": "Feature", "properties": { "id": 269 }, "geometry": { "type": "Polygon", "coordinates": [ [ [ 20.64284997, 49.98043585 ], [ 20.64249845, 49.96843632 ], [ 20.65970426, 49.96240511 ], [ 20.67726464, 49.96837237 ], [ 20.67762193, 49.98037198 ], [ 20.66041307, 49.98640425 ], [ 20.64284997, 49.98043585 ] ] ] } },
{ "type": "Feature", "properties": { "id": 270 }, "geometry": { "type": "Polygon", "coordinates": [ [ [ 18.38141791, 52.26121124 ], [ 18.38144231, 52.24962209 ], [ 18.39935437, 52.24415657 ], [ 18.4172458, 52.25027919 ], [ 18.41722753, 52.26186857 ], [ 18.39931169, 52.26733511 ], [ 18.38141791, 52.26121124 ] ] ] } },
{ "type": "Feature", "properties": { "id": 271 }, "geometry": { "type": "Polygon", "coordinates": [ [ [ 20.93904256, 49.99755815 ], [ 20.93864179, 49.98556097 ], [ 20.95583114, 49.9794868 ], [ 20.97342425, 49.98540875 ], [ 20.9738308, 49.99740601 ], [ 20.95663846, 50.00348124 ], [ 20.93904256, 49.99755815 ] ] ] } },
{ "type": "Feature", "properties": { "id": 272 }, "geometry": { "type": "Polygon", "coordinates": [ [ [ 21.13349014, 49.59951326 ], [ 21.13305945, 49.58744976 ], [ 21.15014128, 49.58131037 ], [ 21.16765671, 49.58723342 ], [ 21.16809311, 49.59929697 ], [ 21.15100837, 49.60543743 ], [ 21.13349014, 49.59951326 ] ] ] } },
{ "type": "Feature", "properties": { "id": 273 }, "geometry": { "type": "Polygon", "coordinates": [ [ [ 23.22459487, 51.12709557 ], [ 23.22380269, 51.11529831 ], [ 23.24108037, 51.10898831 ], [ 23.25915276, 51.1144744 ], [ 23.25995087, 51.12627155 ], [ 23.24267066, 51.13258272 ], [ 23.22459487, 51.12709557 ] ] ] } },
{ "type": "Feature", "properties": { "id": 274 }, "geometry": { "type": "Polygon", "coordinates": [ [ [ 20.94024569, 50.03353766 ], [ 20.93984451, 50.0215465 ], [ 20.95704233, 50.01547544 ], [ 20.9746443, 50.02139448 ], [ 20.97505126, 50.03338571 ], [ 20.95785045, 50.03945783 ], [ 20.94024569, 50.03353766 ] ] ] } },
{ "type": "Feature", "properties": { "id": 275 }, "geometry": { "type": "Polygon", "coordinates": [ [ [ 20.70155513, 49.61943653 ], [ 20.70119566, 49.60737691 ], [ 20.71831236, 49.60130397 ], [ 20.73579155, 49.60728961 ], [ 20.73615674, 49.61934933 ], [ 20.71903703, 49.62542331 ], [ 20.70155513, 49.61943653 ] ] ] } },
{ "type": "Feature", "properties": { "id": 276 }, "geometry": { "type": "Polygon", "coordinates": [ [ [ 20.92943402, 50.23117283 ], [ 20.92903355, 50.21921492 ], [ 20.94627931, 50.21316364 ], [ 20.96392856, 50.2190692 ], [ 20.96433484, 50.23102717 ], [ 20.94708607, 50.23707952 ], [ 20.92943402, 50.23117283 ] ] ] } },
{ "type": "Feature", "properties": { "id": 278 }, "geometry": { "type": "Polygon", "coordinates": [ [ [ 14.32341392, 53.83026213 ], [ 14.32414609, 53.81902912 ], [ 14.34262741, 53.81436862 ], [ 14.36038141, 53.82094026 ], [ 14.35965548, 53.83217376 ], [ 14.34116931, 53.83683513 ], [ 14.32341392, 53.83026213 ] ] ] } },
{ "type": "Feature", "properties": { "id": 279 }, "geometry": { "type": "Polygon", "coordinates": [ [ [ 17.5085341, 50.80111884 ], [ 17.50870414, 50.78928316 ], [ 17.52628189, 50.78380996 ], [ 17.5436934, 50.79017151 ], [ 17.5435292, 50.8020075 ], [ 17.52594765, 50.80748163 ], [ 17.5085341, 50.80111884 ] ] ] } },
{ "type": "Feature", "properties": { "id": 280 }, "geometry": { "type": "Polygon", "coordinates": [ [ [ 19.63168843, 54.16184923 ], [ 19.63149309, 54.15060348 ], [ 19.64985793, 54.1451368 ], [ 19.66842181, 54.15091471 ], [ 19.66862367, 54.16216058 ], [ 19.65025513, 54.16762842 ], [ 19.63168843, 54.16184923 ] ] ] } },
{ "type": "Feature", "properties": { "id": 281 }, "geometry": { "type": "Polygon", "coordinates": [ [ [ 19.47690906, 53.68634823 ], [ 19.47674226, 53.67501317 ], [ 19.49498151, 53.66952147 ], [ 19.51339124, 53.67536371 ], [ 19.51356446, 53.68669892 ], [ 19.49532153, 53.69219174 ], [ 19.47690906, 53.68634823 ] ] ] } },
{ "type": "Feature", "properties": { "id": 277 }, "geometry": { "type": "Polygon", "coordinates": [ [ [ 22.03770921, 53.18839982 ], [ 22.03709857, 53.17696815 ], [ 22.0550134, 53.17103357 ], [ 22.07354186, 53.17652945 ], [ 22.07415882, 53.18796109 ], [ 22.05624099, 53.19389688 ], [ 22.03770921, 53.18839982 ] ] ] } },
{ "type": "Feature", "properties": { "id": 282 }, "geometry": { "type": "Polygon", "coordinates": [ [ [ 19.96322562, 53.29778894 ], [ 19.96297514, 53.2863787 ], [ 19.98107507, 53.28077204 ], [ 19.99942901, 53.28657449 ], [ 19.99968584, 53.29798484 ], [ 19.98158238, 53.30359263 ], [ 19.96322562, 53.29778894 ] ] ] } },
{ "type": "Feature", "properties": { "id": 283 }, "geometry": { "type": "Polygon", "coordinates": [ [ [ 19.52793818, 53.43131086 ], [ 19.52776313, 53.41992765 ], [ 19.54592787, 53.41440194 ], [ 19.5642713, 53.42025831 ], [ 19.56445272, 53.43164166 ], [ 19.54628434, 53.43716849 ], [ 19.52793818, 53.43131086 ] ] ] } },
{ "type": "Feature", "properties": { "id": 284 }, "geometry": { "type": "Polygon", "coordinates": [ [ [ 19.89964868, 53.74069398 ], [ 19.89940764, 53.72936706 ], [ 19.91763521, 53.72381539 ], [ 19.93610741, 53.7295895 ], [ 19.93635488, 53.74091653 ], [ 19.91812373, 53.74646935 ], [ 19.89964868, 53.74069398 ] ] ] } },
{ "type": "Feature", "properties": { "id": 285 }, "geometry": { "type": "Polygon", "coordinates": [ [ [ 20.45809305, 53.38501423 ], [ 20.45775595, 53.37361866 ], [ 20.47584631, 53.36794459 ], [ 20.49427719, 53.37366494 ], [ 20.49462067, 53.38506058 ], [ 20.47652689, 53.39073581 ], [ 20.45809305, 53.38501423 ] ] ] } },
{ "type": "Feature", "properties": { "id": 286 }, "geometry": { "type": "Polygon", "coordinates": [ [ [ 20.9936659, 53.53823789 ], [ 20.99323439, 53.52687026 ], [ 21.01132828, 53.52112958 ], [ 21.02985698, 53.52675535 ], [ 21.03029489, 53.53812302 ], [ 21.0121977, 53.54386488 ], [ 20.9936659, 53.53823789 ] ] ] } },
{ "type": "Feature", "properties": { "id": 287 }, "geometry": { "type": "Polygon", "coordinates": [ [ [ 21.39108278, 53.8256322 ], [ 21.3905796, 53.81431885 ], [ 21.40872316, 53.80854666 ], [ 21.42737311, 53.81408662 ], [ 21.42788275, 53.82539997 ], [ 21.40973597, 53.83117336 ], [ 21.39108278, 53.8256322 ] ] ] } },
{ "type": "Feature", "properties": { "id": 288 }, "geometry": { "type": "Polygon", "coordinates": [ [ [ 20.70868403, 53.77697265 ], [ 20.70830092, 53.76565028 ], [ 20.72648262, 53.75997758 ], [ 20.74505081, 53.76562607 ], [ 20.74544036, 53.7769485 ], [ 20.72725528, 53.78262238 ], [ 20.70868403, 53.77697265 ] ] ] } },
{ "type": "Feature", "properties": { "id": 289 }, "geometry": { "type": "Polygon", "coordinates": [ [ [ 20.42467503, 54.11542065 ], [ 20.42433998, 54.1041631 ], [ 20.4426381, 54.09856885 ], [ 20.46127475, 54.10423099 ], [ 20.46161631, 54.11548861 ], [ 20.4433147, 54.12108404 ], [ 20.42467503, 54.11542065 ] ] ] } },
{ "type": "Feature", "properties": { "id": 290 }, "geometry": { "type": "Polygon", "coordinates": [ [ [ 19.94833668, 54.28209686 ], [ 19.94808499, 54.27087268 ], [ 19.96646382, 54.26536933 ], [ 19.98509799, 54.271089 ], [ 19.98535623, 54.28231329 ], [ 19.96697376, 54.2878178 ], [ 19.94833668, 54.28209686 ] ] ] } },
{ "type": "Feature", "properties": { "id": 291 }, "geometry": { "type": "Polygon", "coordinates": [ [ [ 20.53869967, 54.21681384 ], [ 20.53834395, 54.20557541 ], [ 20.55666301, 54.19997406 ], [ 20.57534126, 54.20560995 ], [ 20.57570351, 54.21684844 ], [ 20.55738097, 54.22245099 ], [ 20.53869967, 54.21681384 ] ] ] } },
{ "type": "Feature", "properties": { "id": 292 }, "geometry": { "type": "Polygon", "coordinates": [ [ [ 21.276055, 54.14788344 ], [ 21.27556957, 54.13663132 ], [ 21.29381346, 54.13090967 ], [ 21.31254604, 54.13643894 ], [ 21.31303799, 54.14769108 ], [ 21.29479082, 54.15341394 ], [ 21.276055, 54.14788344 ] ] ] } },
{ "type": "Feature", "properties": { "id": 293 }, "geometry": { "type": "Polygon", "coordinates": [ [ [ 21.78902758, 53.68655695 ], [ 21.7884558, 53.67521795 ], [ 21.80652836, 53.66937108 ], [ 21.82517581, 53.674862 ], [ 21.82575401, 53.68620098 ], [ 21.80767834, 53.69204906 ], [ 21.78902758, 53.68655695 ] ] ] } },
{ "type": "Feature", "properties": { "id": 294 }, "geometry": { "type": "Polygon", "coordinates": [ [ [ 22.42156875, 53.81486937 ], [ 22.42088494, 53.80355676 ], [ 22.43893948, 53.79762719 ], [ 22.45768078, 53.80300898 ], [ 22.45837104, 53.81432152 ], [ 22.44031355, 53.82025234 ], [ 22.42156875, 53.81486937 ] ] ] } },
{ "type": "Feature", "properties": { "id": 295 }, "geometry": { "type": "Polygon", "coordinates": [ [ [ 22.26314427, 54.25696577 ], [ 22.26248368, 54.24573676 ], [ 22.28067701, 54.23987614 ], [ 22.29953396, 54.24524329 ], [ 22.30020108, 54.25647224 ], [ 22.28200471, 54.26233411 ], [ 22.26314427, 54.25696577 ] ] ] } },
{ "type": "Feature", "properties": { "id": 296 }, "geometry": { "type": "Polygon", "coordinates": [ [ [ 21.7602967, 54.2119656 ], [ 21.7597253, 54.20072641 ], [ 21.77794849, 54.19493748 ], [ 21.79674623, 54.20038651 ], [ 21.79732416, 54.21162568 ], [ 21.77909781, 54.21741584 ], [ 21.7602967, 54.2119656 ] ] ] } },
{ "type": "Feature", "properties": { "id": 297 }, "geometry": { "type": "Polygon", "coordinates": [ [ [ 22.39904595, 54.05247579 ], [ 22.39836357, 54.04120825 ], [ 22.41648687, 54.0353062 ], [ 22.43529554, 54.04067045 ], [ 22.43598442, 54.05193793 ], [ 22.41785813, 54.05784123 ], [ 22.39904595, 54.05247579 ] ] ] } },
{ "type": "Feature", "properties": { "id": 298 }, "geometry": { "type": "Polygon", "coordinates": [ [ [ 21.84319466, 54.0253736 ], [ 21.84261034, 54.01409897 ], [ 21.86077358, 54.00827833 ], [ 21.87952426, 54.0137311 ], [ 21.88011507, 54.0250057 ], [ 21.86194871, 54.03082757 ], [ 21.84319466, 54.0253736 ] ] ] } },
{ "type": "Feature", "properties": { "id": 299 }, "geometry": { "type": "Polygon", "coordinates": [ [ [ 21.22600318, 52.95472289 ], [ 21.22553524, 52.94324655 ], [ 21.24345177, 52.93741175 ], [ 21.26183943, 52.94305213 ], [ 21.26231365, 52.95452849 ], [ 21.24439394, 52.96036445 ], [ 21.22600318, 52.95472289 ] ] ] } },
{ "type": "Feature", "properties": { "id": 300 }, "geometry": { "type": "Polygon", "coordinates": [ [ [ 23.09044975, 50.97045374 ], [ 23.08968184, 50.95862831 ], [ 23.10693319, 50.95232358 ], [ 23.12495502, 50.95784311 ], [ 23.12572884, 50.96966844 ], [ 23.10847493, 50.97597434 ], [ 23.09044975, 50.97045374 ] ] ] } },
{ "type": "Feature", "properties": { "id": 301 }, "geometry": { "type": "Polygon", "coordinates": [ [ [ 22.38969473, 50.75264642 ], [ 22.38904649, 50.74077956 ], [ 22.40630549, 50.73455828 ], [ 22.42421544, 50.74020273 ], [ 22.42486956, 50.75206955 ], [ 22.40760786, 50.75829196 ], [ 22.38969473, 50.75264642 ] ] ] } },
{ "type": "Feature", "properties": { "id": 302 }, "geometry": { "type": "Polygon", "coordinates": [ [ [ 18.79332449, 52.25072964 ], [ 18.79327838, 52.23913482 ], [ 18.81116601, 52.23360415 ], [ 18.82910344, 52.23966728 ], [ 18.82915569, 52.25126231 ], [ 18.81126438, 52.25679401 ], [ 18.79332449, 52.25072964 ] ] ] } },
{ "type": "Feature", "properties": { "id": 303 }, "geometry": { "type": "Polygon", "coordinates": [ [ [ 18.47115073, 52.00156088 ], [ 18.47115974, 51.98992426 ], [ 18.48899893, 51.98441892 ], [ 18.50683283, 51.99054919 ], [ 18.50682991, 52.00218604 ], [ 18.48898699, 52.0076924 ], [ 18.47115073, 52.00156088 ] ] ] } },
{ "type": "Feature", "properties": { "id": 304 }, "geometry": { "type": "Polygon", "coordinates": [ [ [ 18.2401033, 51.80499151 ], [ 18.24015156, 51.7933222 ], [ 18.25795115, 51.78783335 ], [ 18.27570623, 51.79401281 ], [ 18.27566402, 51.80568237 ], [ 18.25786067, 51.81117221 ], [ 18.2401033, 51.80499151 ] ] ] } },
{ "type": "Feature", "properties": { "id": 305 }, "geometry": { "type": "Polygon", "coordinates": [ [ [ 17.94255339, 51.2539855 ], [ 17.94265143, 51.24222261 ], [ 17.96032387, 51.23672591 ], [ 17.97790205, 51.24299114 ], [ 17.97780995, 51.25475432 ], [ 17.96013374, 51.26025198 ], [ 17.94255339, 51.2539855 ] ] ] } },
{ "type": "Feature", "properties": { "id": 306 }, "geometry": { "type": "Polygon", "coordinates": [ [ [ 17.95860802, 51.44816487 ], [ 17.95870362, 51.43643573 ], [ 17.97642475, 51.43095556 ], [ 17.99405407, 51.43720356 ], [ 17.99396444, 51.44893298 ], [ 17.97623953, 51.45441411 ], [ 17.95860802, 51.44816487 ] ] ] } },
{ "type": "Feature", "properties": { "id": 307 }, "geometry": { "type": "Polygon", "coordinates": [ [ [ 17.81541646, 51.62065957 ], [ 17.81553655, 51.60896247 ], [ 17.83330851, 51.60352162 ], [ 17.8509642, 51.60977691 ], [ 17.85085011, 51.6214743 ], [ 17.83307432, 51.62691611 ], [ 17.81541646, 51.62065957 ] ] ] } },
{ "type": "Feature", "properties": { "id": 308 }, "geometry": { "type": "Polygon", "coordinates": [ [ [ 17.42362795, 51.75116208 ], [ 17.42381473, 51.73949305 ], [ 17.44163749, 51.73412641 ], [ 17.45927742, 51.74042786 ], [ 17.45909665, 51.7520972 ], [ 17.44126996, 51.75746479 ], [ 17.42362795, 51.75116208 ] ] ] } },
{ "type": "Feature", "properties": { "id": 309 }, "geometry": { "type": "Polygon", "coordinates": [ [ [ 20.03397184, 51.59836396 ], [ 20.03371559, 51.5866448 ], [ 20.05136009, 51.58085869 ], [ 20.06926417, 51.58679068 ], [ 20.06952646, 51.59850997 ], [ 20.05187863, 51.60429714 ], [ 20.03397184, 51.59836396 ] ] ] } },
{ "type": "Feature", "properties": { "id": 310 }, "geometry": { "type": "Polygon", "coordinates": [ [ [ 20.1357158, 51.38750191 ], [ 20.1354431, 51.37574519 ], [ 20.15302744, 51.36992316 ], [ 20.17088778, 51.3758568 ], [ 20.17116648, 51.38761364 ], [ 20.15357884, 51.39343673 ], [ 20.1357158, 51.38750191 ] ] ] } },
{ "type": "Feature", "properties": { "id": 311 }, "geometry": { "type": "Polygon", "coordinates": [ [ [ 16.9825373, 51.65104071 ], [ 16.98279843, 51.63936029 ], [ 17.00061285, 51.6340529 ], [ 17.01817016, 51.64042501 ], [ 17.01791501, 51.65210578 ], [ 17.00009658, 51.65741408 ], [ 16.9825373, 51.65104071 ] ] ] } },
{ "type": "Feature", "properties": { "id": 312 }, "geometry": { "type": "Polygon", "coordinates": [ [ [ 17.0669147, 51.84612647 ], [ 17.06716226, 51.83447928 ], [ 17.08502413, 51.82917808 ], [ 17.10264247, 51.83552314 ], [ 17.10240092, 51.84717066 ], [ 17.08453502, 51.85247279 ], [ 17.0669147, 51.84612647 ] ] ] } },
{ "type": "Feature", "properties": { "id": 313 }, "geometry": { "type": "Polygon", "coordinates": [ [ [ 16.63464776, 52.07679359 ], [ 16.63496967, 52.06519412 ], [ 16.6529081, 52.05998414 ], [ 16.67052874, 52.06637271 ], [ 16.67021287, 52.07797254 ], [ 16.6522703, 52.08318344 ], [ 16.63464776, 52.07679359 ] ] ] } },
{ "type": "Feature", "properties": { "id": 314 }, "geometry": { "type": "Polygon", "coordinates": [ [ [ 23.83133365, 50.72031463 ], [ 23.83044468, 50.70845193 ], [ 23.84756648, 50.7020159 ], [ 23.86557961, 50.70744138 ], [ 23.86647443, 50.71930393 ], [ 23.84935027, 50.72574115 ], [ 23.83133365, 50.72031463 ] ] ] } },
{ "type": "Feature", "properties": { "id": 315 }, "geometry": { "type": "Polygon", "coordinates": [ [ [ 21.96819406, 51.13173327 ], [ 21.96761334, 51.11993064 ], [ 21.98500008, 51.11380739 ], [ 22.00297039, 51.11948562 ], [ 22.00355707, 51.13128823 ], [ 21.98616749, 51.13741262 ], [ 21.96819406, 51.13173327 ] ] ] } },
{ "type": "Feature", "properties": { "id": 316 }, "geometry": { "type": "Polygon", "coordinates": [ [ [ 16.06493486, 52.09125534 ], [ 16.0653536, 52.07966822 ], [ 16.08331448, 52.07454978 ], [ 16.10086089, 52.08101756 ], [ 16.10044818, 52.09260508 ], [ 16.08248303, 52.09772442 ], [ 16.06493486, 52.09125534 ] ] ] } },
{ "type": "Feature", "properties": { "id": 317 }, "geometry": { "type": "Polygon", "coordinates": [ [ [ 22.05320349, 51.41347559 ], [ 22.05260603, 51.40172257 ], [ 22.07005615, 51.39561314 ], [ 22.08810655, 51.40125561 ], [ 22.08871001, 51.41300861 ], [ 22.07125706, 51.41911918 ], [ 22.05320349, 51.41347559 ] ] ] } },
{ "type": "Feature", "properties": { "id": 318 }, "geometry": { "type": "Polygon", "coordinates": [ [ [ 16.34694189, 52.17125477 ], [ 16.34731319, 52.15967697 ], [ 16.3652864, 52.15452197 ], [ 16.38289251, 52.16094387 ], [ 16.38252725, 52.17252205 ], [ 16.36454983, 52.17767795 ], [ 16.34694189, 52.17125477 ] ] ] } },
{ "type": "Feature", "properties": { "id": 319 }, "geometry": { "type": "Polygon", "coordinates": [ [ [ 16.14460722, 52.35479321 ], [ 16.14501402, 52.34325188 ], [ 16.1630426, 52.33814753 ], [ 16.18066867, 52.34458361 ], [ 16.18026793, 52.35612534 ], [ 16.16223507, 52.36123059 ], [ 16.14460722, 52.35479321 ] ] ] } },
{ "type": "Feature", "properties": { "id": 320 }, "geometry": { "type": "Polygon", "coordinates": [ [ [ 16.01016157, 52.60914443 ], [ 16.0105929, 52.59765144 ], [ 16.02869411, 52.59259436 ], [ 16.04636832, 52.59902936 ], [ 16.04594309, 52.61052274 ], [ 16.02783755, 52.61558073 ], [ 16.01016157, 52.60914443 ] ] ] } },
{ "type": "Feature", "properties": { "id": 321 }, "geometry": { "type": "Polygon", "coordinates": [ [ [ 21.6461645, 51.8399734 ], [ 21.64563265, 51.82829503 ], [ 21.6632235, 51.8222874 ], [ 21.68134917, 51.827957 ], [ 21.6818871, 51.83963537 ], [ 21.66429328, 51.84564414 ], [ 21.6461645, 51.8399734 ] ] ] } },
{ "type": "Feature", "properties": { "id": 322 }, "geometry": { "type": "Polygon", "coordinates": [ [ [ 17.26186618, 52.82333025 ], [ 17.2620838, 52.81185637 ], [ 17.28019843, 52.80662312 ], [ 17.29809954, 52.81286275 ], [ 17.29788812, 52.82433693 ], [ 17.27976939, 52.82957117 ], [ 17.26186618, 52.82333025 ] ] ] } },
{ "type": "Feature", "properties": { "id": 323 }, "geometry": { "type": "Polygon", "coordinates": [ [ [ 21.36912219, 52.05213987 ], [ 21.36863603, 52.04049918 ], [ 21.38630302, 52.03455388 ], [ 21.40445923, 52.04024812 ], [ 21.40495151, 52.05188883 ], [ 21.38728146, 52.05783527 ], [ 21.36912219, 52.05213987 ] ] ] } },
{ "type": "Feature", "properties": { "id": 324 }, "geometry": { "type": "Polygon", "coordinates": [ [ [ 21.62629882, 52.18968036 ], [ 21.62576765, 52.17806471 ], [ 21.64345034, 52.1720939 ], [ 21.66166722, 52.17773759 ], [ 21.66220454, 52.18935324 ], [ 21.64451884, 52.1953252 ], [ 21.62629882, 52.18968036 ] ] ] } },
{ "type": "Feature", "properties": { "id": 325 }, "geometry": { "type": "Polygon", "coordinates": [ [ [ 22.09362144, 51.85248303 ], [ 22.09301329, 51.84080796 ], [ 22.11057128, 51.83473429 ], [ 22.12874028, 51.84033454 ], [ 22.1293545, 51.85200958 ], [ 22.11179365, 51.85808441 ], [ 22.09362144, 51.85248303 ] ] ] } },
{ "type": "Feature", "properties": { "id": 326 }, "geometry": { "type": "Polygon", "coordinates": [ [ [ 16.93455442, 52.9512706 ], [ 16.9348289, 52.93982482 ], [ 16.95299162, 52.93465631 ], [ 16.97088405, 52.94093259 ], [ 16.97061578, 52.95237869 ], [ 16.95244888, 52.95754818 ], [ 16.93455442, 52.9512706 ] ] ] } },
{ "type": "Feature", "properties": { "id": 327 }, "geometry": { "type": "Polygon", "coordinates": [ [ [ 16.35814144, 52.93206845 ], [ 16.35851506, 52.92062824 ], [ 16.3766933, 52.91554903 ], [ 16.39450221, 52.92190908 ], [ 16.39413477, 52.93334966 ], [ 16.37595223, 52.93842981 ], [ 16.35814144, 52.93206845 ] ] ] } },
{ "type": "Feature", "properties": { "id": 328 }, "geometry": { "type": "Polygon", "coordinates": [ [ [ 16.8749164, 53.17234998 ], [ 16.87520211, 53.1609458 ], [ 16.89342812, 53.15580942 ], [ 16.91137264, 53.16207625 ], [ 16.91109318, 53.17348075 ], [ 16.89286295, 53.17861811 ], [ 16.8749164, 53.17234998 ] ] ] } },
{ "type": "Feature", "properties": { "id": 329 }, "geometry": { "type": "Polygon", "coordinates": [ [ [ 19.84832284, 53.02271156 ], [ 19.84809332, 53.01125077 ], [ 19.86612534, 53.00563404 ], [ 19.88439039, 53.01147698 ], [ 19.8846262, 53.02293789 ], [ 19.86659066, 53.02855573 ], [ 19.84832284, 53.02271156 ] ] ] } },
{ "type": "Feature", "properties": { "id": 330 }, "geometry": { "type": "Polygon", "coordinates": [ [ [ 20.32132722, 53.05916572 ], [ 20.32101551, 53.0477099 ], [ 20.33902598, 53.04202397 ], [ 20.35735157, 53.04779271 ], [ 20.35766959, 53.05924861 ], [ 20.33965571, 53.06493568 ], [ 20.32132722, 53.05916572 ] ] ] } },
{ "type": "Feature", "properties": { "id": 331 }, "geometry": { "type": "Polygon", "coordinates": [ [ [ 19.68166907, 52.83219266 ], [ 19.68146903, 52.82069758 ], [ 19.69945996, 52.81508743 ], [ 19.71765447, 52.82097125 ], [ 19.71786077, 52.83246646 ], [ 19.6998663, 52.83807771 ], [ 19.68166907, 52.83219266 ] ] ] } },
{ "type": "Feature", "properties": { "id": 332 }, "geometry": { "type": "Polygon", "coordinates": [ [ [ 20.62535695, 52.90467609 ], [ 20.62499334, 52.89319101 ], [ 20.64294067, 52.88744294 ], [ 20.66125493, 52.8931788 ], [ 20.66162483, 52.90466394 ], [ 20.64367418, 52.91041316 ], [ 20.62535695, 52.90467609 ] ] ] } },
{ "type": "Feature", "properties": { "id": 333 }, "geometry": { "type": "Polygon", "coordinates": [ [ [ 20.88661441, 53.11073576 ], [ 20.88620429, 53.09928842 ], [ 20.90418859, 53.093521 ], [ 20.92258628, 53.09919977 ], [ 20.92300272, 53.11064716 ], [ 20.90501514, 53.11641574 ], [ 20.88661441, 53.11073576 ] ] ] } },
{ "type": "Feature", "properties": { "id": 334 }, "geometry": { "type": "Polygon", "coordinates": [ [ [ 21.92753842, 52.46490192 ], [ 21.92695331, 52.45333678 ], [ 21.94468379, 52.44734737 ], [ 21.96300234, 52.45292192 ], [ 21.96359364, 52.46448704 ], [ 21.9458602, 52.47047762 ], [ 21.92753842, 52.46490192 ] ] ] } },
{ "type": "Feature", "properties": { "id": 335 }, "geometry": { "type": "Polygon", "coordinates": [ [ [ 21.43403471, 53.14257173 ], [ 21.43352931, 53.13113031 ], [ 21.45148063, 53.12528262 ], [ 21.46994051, 53.13087517 ], [ 21.47045223, 53.14231661 ], [ 21.45249776, 53.14816547 ], [ 21.43403471, 53.14257173 ] ] ] } },
{ "type": "Feature", "properties": { "id": 336 }, "geometry": { "type": "Polygon", "coordinates": [ [ [ 22.25835278, 53.21988198 ], [ 22.25770353, 53.20845694 ], [ 22.27560822, 53.20249221 ], [ 22.29416511, 53.20795131 ], [ 22.29482069, 53.21937631 ], [ 22.27691306, 53.22534225 ], [ 22.25835278, 53.21988198 ] ] ] } },
{ "type": "Feature", "properties": { "id": 337 }, "geometry": { "type": "Polygon", "coordinates": [ [ [ 21.96241526, 52.79341504 ], [ 21.96182125, 52.78191009 ], [ 21.97963593, 52.77594769 ], [ 21.99804759, 52.78148905 ], [ 21.99864785, 52.79299397 ], [ 21.98083019, 52.79895756 ], [ 21.96241526, 52.79341504 ] ] ] } },
{ "type": "Feature", "properties": { "id": 338 }, "geometry": { "type": "Polygon", "coordinates": [ [ [ 22.22948684, 53.03134485 ], [ 22.22884444, 53.01988469 ], [ 22.24670054, 53.01390556 ], [ 22.26520199, 53.01938541 ], [ 22.26585069, 53.03084553 ], [ 22.24799165, 53.03682586 ], [ 22.22948684, 53.03134485 ] ] ] } },
{ "type": "Feature", "properties": { "id": 339 }, "geometry": { "type": "Polygon", "coordinates": [ [ [ 20.96171565, 52.67976364 ], [ 20.96129523, 52.66823681 ], [ 20.97915781, 52.66241495 ], [ 20.99744404, 52.66811877 ], [ 20.9978707, 52.67964565 ], [ 20.9800049, 52.68546866 ], [ 20.96171565, 52.67976364 ] ] ] } },
{ "type": "Feature", "properties": { "id": 340 }, "geometry": { "type": "Polygon", "coordinates": [ [ [ 21.48526596, 52.6596839 ], [ 21.48475538, 52.64815349 ], [ 21.50257281, 52.64225005 ], [ 21.5209039, 52.64787587 ], [ 21.5214207, 52.65940629 ], [ 21.50360019, 52.66531089 ], [ 21.48526596, 52.6596839 ] ] ] } },
{ "type": "Feature", "properties": { "id": 341 }, "geometry": { "type": "Polygon", "coordinates": [ [ [ 22.86715514, 52.48522823 ], [ 22.86640847, 52.47367083 ], [ 22.88406356, 52.46754259 ], [ 22.90246804, 52.47297055 ], [ 22.90322089, 52.48452787 ], [ 22.88556308, 52.49065731 ], [ 22.86715514, 52.48522823 ] ] ] } },
{ "type": "Feature", "properties": { "id": 342 }, "geometry": { "type": "Polygon", "coordinates": [ [ [ 22.29003178, 52.49494123 ], [ 22.28938411, 52.48338275 ], [ 22.30709224, 52.47734176 ], [ 22.32545091, 52.48285807 ], [ 22.32610478, 52.4944165 ], [ 22.30839377, 52.50045867 ], [ 22.29003178, 52.49494123 ] ] ] } },
{ "type": "Feature", "properties": { "id": 343 }, "geometry": { "type": "Polygon", "coordinates": [ [ [ 22.49292026, 52.87244344 ], [ 22.49223388, 52.86095502 ], [ 22.51002462, 52.8549206 ], [ 22.52850459, 52.8603734 ], [ 22.52919723, 52.87186175 ], [ 22.51140364, 52.87789738 ], [ 22.49292026, 52.87244344 ] ] ] } },
{ "type": "Feature", "properties": { "id": 344 }, "geometry": { "type": "Polygon", "coordinates": [ [ [ 23.13917699, 51.97426885 ], [ 23.1383896, 51.96262083 ], [ 23.15588771, 51.95640304 ], [ 23.17417582, 51.96183207 ], [ 23.17496929, 51.97347998 ], [ 23.15746857, 51.97969897 ], [ 23.13917699, 51.97426885 ] ] ] } },
{ "type": "Feature", "properties": { "id": 345 }, "geometry": { "type": "Polygon", "coordinates": [ [ [ 21.9390454, 53.39505663 ], [ 21.93845004, 53.38366323 ], [ 21.95642956, 53.37776424 ], [ 21.97500749, 53.38325745 ], [ 21.97560923, 53.39465082 ], [ 21.95762666, 53.40055102 ], [ 21.9390454, 53.39505663 ] ] ] } },
{ "type": "Feature", "properties": { "id": 346 }, "geometry": { "type": "Polygon", "coordinates": [ [ [ 23.56756345, 50.47752597 ], [ 23.56672139, 50.46561934 ], [ 23.5838098, 50.45919977 ], [ 23.60174268, 50.46468565 ], [ 23.60259055, 50.47659214 ], [ 23.58549973, 50.48301288 ], [ 23.56756345, 50.47752597 ] ] ] } },
{ "type": "Feature", "properties": { "id": 347 }, "geometry": { "type": "Polygon", "coordinates": [ [ [ 19.24998945, 51.38123781 ], [ 19.24986667, 51.36948484 ], [ 19.26750375, 51.36379806 ], [ 19.28526708, 51.36986323 ], [ 19.28539585, 51.38161638 ], [ 19.26775529, 51.38730419 ], [ 19.24998945, 51.38123781 ] ] ] } },
{ "type": "Feature", "properties": { "id": 348 }, "geometry": { "type": "Polygon", "coordinates": [ [ [ 19.0182708, 51.14898797 ], [ 19.0181875, 51.13719618 ], [ 19.035779, 51.13152263 ], [ 19.05345731, 51.13763986 ], [ 19.05354656, 51.14943185 ], [ 19.03595154, 51.15510641 ], [ 19.0182708, 51.14898797 ] ] ] } },
{ "type": "Feature", "properties": { "id": 349 }, "geometry": { "type": "Polygon", "coordinates": [ [ [ 18.59561805, 51.60101142 ], [ 18.5956059, 51.58930248 ], [ 18.61333488, 51.58373828 ], [ 18.63107967, 51.58988203 ], [ 18.63109783, 51.6015912 ], [ 18.6133652, 51.6071564 ], [ 18.59561805, 51.60101142 ] ] ] } },
{ "type": "Feature", "properties": { "id": 350 }, "geometry": { "type": "Polygon", "coordinates": [ [ [ 18.55995781, 51.24826289 ], [ 18.55995174, 51.2364924 ], [ 18.57759269, 51.23089928 ], [ 18.59524334, 51.23707566 ], [ 18.59525536, 51.24884638 ], [ 18.57761078, 51.25444049 ], [ 18.55995781, 51.24826289 ] ] ] } },
{ "type": "Feature", "properties": { "id": 351 }, "geometry": { "type": "Polygon", "coordinates": [ [ [ 18.22453886, 51.29512333 ], [ 18.22458939, 51.28336443 ], [ 18.24225895, 51.2778279 ], [ 18.25988169, 51.28404929 ], [ 18.25983711, 51.29580845 ], [ 18.24216384, 51.30134596 ], [ 18.22453886, 51.29512333 ] ] ] } },
{ "type": "Feature", "properties": { "id": 352 }, "geometry": { "type": "Polygon", "coordinates": [ [ [ 19.1277688, 51.57344451 ], [ 19.12766642, 51.56172623 ], [ 19.14535943, 51.556077 ], [ 19.16315836, 51.56214502 ], [ 19.16326677, 51.57386348 ], [ 19.14557022, 51.57951375 ], [ 19.1277688, 51.57344451 ] ] ] } },
{ "type": "Feature", "properties": { "id": 353 }, "geometry": { "type": "Polygon", "coordinates": [ [ [ 16.26801971, 50.78057584 ], [ 16.26839677, 50.76875616 ], [ 16.28601455, 50.76347512 ], [ 16.30325933, 50.77001291 ], [ 16.30288807, 50.781833 ], [ 16.28526623, 50.7871149 ], [ 16.26801971, 50.78057584 ] ] ] } },
{ "type": "Feature", "properties": { "id": 354 }, "geometry": { "type": "Polygon", "coordinates": [ [ [ 14.48289705, 53.0216838 ], [ 14.48359293, 53.0102975 ], [ 14.5018431, 53.0055267 ], [ 14.51940209, 53.01214137 ], [ 14.51871232, 53.02352817 ], [ 14.50045744, 53.0282998 ], [ 14.48289705, 53.0216838 ] ] ] } },
{ "type": "Feature", "properties": { "id": 355 }, "geometry": { "type": "Polygon", "coordinates": [ [ [ 14.88102915, 53.62131717 ], [ 14.88166273, 53.61003263 ], [ 14.90007392, 53.60526061 ], [ 14.91785624, 53.61177224 ], [ 14.91722889, 53.62305723 ], [ 14.89881299, 53.62783014 ], [ 14.88102915, 53.62131717 ] ] ] } },
{ "type": "Feature", "properties": { "id": 356 }, "geometry": { "type": "Polygon", "coordinates": [ [ [ 15.227785, 53.94223227 ], [ 15.2283615, 53.93100057 ], [ 15.24685697, 53.9262067 ], [ 15.26478063, 53.93264361 ], [ 15.26421045, 53.94387573 ], [ 15.2457103, 53.94867052 ], [ 15.227785, 53.94223227 ] ] ] } },
{ "type": "Feature", "properties": { "id": 357 }, "geometry": { "type": "Polygon", "coordinates": [ [ [ 14.68208136, 53.91627513 ], [ 14.68275238, 53.90505009 ], [ 14.7012522, 53.90034102 ], [ 14.7190858, 53.90685609 ], [ 14.71842107, 53.91808159 ], [ 14.69991645, 53.92279155 ], [ 14.68208136, 53.91627513 ] ] ] } },
{ "type": "Feature", "properties": { "id": 358 }, "geometry": { "type": "Polygon", "coordinates": [ [ [ 15.58765648, 54.05920248 ], [ 15.58817128, 54.0479858 ], [ 15.60669133, 54.04314665 ], [ 15.6247012, 54.04952324 ], [ 15.62419276, 54.06074032 ], [ 15.60566809, 54.06558042 ], [ 15.58765648, 54.05920248 ] ] ] } },
{ "type": "Feature", "properties": { "id": 359 }, "geometry": { "type": "Polygon", "coordinates": [ [ [ 18.93288254, 51.62365097 ], [ 18.93281316, 51.61194307 ], [ 18.95052991, 51.60632886 ], [ 18.96831962, 51.61242152 ], [ 18.96839503, 51.62412962 ], [ 18.95067469, 51.62974485 ], [ 18.93288254, 51.62365097 ] ] ] } },
{ "type": "Feature", "properties": { "id": 360 }, "geometry": { "type": "Polygon", "coordinates": [ [ [ 23.37655178, 51.5298896 ], [ 23.37572932, 51.5181642 ], [ 23.39309304, 51.51186936 ], [ 23.41128175, 51.51729874 ], [ 23.41211022, 51.52902402 ], [ 23.39474396, 51.53532005 ], [ 23.37655178, 51.5298896 ] ] ] } },
{ "type": "Feature", "properties": { "id": 361 }, "geometry": { "type": "Polygon", "coordinates": [ [ [ 19.30647486, 51.68081211 ], [ 19.30634196, 51.66911153 ], [ 19.32405223, 51.66344522 ], [ 19.34189892, 51.66947843 ], [ 19.34203787, 51.68117918 ], [ 19.32432408, 51.68684654 ], [ 19.30647486, 51.68081211 ] ] ] } },
{ "type": "Feature", "properties": { "id": 362 }, "geometry": { "type": "Polygon", "coordinates": [ [ [ 22.13405138, 50.91664158 ], [ 22.13344456, 50.90480208 ], [ 22.15076479, 50.89863399 ], [ 22.16869461, 50.90430426 ], [ 22.16930734, 50.91614373 ], [ 22.15198434, 50.92231296 ], [ 22.13405138, 50.91664158 ] ] ] } },
{ "type": "Feature", "properties": { "id": 363 }, "geometry": { "type": "Polygon", "coordinates": [ [ [ 22.4873237, 51.54803197 ], [ 22.48665152, 51.53630432 ], [ 22.50409917, 51.53014284 ], [ 22.52222175, 51.53570786 ], [ 22.52289995, 51.54743545 ], [ 22.50544955, 51.55359809 ], [ 22.4873237, 51.54803197 ] ] ] } },
{ "type": "Feature", "properties": { "id": 364 }, "geometry": { "type": "Polygon", "coordinates": [ [ [ 22.9883684, 51.30928675 ], [ 22.98761398, 51.29751977 ], [ 23.00495807, 51.29126154 ], [ 23.02305919, 51.29676912 ], [ 23.02381957, 51.30853601 ], [ 23.00647288, 51.31479541 ], [ 22.9883684, 51.30928675 ] ] ] } },
{ "type": "Feature", "properties": { "id": 365 }, "geometry": { "type": "Polygon", "coordinates": [ [ [ 22.87098904, 51.13474893 ], [ 22.87025625, 51.12295069 ], [ 22.88756754, 51.11669354 ], [ 22.90561424, 51.12223346 ], [ 22.90635297, 51.13403161 ], [ 22.88903906, 51.14028993 ], [ 22.87098904, 51.13474893 ] ] ] } },
{ "type": "Feature", "properties": { "id": 366 }, "geometry": { "type": "Polygon", "coordinates": [ [ [ 22.91867889, 51.61048018 ], [ 22.917933, 51.59876588 ], [ 22.9353587, 51.59254624 ], [ 22.95353293, 51.59803972 ], [ 22.95428484, 51.60975393 ], [ 22.9368565, 51.61597475 ], [ 22.91867889, 51.61048018 ] ] ] } },
{ "type": "Feature", "properties": { "id": 367 }, "geometry": { "type": "Polygon", "coordinates": [ [ [ 22.64430232, 51.79137626 ], [ 22.64360109, 51.77969257 ], [ 22.66109677, 51.77353082 ], [ 22.67929642, 51.77905158 ], [ 22.68000371, 51.7907352 ], [ 22.6625053, 51.79689813 ], [ 22.64430232, 51.79137626 ] ] ] } },
{ "type": "Feature", "properties": { "id": 368 }, "geometry": { "type": "Polygon", "coordinates": [ [ [ 23.12072178, 53.80253275 ], [ 23.11991567, 53.79122178 ], [ 23.13790318, 53.78518598 ], [ 23.15669956, 53.79045989 ], [ 23.15751209, 53.80177075 ], [ 23.13952182, 53.80780781 ], [ 23.12072178, 53.80253275 ] ] ] } },
{ "type": "Feature", "properties": { "id": 369 }, "geometry": { "type": "Polygon", "coordinates": [ [ [ 23.5291891, 53.12699357 ], [ 23.52832058, 53.11555897 ], [ 23.54608435, 53.10939507 ], [ 23.56471924, 53.11466452 ], [ 23.56559404, 53.12609899 ], [ 23.54782767, 53.13226414 ], [ 23.5291891, 53.12699357 ] ] ] } },
{ "type": "Feature", "properties": { "id": 370 }, "geometry": { "type": "Polygon", "coordinates": [ [ [ 22.99379447, 52.75983125 ], [ 22.99302292, 52.74832487 ], [ 23.01073892, 52.74220452 ], [ 23.02922919, 52.74758933 ], [ 23.03000697, 52.75909561 ], [ 23.01228825, 52.76521717 ], [ 22.99379447, 52.75983125 ] ] ] } },
{ "type": "Feature", "properties": { "id": 371 }, "geometry": { "type": "Polygon", "coordinates": [ [ [ 22.3879116, 53.56008625 ], [ 22.38723634, 53.5487254 ], [ 22.40522305, 53.5427752 ], [ 22.42388796, 53.54818462 ], [ 22.42456962, 53.5595454 ], [ 22.40657996, 53.56549683 ], [ 22.3879116, 53.56008625 ] ] ] } },
{ "type": "Feature", "properties": { "id": 372 }, "geometry": { "type": "Polygon", "coordinates": [ [ [ 23.64282343, 52.71038285 ], [ 23.64194081, 52.69887229 ], [ 23.65958263, 52.69265084 ], [ 23.67810961, 52.6979387 ], [ 23.67899844, 52.70944911 ], [ 23.66135407, 52.7156718 ], [ 23.64282343, 52.71038285 ] ] ] } },
{ "type": "Feature", "properties": { "id": 373 }, "geometry": { "type": "Polygon", "coordinates": [ [ [ 22.78442625, 53.45120265 ], [ 22.78368303, 53.43982335 ], [ 22.80160452, 53.43380265 ], [ 22.82027205, 53.43916001 ], [ 22.82102163, 53.45053922 ], [ 22.80309731, 53.45656116 ], [ 22.78442625, 53.45120265 ] ] ] } },
{ "type": "Feature", "properties": { "id": 374 }, "geometry": { "type": "Polygon", "coordinates": [ [ [ 23.29044676, 54.10398813 ], [ 23.28960703, 54.09273571 ], [ 23.30766289, 54.08670502 ], [ 23.32656122, 54.09192547 ], [ 23.32740743, 54.10317776 ], [ 23.30934882, 54.10920973 ], [ 23.29044676, 54.10398813 ] ] ] } },
{ "type": "Feature", "properties": { "id": 375 }, "geometry": { "type": "Polygon", "coordinates": [ [ [ 23.36985772, 53.43924513 ], [ 23.36901277, 53.42786752 ], [ 23.38687649, 53.42175819 ], [ 23.40558783, 53.42702522 ], [ 23.40643914, 53.4384027 ], [ 23.38857274, 53.44451328 ], [ 23.36985772, 53.43924513 ] ] ] } },
{ "type": "Feature", "properties": { "id": 376 }, "geometry": { "type": "Polygon", "coordinates": [ [ [ 19.78964473, 51.84264567 ], [ 19.7894292, 51.83097099 ], [ 19.80715195, 51.82524613 ], [ 19.82509365, 51.83119488 ], [ 19.82531526, 51.8428697 ], [ 19.80758909, 51.84859563 ], [ 19.78964473, 51.84264567 ] ] ] } },
{ "type": "Feature", "properties": { "id": 377 }, "geometry": { "type": "Polygon", "coordinates": [ [ [ 19.56872017, 51.38426122 ], [ 19.56854346, 51.37250671 ], [ 19.58616253, 51.3667712 ], [ 19.60396174, 51.37278917 ], [ 19.60414445, 51.38454384 ], [ 19.58652196, 51.39028039 ], [ 19.56872017, 51.38426122 ] ] ] } },
{ "type": "Feature", "properties": { "id": 378 }, "geometry": { "type": "Polygon", "coordinates": [ [ [ 19.57351413, 51.70085252 ], [ 19.57333579, 51.68915381 ], [ 19.59103534, 51.68344832 ], [ 19.60891668, 51.68944049 ], [ 19.60910107, 51.70113935 ], [ 19.59139807, 51.70684589 ], [ 19.57351413, 51.70085252 ] ] ] } },
{ "type": "Feature", "properties": { "id": 379 }, "geometry": { "type": "Polygon", "coordinates": [ [ [ 22.92078714, 54.1114684 ], [ 22.92001231, 54.10021488 ], [ 22.93810514, 54.0942403 ], [ 22.95697564, 54.09951797 ], [ 22.95775696, 54.11077139 ], [ 22.93966129, 54.11674724 ], [ 22.92078714, 54.1114684 ] ] ] } },
{ "type": "Feature", "properties": { "id": 380 }, "geometry": { "type": "Polygon", "coordinates": [ [ [ 18.99386237, 50.13321686 ], [ 18.99378431, 50.12125169 ], [ 19.01112732, 50.11548517 ], [ 19.02855182, 50.12168284 ], [ 19.02863566, 50.13364823 ], [ 19.01128922, 50.13941573 ], [ 18.99386237, 50.13321686 ] ] ] } }
]
}
