{
"type": "FeatureCollection",
"name": "pl_l6_h3_05_hx",
"crs": { "type": "name", "properties": { "name": "urn:ogc:def:crs:OGC:1.3:CRS84" } },
"xy_coordinate_resolution": 1e-08,
"features": [
{ "type": "Feature", "properties": { "id": 1 }, "geometry": { "type": "Polygon", "coordinates": [ [ [ 19.92921926, 52.55739299 ], [ 19.92752809, 52.47652305 ], [ 20.05265339, 52.43667603 ], [ 20.17963763, 52.47764517 ], [ 20.1816328, 52.55852066 ], [ 20.05633971, 52.59842166 ], [ 19.92921926, 52.55739299 ] ] ] } },
{ "type": "Feature", "properties": { "id": 2 }, "geometry": { "type": "Polygon", "coordinates": [ [ [ 20.31109755, 52.68000678 ], [ 20.30894257, 52.59928357 ], [ 20.43411794, 52.55911163 ], [ 20.56161219, 52.59960812 ], [ 20.56407239, 52.68033549 ], [ 20.43873312, 52.72056241 ], [ 20.31109755, 52.68000678 ] ] ] } },
{ "type": "Feature", "properties": { "id": 3 }, "geometry": { "type": "Polygon", "coordinates": [ [ [ 19.29716583, 52.4309121 ], [ 19.29623735, 52.34990571 ], [ 19.42140303, 52.3106525 ], [ 19.54767156, 52.35235348 ], [ 19.54890254, 52.43336769 ], [ 19.42356245, 52.47267329 ], [ 19.29716583, 52.4309121 ] ] ] } },
{ "type": "Feature", "properties": { "id": 4 }, "geometry": { "type": "Polygon", "coordinates": [ [ [ 19.92415792, 52.3144745 ], [ 19.9224789, 52.23329616 ], [ 20.04715704, 52.19328627 ], [ 20.17368082, 52.23440138 ], [ 20.17566166, 52.3155854 ], [ 20.05081687, 52.35564882 ], [ 19.92415792, 52.3144745 ] ] ] } },
{ "type": "Feature", "properties": { "id": 5 }, "geometry": { "type": "Polygon", "coordinates": [ [ [ 18.90799167, 50.32921927 ], [ 18.90754436, 50.24565688 ], [ 19.02913928, 50.20539837 ], [ 19.15134983, 50.24865424 ], [ 19.15208161, 50.33222696 ], [ 19.03031831, 50.37253366 ], [ 18.90799167, 50.32921927 ] ] ] } },
{ "type": "Feature", "properties": { "id": 6 }, "geometry": { "type": "Polygon", "coordinates": [ [ [ 18.90799167, 50.32921927 ], [ 18.90754436, 50.24565688 ], [ 19.02913928, 50.20539837 ], [ 19.15134983, 50.24865424 ], [ 19.15208161, 50.33222696 ], [ 19.03031831, 50.37253366 ], [ 18.90799167, 50.32921927 ] ] ] } },
{ "type": "Feature", "properties": { "id": 7 }, "geometry": { "type": "Polygon", "coordinates": [ [ [ 18.90799167, 50.32921927 ], [ 18.90754436, 50.24565688 ], [ 19.02913928, 50.20539837 ], [ 19.15134983, 50.24865424 ], [ 19.15208161, 50.33222696 ], [ 19.03031831, 50.37253366 ], [ 18.90799167, 50.32921927 ] ] ] } },
{ "type": "Feature", "properties": { "id": 8 }, "geometry": { "type": "Polygon", "coordinates": [ [ [ 18.66401494, 50.32570191 ], [ 18.66385186, 50.24215077 ], [ 18.78553113, 50.20215196 ], [ 18.90754436, 50.24565688 ], [ 18.90799167, 50.32921927 ], [ 18.78614146, 50.36926567 ], [ 18.66401494, 50.32570191 ] ] ] } },
{ "type": "Feature", "properties": { "id": 9 }, "geometry": { "type": "Polygon", "coordinates": [ [ [ 18.78644769, 50.45267436 ], [ 18.78614146, 50.36926567 ], [ 18.90799167, 50.32921927 ], [ 19.03031831, 50.37253366 ], [ 19.03090989, 50.45595308 ], [ 18.90888942, 50.49604755 ], [ 18.78644769, 50.45267436 ] ] ] } },
{ "type": "Feature", "properties": { "id": 10 }, "geometry": { "type": "Polygon", "coordinates": [ [ [ 20.93056209, 52.31571223 ], [ 20.92767539, 52.23451652 ], [ 21.05186907, 52.19343152 ], [ 21.17910434, 52.23348686 ], [ 21.18229302, 52.31468468 ], [ 21.05794446, 52.35582524 ], [ 20.93056209, 52.31571223 ] ] ] } },
{ "type": "Feature", "properties": { "id": 11 }, "geometry": { "type": "Polygon", "coordinates": [ [ [ 20.42723671, 52.31616225 ], [ 20.42495397, 52.23497345 ], [ 20.54939957, 52.19442549 ], [ 20.67628871, 52.23501195 ], [ 20.67887342, 52.31620465 ], [ 20.55426702, 52.35680718 ], [ 20.42723671, 52.31616225 ] ] ] } },
{ "type": "Feature", "properties": { "id": 12 }, "geometry": { "type": "Polygon", "coordinates": [ [ [ 20.42040487, 52.07228812 ], [ 20.41813847, 51.99079186 ], [ 20.542142, 51.95008399 ], [ 20.66857165, 51.99081843 ], [ 20.67113785, 52.07231871 ], [ 20.54697459, 52.11308072 ], [ 20.42040487, 52.07228812 ] ] ] } },
{ "type": "Feature", "properties": { "id": 13 }, "geometry": { "type": "Polygon", "coordinates": [ [ [ 20.42040487, 52.07228812 ], [ 20.41813847, 51.99079186 ], [ 20.542142, 51.95008399 ], [ 20.66857165, 51.99081843 ], [ 20.67113785, 52.07231871 ], [ 20.54697459, 52.11308072 ], [ 20.42040487, 52.07228812 ] ] ] } },
{ "type": "Feature", "properties": { "id": 14 }, "geometry": { "type": "Polygon", "coordinates": [ [ [ 19.6768871, 52.5557291 ], [ 19.67549979, 52.47486558 ], [ 19.80073496, 52.43528918 ], [ 19.92752809, 52.47652305 ], [ 19.92921926, 52.55739299 ], [ 19.80381341, 52.59702284 ], [ 19.6768871, 52.5557291 ] ] ] } },
{ "type": "Feature", "properties": { "id": 15 }, "geometry": { "type": "Polygon", "coordinates": [ [ [ 14.33873619, 53.59392433 ], [ 14.34381885, 53.51493786 ], [ 14.47254277, 53.48199585 ], [ 14.59641866, 53.52799858 ], [ 14.59163984, 53.60700872 ], [ 14.46268106, 53.63999264 ], [ 14.33873619, 53.59392433 ] ] ] } },
{ "type": "Feature", "properties": { "id": 16 }, "geometry": { "type": "Polygon", "coordinates": [ [ [ 17.78127092, 53.12884277 ], [ 17.78217106, 53.04882839 ], [ 17.90921965, 53.01172056 ], [ 18.03556337, 53.05457708 ], [ 18.03497051, 53.1346041 ], [ 17.90772655, 53.17176215 ], [ 17.78127092, 53.12884277 ] ] ] } },
{ "type": "Feature", "properties": { "id": 17 }, "geometry": { "type": "Polygon", "coordinates": [ [ [ 18.78644769, 50.45267436 ], [ 18.78614146, 50.36926567 ], [ 18.90799167, 50.32921927 ], [ 19.03031831, 50.37253366 ], [ 19.03090989, 50.45595308 ], [ 18.90888942, 50.49604755 ], [ 18.78644769, 50.45267436 ] ] ] } },
{ "type": "Feature", "properties": { "id": 18 }, "geometry": { "type": "Polygon", "coordinates": [ [ [ 18.66401494, 50.32570191 ], [ 18.66385186, 50.24215077 ], [ 18.78553113, 50.20215196 ], [ 18.90754436, 50.24565688 ], [ 18.90799167, 50.32921927 ], [ 18.78614146, 50.36926567 ], [ 18.66401494, 50.32570191 ] ] ] } },
{ "type": "Feature", "properties": { "id": 19 }, "geometry": { "type": "Polygon", "coordinates": [ [ [ 14.47254277, 53.48199585 ], [ 14.47745572, 53.40284227 ], [ 14.60594159, 53.36966789 ], [ 14.729747, 53.41560521 ], [ 14.72513725, 53.49478214 ], [ 14.59641866, 53.52799858 ], [ 14.47254277, 53.48199585 ] ] ] } },
{ "type": "Feature", "properties": { "id": 20 }, "geometry": { "type": "Polygon", "coordinates": [ [ [ 22.33152962, 50.32471931 ], [ 22.3270913, 50.24109534 ], [ 22.44703681, 50.19722549 ], [ 22.57155115, 50.23692458 ], [ 22.57627415, 50.32054608 ], [ 22.45619818, 50.36447115 ], [ 22.33152962, 50.32471931 ] ] ] } },
{ "type": "Feature", "properties": { "id": 21 }, "geometry": { "type": "Polygon", "coordinates": [ [ [ 19.02913928, 50.20539837 ], [ 19.02855182, 50.12168284 ], [ 19.14989138, 50.08121305 ], [ 19.27198486, 50.12441066 ], [ 19.2728559, 50.20813614 ], [ 19.15134983, 50.24865424 ], [ 19.02913928, 50.20539837 ] ] ] } },
{ "type": "Feature", "properties": { "id": 22 }, "geometry": { "type": "Polygon", "coordinates": [ [ [ 19.88019468, 50.08709485 ], [ 19.87861936, 50.00320081 ], [ 19.99941231, 49.96174676 ], [ 20.12193742, 50.00413682 ], [ 20.12379591, 50.08803768 ], [ 20.00284609, 50.12954183 ], [ 19.88019468, 50.08709485 ] ] ] } },
{ "type": "Feature", "properties": { "id": 23 }, "geometry": { "type": "Polygon", "coordinates": [ [ [ 14.97449128, 51.20398511 ], [ 14.97865615, 51.12189649 ], [ 15.10279915, 51.08653055 ], [ 15.22298988, 51.1332144 ], [ 15.21910969, 51.21532691 ], [ 15.0947539, 51.25073186 ], [ 14.97449128, 51.20398511 ] ] ] } },
{ "type": "Feature", "properties": { "id": 24 }, "geometry": { "type": "Polygon", "coordinates": [ [ [ 15.10279915, 51.08653055 ], [ 15.10680765, 51.0042803 ], [ 15.230723, 50.96869016 ], [ 15.35084051, 51.01531125 ], [ 15.34711608, 51.09758506 ], [ 15.22298988, 51.1332144 ], [ 15.10279915, 51.08653055 ] ] ] } },
{ "type": "Feature", "properties": { "id": 25 }, "geometry": { "type": "Polygon", "coordinates": [ [ [ 15.33589018, 51.3438074 ], [ 15.33964094, 51.26183329 ], [ 15.46397766, 51.22616421 ], [ 15.5847736, 51.27242908 ], [ 15.5813096, 51.35442569 ], [ 15.45676272, 51.3901351 ], [ 15.33589018, 51.3438074 ] ] ] } },
{ "type": "Feature", "properties": { "id": 26 }, "geometry": { "type": "Polygon", "coordinates": [ [ [ 15.34711608, 51.09758506 ], [ 15.35084051, 51.01531125 ], [ 15.47473671, 50.97945818 ], [ 15.59511687, 51.02583916 ], [ 15.59167721, 51.10813566 ], [ 15.46757243, 51.14402866 ], [ 15.34711608, 51.09758506 ] ] ] } },
{ "type": "Feature", "properties": { "id": 27 }, "geometry": { "type": "Polygon", "coordinates": [ [ [ 15.35826328, 50.85046504 ], [ 15.36196166, 50.76789296 ], [ 15.48542044, 50.73185634 ], [ 15.60538766, 50.77835243 ], [ 15.60197207, 50.86094738 ], [ 15.47830628, 50.89702355 ], [ 15.35826328, 50.85046504 ] ] ] } },
{ "type": "Feature", "properties": { "id": 28 }, "geometry": { "type": "Polygon", "coordinates": [ [ [ 15.60197207, 50.86094738 ], [ 15.60538766, 50.77835243 ], [ 15.72882266, 50.74205382 ], [ 15.84904662, 50.78831009 ], [ 15.8459145, 50.87092705 ], [ 15.72227477, 50.90726592 ], [ 15.60197207, 50.86094738 ] ] ] } },
{ "type": "Feature", "properties": { "id": 29 }, "geometry": { "type": "Polygon", "coordinates": [ [ [ 15.97245327, 50.75174928 ], [ 15.97543296, 50.66897284 ], [ 16.09860617, 50.63219078 ], [ 16.21900005, 50.67814419 ], [ 16.21630378, 50.76094142 ], [ 16.09293005, 50.79776463 ], [ 15.97245327, 50.75174928 ] ] ] } },
{ "type": "Feature", "properties": { "id": 30 }, "geometry": { "type": "Polygon", "coordinates": [ [ [ 15.83647398, 51.11818097 ], [ 15.8396282, 51.03586265 ], [ 15.96347228, 50.99948296 ], [ 16.08436592, 51.0453804 ], [ 16.08149779, 51.12771966 ], [ 15.95744977, 51.16414073 ], [ 15.83647398, 51.11818097 ] ] ] } },
{ "type": "Feature", "properties": { "id": 31 }, "geometry": { "type": "Polygon", "coordinates": [ [ [ 16.19999283, 51.25563528 ], [ 16.20272731, 51.17343586 ], [ 16.32673998, 51.13675046 ], [ 16.44821918, 51.18222203 ], [ 16.44577272, 51.264441 ], [ 16.32155889, 51.30116902 ], [ 16.19999283, 51.25563528 ] ] ] } },
{ "type": "Feature", "properties": { "id": 32 }, "geometry": { "type": "Polygon", "coordinates": [ [ [ 15.95442788, 51.24631972 ], [ 15.95744977, 51.16414073 ], [ 16.08149779, 51.12771966 ], [ 16.20272731, 51.17343586 ], [ 16.19999283, 51.25563528 ], [ 16.07574127, 51.29209826 ], [ 15.95442788, 51.24631972 ] ] ] } },
{ "type": "Feature", "properties": { "id": 33 }, "geometry": { "type": "Polygon", "coordinates": [ [ [ 15.94531941, 51.4922553 ], [ 15.94836273, 51.41037716 ], [ 16.07285283, 51.37413727 ], [ 16.19450451, 51.41973338 ], [ 16.19175063, 51.50163176 ], [ 16.06705546, 51.53791397 ], [ 15.94531941, 51.4922553 ] ] ] } },
{ "type": "Feature", "properties": { "id": 34 }, "geometry": { "type": "Polygon", "coordinates": [ [ [ 15.93614617, 51.73728558 ], [ 15.93921115, 51.65570966 ], [ 16.06414649, 51.61965135 ], [ 16.18622329, 51.66512642 ], [ 16.18344979, 51.74672242 ], [ 16.05830784, 51.78282345 ], [ 15.93614617, 51.73728558 ] ] ] } },
{ "type": "Feature", "properties": { "id": 35 }, "geometry": { "type": "Polygon", "coordinates": [ [ [ 16.19175063, 51.50163176 ], [ 16.19450451, 51.41973338 ], [ 16.31895918, 51.38322793 ], [ 16.44086246, 51.42857802 ], [ 16.43839862, 51.51049577 ], [ 16.3137413, 51.54704424 ], [ 16.19175063, 51.50163176 ] ] ] } },
{ "type": "Feature", "properties": { "id": 36 }, "geometry": { "type": "Polygon", "coordinates": [ [ [ 16.31112309, 51.62880134 ], [ 16.3137413, 51.54704424 ], [ 16.43839862, 51.51049577 ], [ 16.56063978, 51.555661 ], [ 16.55831294, 51.63743695 ], [ 16.43345343, 51.674029 ], [ 16.31112309, 51.62880134 ] ] ] } },
{ "type": "Feature", "properties": { "id": 37 }, "geometry": { "type": "Polygon", "coordinates": [ [ [ 15.96347228, 50.99948296 ], [ 15.96647295, 50.91700451 ], [ 16.09008203, 50.88040272 ], [ 16.21089228, 50.92623802 ], [ 16.20817701, 51.00873707 ], [ 16.08436592, 51.0453804 ], [ 15.96347228, 50.99948296 ] ] ] } },
{ "type": "Feature", "properties": { "id": 38 }, "geometry": { "type": "Polygon", "coordinates": [ [ [ 15.97245327, 50.75174928 ], [ 15.97543296, 50.66897284 ], [ 16.09860617, 50.63219078 ], [ 16.21900005, 50.67814419 ], [ 16.21630378, 50.76094142 ], [ 16.09293005, 50.79776463 ], [ 15.97245327, 50.75174928 ] ] ] } },
{ "type": "Feature", "properties": { "id": 39 }, "geometry": { "type": "Polygon", "coordinates": [ [ [ 16.3344661, 50.88937312 ], [ 16.33702942, 50.80671478 ], [ 16.46036564, 50.76962898 ], [ 16.58133612, 50.81515931 ], [ 16.57905809, 50.89783702 ], [ 16.45552415, 50.93496521 ], [ 16.3344661, 50.88937312 ] ] ] } },
{ "type": "Feature", "properties": { "id": 40 }, "geometry": { "type": "Polygon", "coordinates": [ [ [ 16.34975654, 50.39193638 ], [ 16.35228422, 50.30868455 ], [ 16.47475513, 50.27124293 ], [ 16.59489306, 50.31701165 ], [ 16.59264672, 50.40028319 ], [ 16.46998098, 50.43776647 ], [ 16.34975654, 50.39193638 ] ] ] } },
{ "type": "Feature", "properties": { "id": 41 }, "geometry": { "type": "Polygon", "coordinates": [ [ [ 16.56527697, 51.39180682 ], [ 16.56758737, 51.30972889 ], [ 16.69175877, 51.27273567 ], [ 16.81381788, 51.31777669 ], [ 16.81179737, 51.39987277 ], [ 16.68742772, 51.43690985 ], [ 16.56527697, 51.39180682 ] ] ] } },
{ "type": "Feature", "properties": { "id": 42 }, "geometry": { "type": "Polygon", "coordinates": [ [ [ 16.57219185, 51.14527212 ], [ 16.57448598, 51.06289358 ], [ 16.69821719, 51.02572247 ], [ 16.81985091, 51.07088661 ], [ 16.81784464, 51.15328346 ], [ 16.69391664, 51.19049803 ], [ 16.57219185, 51.14527212 ] ] ] } },
{ "type": "Feature", "properties": { "id": 43 }, "geometry": { "type": "Polygon", "coordinates": [ [ [ 16.46036564, 50.76962898 ], [ 16.4627779, 50.68681186 ], [ 16.58587622, 50.64950587 ], [ 16.70675794, 50.69497464 ], [ 16.70463025, 50.77781077 ], [ 16.58133612, 50.81515931 ], [ 16.46036564, 50.76962898 ] ] ] } },
{ "type": "Feature", "properties": { "id": 44 }, "geometry": { "type": "Polygon", "coordinates": [ [ [ 16.71099843, 50.52900501 ], [ 16.71311127, 50.44587186 ], [ 16.83573291, 50.40812765 ], [ 16.95643358, 50.45347389 ], [ 16.95460386, 50.53662533 ], [ 16.83179022, 50.57441241 ], [ 16.71099843, 50.52900501 ] ] ] } },
{ "type": "Feature", "properties": { "id": 45 }, "geometry": { "type": "Polygon", "coordinates": [ [ [ 16.94908898, 50.78548565 ], [ 16.95093157, 50.70263138 ], [ 17.07393672, 50.66480092 ], [ 17.19529014, 50.70978099 ], [ 17.19373315, 50.7926525 ], [ 17.07053701, 50.83052686 ], [ 16.94908898, 50.78548565 ] ] ] } },
{ "type": "Feature", "properties": { "id": 46 }, "geometry": { "type": "Polygon", "coordinates": [ [ [ 17.18904021, 51.04066962 ], [ 17.19060819, 50.95809697 ], [ 17.3139948, 50.92017818 ], [ 17.43600323, 50.96478728 ], [ 17.43472333, 51.04737611 ], [ 17.31114679, 51.08533984 ], [ 17.18904021, 51.04066962 ] ] ] } },
{ "type": "Feature", "properties": { "id": 47 }, "geometry": { "type": "Polygon", "coordinates": [ [ [ 16.81784464, 51.15328346 ], [ 16.81985091, 51.07088661 ], [ 16.94353522, 51.03345139 ], [ 17.06540746, 51.07836906 ], [ 17.06368955, 51.16078334 ], [ 16.93981091, 51.1982627 ], [ 16.81784464, 51.15328346 ] ] ] } },
{ "type": "Feature", "properties": { "id": 48 }, "geometry": { "type": "Polygon", "coordinates": [ [ [ 16.69821719, 51.02572247 ], [ 16.70035989, 50.94318485 ], [ 16.82384935, 50.90579324 ], [ 16.94539082, 50.95089581 ], [ 16.94353522, 51.03345139 ], [ 16.81985091, 51.07088661 ], [ 16.69821719, 51.02572247 ] ] ] } },
{ "type": "Feature", "properties": { "id": 49 }, "geometry": { "type": "Polygon", "coordinates": [ [ [ 17.43086549, 51.29454195 ], [ 17.43215447, 51.2122536 ], [ 17.55592037, 51.17424441 ], [ 17.67858598, 51.21847776 ], [ 17.67758757, 51.30078125 ], [ 17.55363287, 51.33883643 ], [ 17.43086549, 51.29454195 ] ] ] } },
{ "type": "Feature", "properties": { "id": 50 }, "geometry": { "type": "Polygon", "coordinates": [ [ [ 16.81179737, 51.39987277 ], [ 16.81381788, 51.31777669 ], [ 16.93794216, 51.28051812 ], [ 17.06024158, 51.32531127 ], [ 17.05851148, 51.40742461 ], [ 16.93419142, 51.44472771 ], [ 16.81179737, 51.39987277 ] ] ] } },
{ "type": "Feature", "properties": { "id": 51 }, "geometry": { "type": "Polygon", "coordinates": [ [ [ 17.17955429, 51.53400109 ], [ 17.18114463, 51.45203048 ], [ 17.30541037, 51.41446125 ], [ 17.42827838, 51.45881708 ], [ 17.42698023, 51.54080355 ], [ 17.30252176, 51.57841851 ], [ 17.17955429, 51.53400109 ] ] ] } },
{ "type": "Feature", "properties": { "id": 52 }, "geometry": { "type": "Polygon", "coordinates": [ [ [ 18.90532336, 49.82636977 ], [ 18.90488224, 49.74221862 ], [ 19.02563491, 49.70163388 ], [ 19.14699472, 49.74515296 ], [ 19.14771637, 49.82931473 ], [ 19.02679762, 49.86994698 ], [ 18.90532336, 49.82636977 ] ] ] } },
{ "type": "Feature", "properties": { "id": 57 }, "geometry": { "type": "Polygon", "coordinates": [ [ [ 17.77582386, 53.60675108 ], [ 17.77673724, 53.5273595 ], [ 17.90471847, 53.49060112 ], [ 18.0319845, 53.53318332 ], [ 18.03138291, 53.61258725 ], [ 17.90320339, 53.64939681 ], [ 17.77582386, 53.60675108 ] ] ] } },
{ "type": "Feature", "properties": { "id": 58 }, "geometry": { "type": "Polygon", "coordinates": [ [ [ 17.39487488, 53.47788514 ], [ 17.39625007, 53.39835776 ], [ 17.52409935, 53.3619261 ], [ 17.6507751, 53.40497203 ], [ 17.64970989, 53.48451313 ], [ 17.52165882, 53.52099476 ], [ 17.39487488, 53.47788514 ] ] ] } },
{ "type": "Feature", "properties": { "id": 59 }, "geometry": { "type": "Polygon", "coordinates": [ [ [ 17.52773794, 53.12254484 ], [ 17.52894492, 53.04254398 ], [ 17.65606247, 53.00571045 ], [ 17.78217106, 53.04882839 ], [ 17.78127092, 53.12884277 ], [ 17.65395522, 53.16572587 ], [ 17.52773794, 53.12254484 ] ] ] } },
{ "type": "Feature", "properties": { "id": 60 }, "geometry": { "type": "Polygon", "coordinates": [ [ [ 17.53135015, 52.88223227 ], [ 17.5325484, 52.80192164 ], [ 17.65920427, 52.76491256 ], [ 17.78485844, 52.8081652 ], [ 17.78396482, 52.88848949 ], [ 17.65711227, 52.92554767 ], [ 17.53135015, 52.88223227 ] ] ] } },
{ "type": "Feature", "properties": { "id": 61 }, "geometry": { "type": "Polygon", "coordinates": [ [ [ 18.16384717, 52.77632035 ], [ 18.16428148, 52.69582249 ], [ 18.29052765, 52.65804453 ], [ 18.4165285, 52.70071417 ], [ 18.41639873, 52.7812236 ], [ 18.28996349, 52.819052 ], [ 18.16384717, 52.77632035 ] ] ] } },
{ "type": "Feature", "properties": { "id": 62 }, "geometry": { "type": "Polygon", "coordinates": [ [ [ 17.9114458, 52.77088304 ], [ 17.91218427, 52.69039762 ], [ 18.03850624, 52.65289217 ], [ 18.16428148, 52.69582249 ], [ 18.16384717, 52.77632035 ], [ 18.03733336, 52.81387562 ], [ 17.9114458, 52.77088304 ] ] ] } },
{ "type": "Feature", "properties": { "id": 63 }, "geometry": { "type": "Polygon", "coordinates": [ [ [ 22.0571801, 52.18503502 ], [ 22.05295029, 52.10368254 ], [ 22.17628915, 52.06131823 ], [ 22.30399873, 52.10024921 ], [ 22.30852897, 52.18159986 ], [ 22.18504925, 52.22402155 ], [ 22.0571801, 52.18503502 ] ] ] } },
{ "type": "Feature", "properties": { "id": 64 }, "geometry": { "type": "Polygon", "coordinates": [ [ [ 22.30852897, 52.18159986 ], [ 22.30399873, 52.10024921 ], [ 22.42718355, 52.0576192 ], [ 22.55503647, 52.09628225 ], [ 22.55986694, 52.17763017 ], [ 22.43654431, 52.22031797 ], [ 22.30852897, 52.18159986 ] ] ] } },
{ "type": "Feature", "properties": { "id": 65 }, "geometry": { "type": "Polygon", "coordinates": [ [ [ 19.79614494, 52.19191772 ], [ 19.79462226, 52.11058883 ], [ 19.9191329, 52.070632 ], [ 20.04533369, 52.1119512 ], [ 20.04715704, 52.19328627 ], [ 19.9224789, 52.23329616 ], [ 19.79614494, 52.19191772 ] ] ] } },
{ "type": "Feature", "properties": { "id": 66 }, "geometry": { "type": "Polygon", "coordinates": [ [ [ 20.344058, 53.87839491 ], [ 20.34182288, 53.799233 ], [ 20.46928387, 53.75987194 ], [ 20.59914955, 53.79961562 ], [ 20.60170126, 53.87878107 ], [ 20.47407069, 53.91819949 ], [ 20.344058, 53.87839491 ] ] ] } },
{ "type": "Feature", "properties": { "id": 67 }, "geometry": { "type": "Polygon", "coordinates": [ [ [ 23.12866101, 53.13610049 ], [ 23.12307173, 53.05600411 ], [ 23.24750547, 53.01316918 ], [ 23.37766007, 53.05037014 ], [ 23.38355747, 53.13046078 ], [ 23.25899225, 53.17335638 ], [ 23.12866101, 53.13610049 ] ] ] } },
{ "type": "Feature", "properties": { "id": 68 }, "geometry": { "type": "Polygon", "coordinates": [ [ [ 22.21561527, 50.45186413 ], [ 22.21130431, 50.36838829 ], [ 22.33152962, 50.32471931 ], [ 22.45619818, 50.36447115 ], [ 22.46079491, 50.44794493 ], [ 22.34043735, 50.49166911 ], [ 22.21561527, 50.45186413 ] ] ] } },
{ "type": "Feature", "properties": { "id": 69 }, "geometry": { "type": "Polygon", "coordinates": [ [ [ 21.9825603, 50.70510073 ], [ 21.97850695, 50.6219229 ], [ 22.09929256, 50.57865844 ], [ 22.22426745, 50.61851691 ], [ 22.22860874, 50.70169351 ], [ 22.10768725, 50.74501306 ], [ 21.9825603, 50.70510073 ] ] ] } },
{ "type": "Feature", "properties": { "id": 70 }, "geometry": { "type": "Polygon", "coordinates": [ [ [ 21.60806486, 50.58443533 ], [ 21.60445639, 50.50110765 ], [ 21.72524406, 50.45815577 ], [ 21.84977994, 50.49847749 ], [ 21.85367556, 50.58180535 ], [ 21.73274818, 50.62481149 ], [ 21.60806486, 50.58443533 ] ] ] } },
{ "type": "Feature", "properties": { "id": 71 }, "geometry": { "type": "Polygon", "coordinates": [ [ [ 17.51674185, 53.83788319 ], [ 17.51797561, 53.75881745 ], [ 17.6464986, 53.7225121 ], [ 17.77399037, 53.76522165 ], [ 17.77307025, 53.84430045 ], [ 17.6443446, 53.88065684 ], [ 17.51674185, 53.83788319 ] ] ] } },
{ "type": "Feature", "properties": { "id": 72 }, "geometry": { "type": "Polygon", "coordinates": [ [ [ 18.15720436, 53.97135452 ], [ 18.15765483, 53.89241457 ], [ 18.28622887, 53.85550096 ], [ 18.41454849, 53.89747462 ], [ 18.4144139, 53.9764254 ], [ 18.2856437, 54.01339188 ], [ 18.15720436, 53.97135452 ] ] ] } },
{ "type": "Feature", "properties": { "id": 73 }, "geometry": { "type": "Polygon", "coordinates": [ [ [ 17.77029631, 54.08090978 ], [ 17.77122323, 54.00214461 ], [ 17.90015088, 53.96573659 ], [ 18.02835279, 54.00804175 ], [ 18.02774228, 54.08681897 ], [ 17.89861334, 54.12327918 ], [ 17.77029631, 54.08090978 ] ] ] } },
{ "type": "Feature", "properties": { "id": 74 }, "geometry": { "type": "Polygon", "coordinates": [ [ [ 17.00463723, 53.8234197 ], [ 17.00649676, 53.74438263 ], [ 17.1351446, 53.70863293 ], [ 17.26214107, 53.75187075 ], [ 17.26059416, 53.83092259 ], [ 17.13173801, 53.86672203 ], [ 17.00463723, 53.8234197 ] ] ] } },
{ "type": "Feature", "properties": { "id": 75 }, "geometry": { "type": "Polygon", "coordinates": [ [ [ 17.12487447, 54.1816471 ], [ 17.12659669, 54.1030727 ], [ 17.25593059, 54.06745165 ], [ 17.38375143, 54.11035435 ], [ 17.38234557, 54.18894285 ], [ 17.25280238, 54.22461474 ], [ 17.12487447, 54.1816471 ] ] ] } },
{ "type": "Feature", "properties": { "id": 76 }, "geometry": { "type": "Polygon", "coordinates": [ [ [ 17.11968225, 54.41674161 ], [ 17.12141727, 54.33848164 ], [ 17.25123247, 54.30303914 ], [ 17.37952343, 54.34580543 ], [ 17.37810712, 54.42407935 ], [ 17.24808101, 54.45957322 ], [ 17.11968225, 54.41674161 ] ] ] } },
{ "type": "Feature", "properties": { "id": 77 }, "geometry": { "type": "Polygon", "coordinates": [ [ [ 18.67176924, 53.98094837 ], [ 18.6715876, 53.90198762 ], [ 18.79998888, 53.86451674 ], [ 18.92876193, 53.90595274 ], [ 18.92926012, 53.9849226 ], [ 18.80066863, 54.02244754 ], [ 18.67176924, 53.98094837 ] ] ] } },
{ "type": "Feature", "properties": { "id": 53 }, "geometry": { "type": "Polygon", "coordinates": [ [ [ 16.55129923, 51.88215848 ], [ 16.55364269, 51.80068584 ], [ 16.67870392, 51.76404966 ], [ 16.80162278, 51.80884164 ], [ 16.79957334, 51.89033209 ], [ 16.67431088, 51.92701294 ], [ 16.55129923, 51.88215848 ] ] ] } },
{ "type": "Feature", "properties": { "id": 54 }, "geometry": { "type": "Polygon", "coordinates": [ [ [ 16.55129923, 51.88215848 ], [ 16.55364269, 51.80068584 ], [ 16.67870392, 51.76404966 ], [ 16.80162278, 51.80884164 ], [ 16.79957334, 51.89033209 ], [ 16.67431088, 51.92701294 ], [ 16.55129923, 51.88215848 ] ] ] } },
{ "type": "Feature", "properties": { "id": 55 }, "geometry": { "type": "Polygon", "coordinates": [ [ [ 17.65289776, 53.2455783 ], [ 17.65395522, 53.16572587 ], [ 17.78127092, 53.12884277 ], [ 17.90772655, 53.17176215 ], [ 17.90697727, 53.25162758 ], [ 17.77946407, 53.28856081 ], [ 17.65289776, 53.2455783 ] ] ] } },
{ "type": "Feature", "properties": { "id": 56 }, "geometry": { "type": "Polygon", "coordinates": [ [ [ 18.41521656, 53.50115331 ], [ 18.41534919, 53.42157624 ], [ 18.54289931, 53.38403993 ], [ 18.6705071, 53.4260284 ], [ 18.67068608, 53.50561572 ], [ 18.54294558, 53.54320451 ], [ 18.41521656, 53.50115331 ] ] ] } },
{ "type": "Feature", "properties": { "id": 78 }, "geometry": { "type": "Polygon", "coordinates": [ [ [ 18.9277692, 53.74769896 ], [ 18.92727467, 53.66841523 ], [ 19.0551112, 53.63049608 ], [ 19.18362806, 53.67180671 ], [ 19.18443712, 53.75109882 ], [ 19.05641474, 53.78907211 ], [ 18.9277692, 53.74769896 ] ] ] } },
{ "type": "Feature", "properties": { "id": 79 }, "geometry": { "type": "Polygon", "coordinates": [ [ [ 19.18687625, 53.98834734 ], [ 19.18606121, 53.90936923 ], [ 19.3142686, 53.87134126 ], [ 19.44347514, 53.91223638 ], [ 19.44460728, 53.99122187 ], [ 19.31621573, 54.02930505 ], [ 19.18687625, 53.98834734 ] ] ] } },
{ "type": "Feature", "properties": { "id": 80 }, "geometry": { "type": "Polygon", "coordinates": [ [ [ 18.80100977, 54.10125575 ], [ 18.80066863, 54.02244754 ], [ 18.92926012, 53.9849226 ], [ 19.05838207, 54.02615144 ], [ 19.05904109, 54.10496825 ], [ 18.9302602, 54.14254781 ], [ 18.80100977, 54.10125575 ] ] ] } },
{ "type": "Feature", "properties": { "id": 81 }, "geometry": { "type": "Polygon", "coordinates": [ [ [ 18.41400811, 54.21264911 ], [ 18.4141437, 54.13401274 ], [ 18.5431093, 54.09699283 ], [ 18.67213385, 54.1385555 ], [ 18.67231684, 54.2172017 ], [ 18.5431566, 54.2542756 ], [ 18.41400811, 54.21264911 ] ] ] } },
{ "type": "Feature", "properties": { "id": 82 }, "geometry": { "type": "Polygon", "coordinates": [ [ [ 18.02590171, 54.32252163 ], [ 18.02651675, 54.244059 ], [ 18.15584629, 54.20754602 ], [ 18.28476054, 54.24944254 ], [ 18.28446469, 54.32791622 ], [ 18.1549353, 54.36448253 ], [ 18.02590171, 54.32252163 ] ] ] } },
{ "type": "Feature", "properties": { "id": 83 }, "geometry": { "type": "Polygon", "coordinates": [ [ [ 17.50550033, 54.54476619 ], [ 17.50676176, 54.46664323 ], [ 17.63672162, 54.43086788 ], [ 17.76562724, 54.47316307 ], [ 17.76468648, 54.55129863 ], [ 17.6345193, 54.58712659 ], [ 17.50550033, 54.54476619 ] ] ] } },
{ "type": "Feature", "properties": { "id": 84 }, "geometry": { "type": "Polygon", "coordinates": [ [ [ 17.89317175, 54.67137285 ], [ 17.89395491, 54.59338921 ], [ 18.02404744, 54.55727905 ], [ 18.15356033, 54.59909888 ], [ 18.15309973, 54.67709377 ], [ 18.02280357, 54.71325777 ], [ 17.89317175, 54.67137285 ] ] ] } },
{ "type": "Feature", "properties": { "id": 85 }, "geometry": { "type": "Polygon", "coordinates": [ [ [ 18.28267414, 54.79654885 ], [ 18.28297442, 54.71870683 ], [ 18.41318744, 54.68225996 ], [ 18.54329991, 54.72360028 ], [ 18.54332401, 54.80145219 ], [ 18.41291116, 54.83795409 ], [ 18.28267414, 54.79654885 ] ] ] } },
{ "type": "Feature", "properties": { "id": 86 }, "geometry": { "type": "Polygon", "coordinates": [ [ [ 19.06102792, 54.34078856 ], [ 19.060364, 54.2622869 ], [ 19.18933346, 54.22465218 ], [ 19.31915447, 54.26546361 ], [ 19.3201389, 54.34397288 ], [ 19.19098174, 54.38166331 ], [ 19.06102792, 54.34078856 ] ] ] } },
{ "type": "Feature", "properties": { "id": 87 }, "geometry": { "type": "Polygon", "coordinates": [ [ [ 18.67286851, 54.45250983 ], [ 18.67268416, 54.37417895 ], [ 18.80203823, 54.33705051 ], [ 18.9317696, 54.37819803 ], [ 18.93227523, 54.45653774 ], [ 18.80272813, 54.49372129 ], [ 18.67286851, 54.45250983 ] ] ] } },
{ "type": "Feature", "properties": { "id": 93 }, "geometry": { "type": "Polygon", "coordinates": [ [ [ 22.92891649, 52.04862172 ], [ 22.92365502, 51.96712544 ], [ 23.04621976, 51.9237598 ], [ 23.17417582, 51.96183207 ], [ 23.17973581, 52.04332345 ], [ 23.05704131, 52.08674766 ], [ 22.92891649, 52.04862172 ] ] ] } },
{ "type": "Feature", "properties": { "id": 94 }, "geometry": { "type": "Polygon", "coordinates": [ [ [ 19.87547967, 49.83511828 ], [ 19.87391527, 49.75093017 ], [ 19.99429142, 49.70931856 ], [ 20.11638777, 49.75184548 ], [ 20.11823337, 49.83604053 ], [ 19.99770139, 49.87770191 ], [ 19.87547967, 49.83511828 ] ] ] } },
{ "type": "Feature", "properties": { "id": 95 }, "geometry": { "type": "Polygon", "coordinates": [ [ [ 22.52031448, 49.3105842 ], [ 22.51572074, 49.22578522 ], [ 22.63389999, 49.18109003 ], [ 22.75679781, 49.22113954 ], [ 22.76166826, 49.30593548 ], [ 22.64336424, 49.35068513 ], [ 22.52031448, 49.3105842 ] ] ] } },
{ "type": "Feature", "properties": { "id": 96 }, "geometry": { "type": "Polygon", "coordinates": [ [ [ 20.80882775, 52.43762397 ], [ 20.80608218, 52.35658392 ], [ 20.93056209, 52.31571223 ], [ 21.05794446, 52.35582524 ], [ 21.06099311, 52.43686779 ], [ 20.93635632, 52.47779502 ], [ 20.80882775, 52.43762397 ] ] ] } },
{ "type": "Feature", "properties": { "id": 97 }, "geometry": { "type": "Polygon", "coordinates": [ [ [ 18.66401494, 50.32570191 ], [ 18.66385186, 50.24215077 ], [ 18.78553113, 50.20215196 ], [ 18.90754436, 50.24565688 ], [ 18.90799167, 50.32921927 ], [ 18.78614146, 50.36926567 ], [ 18.66401494, 50.32570191 ] ] ] } },
{ "type": "Feature", "properties": { "id": 98 }, "geometry": { "type": "Polygon", "coordinates": [ [ [ 22.27894313, 49.31472981 ], [ 22.27462632, 49.22992873 ], [ 22.39295135, 49.18548336 ], [ 22.51572074, 49.22578522 ], [ 22.52031448, 49.3105842 ], [ 22.40186195, 49.3550836 ], [ 22.27894313, 49.31472981 ] ] ] } },
{ "type": "Feature", "properties": { "id": 99 }, "geometry": { "type": "Polygon", "coordinates": [ [ [ 18.41600754, 53.02213256 ], [ 18.41613825, 52.94193291 ], [ 18.54276186, 52.90405354 ], [ 18.66944229, 52.94632249 ], [ 18.66961869, 53.02653269 ], [ 18.54280745, 53.06446357 ], [ 18.41600754, 53.02213256 ] ] ] } },
{ "type": "Feature", "properties": { "id": 100 }, "geometry": { "type": "Polygon", "coordinates": [ [ [ 23.09770447, 50.81024642 ], [ 23.09233815, 50.72723169 ], [ 23.21263681, 50.6828819 ], [ 23.33842513, 50.72148991 ], [ 23.34407934, 50.80449926 ], [ 23.22365743, 50.84890616 ], [ 23.09770447, 50.81024642 ] ] ] } },
{ "type": "Feature", "properties": { "id": 101 }, "geometry": { "type": "Polygon", "coordinates": [ [ [ 21.31319583, 52.43557502 ], [ 21.30984413, 52.35453085 ], [ 21.4340565, 52.31312175 ], [ 21.56177147, 52.35270053 ], [ 21.56542616, 52.43374543 ], [ 21.44106292, 52.47521101 ], [ 21.31319583, 52.43557502 ] ] ] } },
{ "type": "Feature", "properties": { "id": 102 }, "geometry": { "type": "Polygon", "coordinates": [ [ [ 19.02913928, 50.20539837 ], [ 19.02855182, 50.12168284 ], [ 19.14989138, 50.08121305 ], [ 19.27198486, 50.12441066 ], [ 19.2728559, 50.20813614 ], [ 19.15134983, 50.24865424 ], [ 19.02913928, 50.20539837 ] ] ] } },
{ "type": "Feature", "properties": { "id": 103 }, "geometry": { "type": "Polygon", "coordinates": [ [ [ 19.15208161, 50.33222696 ], [ 19.15134983, 50.24865424 ], [ 19.2728559, 50.20813614 ], [ 19.3952595, 50.25114219 ], [ 19.39627597, 50.33472435 ], [ 19.2746041, 50.37529121 ], [ 19.15208161, 50.33222696 ] ] ] } },
{ "type": "Feature", "properties": { "id": 104 }, "geometry": { "type": "Polygon", "coordinates": [ [ [ 22.31824559, 50.07355016 ], [ 22.31383813, 49.98962932 ], [ 22.4333744, 49.9456145 ], [ 22.55744789, 49.98546578 ], [ 22.56213806, 50.06938424 ], [ 22.44247209, 50.11345398 ], [ 22.31824559, 50.07355016 ] ] ] } },
{ "type": "Feature", "properties": { "id": 105 }, "geometry": { "type": "Polygon", "coordinates": [ [ [ 23.06569397, 50.31065726 ], [ 23.0604023, 50.22704343 ], [ 23.17988223, 50.18240959 ], [ 23.30477582, 50.22133332 ], [ 23.31035141, 50.30494193 ], [ 23.19074957, 50.34963221 ], [ 23.06569397, 50.31065726 ] ] ] } },
{ "type": "Feature", "properties": { "id": 106 }, "geometry": { "type": "Polygon", "coordinates": [ [ [ 22.59050938, 50.57081377 ], [ 22.58575322, 50.48749085 ], [ 22.7059586, 50.44351017 ], [ 22.83104855, 50.48279661 ], [ 22.83609115, 50.56611606 ], [ 22.71575743, 50.61015271 ], [ 22.59050938, 50.57081377 ] ] ] } },
{ "type": "Feature", "properties": { "id": 107 }, "geometry": { "type": "Polygon", "coordinates": [ [ [ 19.79158781, 51.94762423 ], [ 19.79007601, 51.8659888 ], [ 19.91414381, 51.8258691 ], [ 20.03988974, 51.86733237 ], [ 20.04170006, 51.94897411 ], [ 19.91746589, 51.98914645 ], [ 19.79158781, 51.94762423 ] ] ] } },
{ "type": "Feature", "properties": { "id": 115 }, "geometry": { "type": "Polygon", "coordinates": [ [ [ 18.78644769, 50.45267436 ], [ 18.78614146, 50.36926567 ], [ 18.90799167, 50.32921927 ], [ 19.03031831, 50.37253366 ], [ 19.03090989, 50.45595308 ], [ 18.90888942, 50.49604755 ], [ 18.78644769, 50.45267436 ] ] ] } },
{ "type": "Feature", "properties": { "id": 116 }, "geometry": { "type": "Polygon", "coordinates": [ [ [ 18.1664374, 52.2917911 ], [ 18.16686549, 52.21067728 ], [ 18.29220395, 52.17255566 ], [ 18.41730058, 52.21549851 ], [ 18.41717267, 52.29662419 ], [ 18.29164787, 52.33479535 ], [ 18.1664374, 52.2917911 ] ] ] } },
{ "type": "Feature", "properties": { "id": 117 }, "geometry": { "type": "Polygon", "coordinates": [ [ [ 15.43124053, 51.96086551 ], [ 15.4349125, 51.87963545 ], [ 15.5603531, 51.84429442 ], [ 15.68233455, 51.89014192 ], [ 15.67895478, 51.97139359 ], [ 15.55330116, 52.00677633 ], [ 15.43124053, 51.96086551 ] ] ] } },
{ "type": "Feature", "properties": { "id": 118 }, "geometry": { "type": "Polygon", "coordinates": [ [ [ 18.91069759, 50.82851321 ], [ 18.91024395, 50.74554609 ], [ 19.03269296, 50.70561624 ], [ 19.15576625, 50.74860479 ], [ 19.15650838, 50.83158197 ], [ 19.03388865, 50.87156073 ], [ 18.91069759, 50.82851321 ] ] ] } },
{ "type": "Feature", "properties": { "id": 119 }, "geometry": { "type": "Polygon", "coordinates": [ [ [ 18.29629123, 50.94280941 ], [ 18.2965586, 50.86002098 ], [ 18.41942909, 50.82083112 ], [ 18.54220999, 50.86438227 ], [ 18.54223144, 50.94718294 ], [ 18.4191831, 50.9864204 ], [ 18.29629123, 50.94280941 ] ] ] } },
{ "type": "Feature", "properties": { "id": 120 }, "geometry": { "type": "Polygon", "coordinates": [ [ [ 18.78553113, 50.20215196 ], [ 18.78522703, 50.1184473 ], [ 18.90665286, 50.07823651 ], [ 19.02855182, 50.12168284 ], [ 19.02913928, 50.20539837 ], [ 18.90754436, 50.24565688 ], [ 18.78553113, 50.20215196 ] ] ] } },
{ "type": "Feature", "properties": { "id": 121 }, "geometry": { "type": "Polygon", "coordinates": [ [ [ 22.38560766, 51.32041024 ], [ 22.38104264, 51.23798947 ], [ 22.50265339, 51.19470611 ], [ 22.62896274, 51.23378707 ], [ 22.63382052, 51.316205 ], [ 22.51207625, 51.35954499 ], [ 22.38560766, 51.32041024 ] ] ] } },
{ "type": "Feature", "properties": { "id": 122 }, "geometry": { "type": "Polygon", "coordinates": [ [ [ 19.42140303, 52.3106525 ], [ 19.42032721, 52.22948817 ], [ 19.54521843, 52.19001718 ], [ 19.67135782, 52.23165825 ], [ 19.67273517, 52.31283003 ], [ 19.54767156, 52.35235348 ], [ 19.42140303, 52.3106525 ] ] ] } },
{ "type": "Feature", "properties": { "id": 123 }, "geometry": { "type": "Polygon", "coordinates": [ [ [ 18.79208488, 51.93693725 ], [ 18.79176535, 51.85533598 ], [ 18.91622545, 51.81628734 ], [ 19.04118254, 51.85878978 ], [ 19.0417998, 51.94040092 ], [ 18.91716216, 51.97949994 ], [ 18.79208488, 51.93693725 ] ] ] } },
{ "type": "Feature", "properties": { "id": 124 }, "geometry": { "type": "Polygon", "coordinates": [ [ [ 19.29162822, 51.94333706 ], [ 19.29071298, 51.86171694 ], [ 19.41498654, 51.82213248 ], [ 19.54034728, 51.86411681 ], [ 19.54156071, 51.94574503 ], [ 19.41711515, 51.98538102 ], [ 19.29162822, 51.94333706 ] ] ] } },
{ "type": "Feature", "properties": { "id": 125 }, "geometry": { "type": "Polygon", "coordinates": [ [ [ 19.15208161, 50.33222696 ], [ 19.15134983, 50.24865424 ], [ 19.2728559, 50.20813614 ], [ 19.3952595, 50.25114219 ], [ 19.39627597, 50.33472435 ], [ 19.2746041, 50.37529121 ], [ 19.15208161, 50.33222696 ] ] ] } },
{ "type": "Feature", "properties": { "id": 88 }, "geometry": { "type": "Polygon", "coordinates": [ [ [ 18.4135993, 54.44792804 ], [ 18.41373591, 54.36960685 ], [ 18.54318034, 54.33275946 ], [ 18.67268416, 54.37417895 ], [ 18.67286851, 54.45250983 ], [ 18.54322799, 54.48941173 ], [ 18.4135993, 54.44792804 ] ] ] } },
{ "type": "Feature", "properties": { "id": 89 }, "geometry": { "type": "Polygon", "coordinates": [ [ [ 16.98769411, 54.53004936 ], [ 16.98959531, 54.45195413 ], [ 17.11968225, 54.41674161 ], [ 17.24808101, 54.45957322 ], [ 17.24649942, 54.53768274 ], [ 17.11619931, 54.57294656 ], [ 16.98769411, 54.53004936 ] ] ] } },
{ "type": "Feature", "properties": { "id": 90 }, "geometry": { "type": "Polygon", "coordinates": [ [ [ 19.18933346, 54.22465218 ], [ 19.18851237, 54.1459889 ], [ 19.31719289, 54.10812961 ], [ 19.44687994, 54.14887807 ], [ 19.44802048, 54.22754859 ], [ 19.31915447, 54.26546361 ], [ 19.18933346, 54.22465218 ] ] ] } },
{ "type": "Feature", "properties": { "id": 91 }, "geometry": { "type": "Polygon", "coordinates": [ [ [ 20.51362424, 50.96356258 ], [ 20.51128408, 50.88069646 ], [ 20.63327799, 50.83914406 ], [ 20.75776574, 50.88040534 ], [ 20.76039628, 50.96327556 ], [ 20.63824869, 51.00488059 ], [ 20.51362424, 50.96356258 ] ] ] } },
{ "type": "Feature", "properties": { "id": 92 }, "geometry": { "type": "Polygon", "coordinates": [ [ [ 18.66961869, 53.02653269 ], [ 18.66944229, 52.94632249 ], [ 18.79597947, 52.90816942 ], [ 18.92287774, 52.95017462 ], [ 18.92336154, 53.0303945 ], [ 18.7966396, 53.06859968 ], [ 18.66961869, 53.02653269 ] ] ] } },
{ "type": "Feature", "properties": { "id": 112 }, "geometry": { "type": "Polygon", "coordinates": [ [ [ 17.92019146, 51.79829306 ], [ 17.92090901, 51.71658108 ], [ 18.04542648, 51.67838482 ], [ 18.16941264, 51.72185268 ], [ 18.16899064, 51.80357772 ], [ 18.04428684, 51.84182204 ], [ 17.92019146, 51.79829306 ] ] ] } },
{ "type": "Feature", "properties": { "id": 113 }, "geometry": { "type": "Polygon", "coordinates": [ [ [ 15.9641315, 54.25963675 ], [ 15.96728153, 54.18129303 ], [ 16.0970736, 54.14702024 ], [ 16.22393813, 54.19104334 ], [ 16.22110283, 54.26940489 ], [ 16.09108808, 54.3037257 ], [ 15.9641315, 54.25963675 ] ] ] } },
{ "type": "Feature", "properties": { "id": 114 }, "geometry": { "type": "Polygon", "coordinates": [ [ [ 18.29788606, 50.44458562 ], [ 18.2981497, 50.3612011 ], [ 18.42016019, 50.32167559 ], [ 18.54208233, 50.36548791 ], [ 18.54210348, 50.44888496 ], [ 18.41991763, 50.48845735 ], [ 18.29788606, 50.44458562 ] ] ] } },
{ "type": "Feature", "properties": { "id": 108 }, "geometry": { "type": "Polygon", "coordinates": [ [ [ 21.34372776, 53.160319 ], [ 21.34030238, 53.08020698 ], [ 21.4658531, 53.03926724 ], [ 21.59498302, 53.0783819 ], [ 21.59871803, 53.15849432 ], [ 21.47301352, 53.19949188 ], [ 21.34372776, 53.160319 ] ] ] } },
{ "type": "Feature", "properties": { "id": 109 }, "geometry": { "type": "Polygon", "coordinates": [ [ [ 18.66304209, 49.82292062 ], [ 18.66288126, 49.73878101 ], [ 18.78371707, 49.69845338 ], [ 18.90488224, 49.74221862 ], [ 18.90532336, 49.82636977 ], [ 18.78431895, 49.86674432 ], [ 18.66304209, 49.82292062 ] ] ] } },
{ "type": "Feature", "properties": { "id": 110 }, "geometry": { "type": "Polygon", "coordinates": [ [ [ 18.42016019, 50.32167559 ], [ 18.42028105, 50.23813661 ], [ 18.54204018, 50.19839761 ], [ 18.66385186, 50.24215077 ], [ 18.66401494, 50.32570191 ], [ 18.54208233, 50.36548791 ], [ 18.42016019, 50.32167559 ] ] ] } },
{ "type": "Feature", "properties": { "id": 111 }, "geometry": { "type": "Polygon", "coordinates": [ [ [ 18.67068608, 53.50561572 ], [ 18.6705071, 53.4260284 ], [ 18.79796951, 53.38821591 ], [ 18.92579829, 53.42993787 ], [ 18.92628921, 53.50953459 ], [ 18.79863934, 53.54740014 ], [ 18.67068608, 53.50561572 ] ] ] } },
{ "type": "Feature", "properties": { "id": 126 }, "geometry": { "type": "Polygon", "coordinates": [ [ [ 19.03090989, 50.45595308 ], [ 19.03031831, 50.37253366 ], [ 19.15208161, 50.33222696 ], [ 19.2746041, 50.37529121 ], [ 19.27548126, 50.45872043 ], [ 19.1535503, 50.49907579 ], [ 19.03090989, 50.45595308 ] ] ] } },
{ "type": "Feature", "properties": { "id": 127 }, "geometry": { "type": "Polygon", "coordinates": [ [ [ 22.25487165, 51.19864523 ], [ 22.2504687, 51.1160717 ], [ 22.37194486, 51.07284457 ], [ 22.49795862, 51.11213492 ], [ 22.50265339, 51.19470611 ], [ 22.38104264, 51.23798947 ], [ 22.25487165, 51.19864523 ] ] ] } },
{ "type": "Feature", "properties": { "id": 128 }, "geometry": { "type": "Polygon", "coordinates": [ [ [ 19.2728559, 50.20813614 ], [ 19.27198486, 50.12441066 ], [ 19.39323367, 50.08368201 ], [ 19.51551741, 50.12663014 ], [ 19.51667225, 50.21036466 ], [ 19.3952595, 50.25114219 ], [ 19.2728559, 50.20813614 ] ] ] } },
{ "type": "Feature", "properties": { "id": 129 }, "geometry": { "type": "Polygon", "coordinates": [ [ [ 19.02563491, 49.70163388 ], [ 19.02505556, 49.61733116 ], [ 19.14555642, 49.57653709 ], [ 19.26680083, 49.61999829 ], [ 19.26765984, 49.70431125 ], [ 19.14699472, 49.74515296 ], [ 19.02563491, 49.70163388 ] ] ] } },
{ "type": "Feature", "properties": { "id": 130 }, "geometry": { "type": "Polygon", "coordinates": [ [ [ 17.16017227, 52.50973925 ], [ 17.16180875, 52.42898846 ], [ 17.28787086, 52.39212337 ], [ 17.41249488, 52.43596181 ], [ 17.41115904, 52.51672781 ], [ 17.28489841, 52.55364034 ], [ 17.16017227, 52.50973925 ] ] ] } },
{ "type": "Feature", "properties": { "id": 131 }, "geometry": { "type": "Polygon", "coordinates": [ [ [ 17.53493626, 52.64099144 ], [ 17.53612588, 52.56037211 ], [ 17.6623234, 52.52318778 ], [ 17.78752643, 52.56657433 ], [ 17.78663924, 52.6472075 ], [ 17.66024648, 52.68444046 ], [ 17.53493626, 52.64099144 ] ] ] } },
{ "type": "Feature", "properties": { "id": 132 }, "geometry": { "type": "Polygon", "coordinates": [ [ [ 19.41498654, 51.82213248 ], [ 19.41392603, 51.7403555 ], [ 19.53792909, 51.70055494 ], [ 19.66316262, 51.74247995 ], [ 19.66452035, 51.82426465 ], [ 19.54034728, 51.86411681 ], [ 19.41498654, 51.82213248 ] ] ] } },
{ "type": "Feature", "properties": { "id": 133 }, "geometry": { "type": "Polygon", "coordinates": [ [ [ 20.92192271, 52.07181714 ], [ 20.91905668, 51.99031374 ], [ 21.04281038, 51.94907138 ], [ 21.169584, 51.98927748 ], [ 21.17274986, 52.07078312 ], [ 21.04884228, 52.11208061 ], [ 20.92192271, 52.07181714 ] ] ] } },
{ "type": "Feature", "properties": { "id": 134 }, "geometry": { "type": "Polygon", "coordinates": [ [ [ 18.66352682, 50.07475305 ], [ 18.66336487, 49.99090683 ], [ 18.78462094, 49.9507433 ], [ 18.90620867, 49.9943789 ], [ 18.90665286, 50.07823651 ], [ 18.78522703, 50.1184473 ], [ 18.66352682, 50.07475305 ] ] ] } },
{ "type": "Feature", "properties": { "id": 135 }, "geometry": { "type": "Polygon", "coordinates": [ [ [ 21.28331751, 51.70248238 ], [ 21.28003714, 51.6205165 ], [ 21.40293931, 51.57864181 ], [ 21.52926991, 51.61867797 ], [ 21.53284684, 51.70064491 ], [ 21.40979664, 51.74257483 ], [ 21.28331751, 51.70248238 ] ] ] } },
{ "type": "Feature", "properties": { "id": 136 }, "geometry": { "type": "Polygon", "coordinates": [ [ [ 21.14452683, 51.33356041 ], [ 21.14142799, 51.25113898 ], [ 21.26375146, 51.20916448 ], [ 21.38932186, 51.24955719 ], [ 21.39271414, 51.33198029 ], [ 21.2702426, 51.3740092 ], [ 21.14452683, 51.33356041 ] ] ] } },
{ "type": "Feature", "properties": { "id": 137 }, "geometry": { "type": "Polygon", "coordinates": [ [ [ 20.04170006, 51.94897411 ], [ 20.03988974, 51.86733237 ], [ 20.16384747, 51.82694531 ], [ 20.28977901, 51.86814702 ], [ 20.29188796, 51.94979417 ], [ 20.16776671, 51.9902344 ], [ 20.04170006, 51.94897411 ] ] ] } },
{ "type": "Feature", "properties": { "id": 141 }, "geometry": { "type": "Polygon", "coordinates": [ [ [ 17.92658856, 51.05924983 ], [ 17.92729099, 50.97663131 ], [ 18.05048856, 50.93792131 ], [ 18.17316596, 50.98178316 ], [ 18.17275285, 51.0644152 ], [ 18.04937293, 51.10317206 ], [ 17.92658856, 51.05924983 ] ] ] } },
{ "type": "Feature", "properties": { "id": 142 }, "geometry": { "type": "Polygon", "coordinates": [ [ [ 18.90532336, 49.82636977 ], [ 18.90488224, 49.74221862 ], [ 19.02563491, 49.70163388 ], [ 19.14699472, 49.74515296 ], [ 19.14771637, 49.82931473 ], [ 19.02679762, 49.86994698 ], [ 18.90532336, 49.82636977 ] ] ] } },
{ "type": "Feature", "properties": { "id": 143 }, "geometry": { "type": "Polygon", "coordinates": [ [ [ 18.42052192, 50.07076335 ], [ 18.42064194, 49.98692943 ], [ 18.54197731, 49.94702441 ], [ 18.66336487, 49.99090683 ], [ 18.66352682, 50.07475305 ], [ 18.54201917, 50.11470472 ], [ 18.42052192, 50.07076335 ] ] ] } },
{ "type": "Feature", "properties": { "id": 144 }, "geometry": { "type": "Polygon", "coordinates": [ [ [ 18.66352682, 50.07475305 ], [ 18.66336487, 49.99090683 ], [ 18.78462094, 49.9507433 ], [ 18.90620867, 49.9943789 ], [ 18.90665286, 50.07823651 ], [ 18.78522703, 50.1184473 ], [ 18.66352682, 50.07475305 ] ] ] } },
{ "type": "Feature", "properties": { "id": 145 }, "geometry": { "type": "Polygon", "coordinates": [ [ [ 19.02913928, 50.20539837 ], [ 19.02855182, 50.12168284 ], [ 19.14989138, 50.08121305 ], [ 19.27198486, 50.12441066 ], [ 19.2728559, 50.20813614 ], [ 19.15134983, 50.24865424 ], [ 19.02913928, 50.20539837 ] ] ] } },
{ "type": "Feature", "properties": { "id": 146 }, "geometry": { "type": "Polygon", "coordinates": [ [ [ 18.42052192, 50.07076335 ], [ 18.42064194, 49.98692943 ], [ 18.54197731, 49.94702441 ], [ 18.66336487, 49.99090683 ], [ 18.66352682, 50.07475305 ], [ 18.54201917, 50.11470472 ], [ 18.42052192, 50.07076335 ] ] ] } },
{ "type": "Feature", "properties": { "id": 147 }, "geometry": { "type": "Polygon", "coordinates": [ [ [ 18.29867513, 50.19413602 ], [ 18.29893693, 50.11045582 ], [ 18.42052192, 50.07076335 ], [ 18.54201917, 50.11470472 ], [ 18.54204018, 50.19839761 ], [ 18.42028105, 50.23813661 ], [ 18.29867513, 50.19413602 ] ] ] } },
{ "type": "Feature", "properties": { "id": 148 }, "geometry": { "type": "Polygon", "coordinates": [ [ [ 20.74470529, 50.46455433 ], [ 20.74211149, 50.38108535 ], [ 20.86314034, 50.33896179 ], [ 20.98691196, 50.38025497 ], [ 20.98979209, 50.46372738 ], [ 20.86861427, 50.50590336 ], [ 20.74470529, 50.46455433 ] ] ] } },
{ "type": "Feature", "properties": { "id": 149 }, "geometry": { "type": "Polygon", "coordinates": [ [ [ 20.26077323, 50.7144462 ], [ 20.2587378, 50.63128519 ], [ 20.38042173, 50.58983673 ], [ 20.5042965, 50.63149772 ], [ 20.50662023, 50.71466386 ], [ 20.38478088, 50.75616408 ], [ 20.26077323, 50.7144462 ] ] ] } },
{ "type": "Feature", "properties": { "id": 150 }, "geometry": { "type": "Polygon", "coordinates": [ [ [ 20.37392115, 50.33959943 ], [ 20.3717644, 50.25598869 ], [ 20.49275906, 50.21417542 ], [ 20.61606304, 50.2559216 ], [ 20.6185051, 50.3395372 ], [ 20.49735788, 50.38140195 ], [ 20.37392115, 50.33959943 ] ] ] } },
{ "type": "Feature", "properties": { "id": 151 }, "geometry": { "type": "Polygon", "coordinates": [ [ [ 18.05544466, 50.18936798 ], [ 18.05598895, 50.10570138 ], [ 18.17764681, 50.06626816 ], [ 18.29893693, 50.11045582 ], [ 18.29867513, 50.19413602 ], [ 18.17684064, 50.23361515 ], [ 18.05544466, 50.18936798 ] ] ] } },
{ "type": "Feature", "properties": { "id": 152 }, "geometry": { "type": "Polygon", "coordinates": [ [ [ 15.67895478, 51.97139359 ], [ 15.68233455, 51.89014192 ], [ 15.80774912, 51.85453336 ], [ 15.92999436, 51.90013421 ], [ 15.92690748, 51.98140664 ], [ 15.80128229, 52.01705763 ], [ 15.67895478, 51.97139359 ] ] ] } },
{ "type": "Feature", "properties": { "id": 153 }, "geometry": { "type": "Polygon", "coordinates": [ [ [ 15.2901827, 52.31963849 ], [ 15.2940416, 52.23887644 ], [ 15.42017209, 52.2039472 ], [ 15.54266017, 52.24973818 ], [ 15.53909623, 52.33052199 ], [ 15.41274905, 52.36549323 ], [ 15.2901827, 52.31963849 ] ] ] } },
{ "type": "Feature", "properties": { "id": 154 }, "geometry": { "type": "Polygon", "coordinates": [ [ [ 19.4024249, 50.83413497 ], [ 19.40139407, 50.75114863 ], [ 19.52365815, 50.71069458 ], [ 19.64711844, 50.75317701 ], [ 19.64843817, 50.8361716 ], [ 19.52600868, 50.87667569 ], [ 19.4024249, 50.83413497 ] ] ] } },
{ "type": "Feature", "properties": { "id": 155 }, "geometry": { "type": "Polygon", "coordinates": [ [ [ 19.15428722, 50.58235152 ], [ 19.1535503, 50.49907579 ], [ 19.27548126, 50.45872043 ], [ 19.39831603, 50.50159189 ], [ 19.39933964, 50.58487692 ], [ 19.27724174, 50.62528139 ], [ 19.15428722, 50.58235152 ] ] ] } },
{ "type": "Feature", "properties": { "id": 156 }, "geometry": { "type": "Polygon", "coordinates": [ [ [ 19.39933964, 50.58487692 ], [ 19.39831603, 50.50159189 ], [ 19.52015295, 50.46097581 ], [ 19.64317775, 50.50359525 ], [ 19.64448823, 50.58688867 ], [ 19.52248701, 50.62755444 ], [ 19.39933964, 50.58487692 ] ] ] } },
{ "type": "Feature", "properties": { "id": 157 }, "geometry": { "type": "Polygon", "coordinates": [ [ [ 20.80061077, 52.19419533 ], [ 20.79788489, 52.11284704 ], [ 20.92192271, 52.07181714 ], [ 21.04884228, 52.11208061 ], [ 21.05186907, 52.19343152 ], [ 20.92767539, 52.23451652 ], [ 20.80061077, 52.19419533 ] ] ] } },
{ "type": "Feature", "properties": { "id": 158 }, "geometry": { "type": "Polygon", "coordinates": [ [ [ 20.78435275, 51.70457118 ], [ 20.78166562, 51.6226101 ], [ 20.9048286, 51.58126513 ], [ 21.03083257, 51.62182713 ], [ 21.03381633, 51.70379106 ], [ 20.91049951, 51.74519032 ], [ 20.78435275, 51.70457118 ] ] ] } },
{ "type": "Feature", "properties": { "id": 159 }, "geometry": { "type": "Polygon", "coordinates": [ [ [ 21.02488625, 51.45759442 ], [ 21.02192365, 51.37532593 ], [ 21.14452683, 51.33356041 ], [ 21.2702426, 51.3740092 ], [ 21.27349971, 51.45627976 ], [ 21.15074655, 51.49809964 ], [ 21.02488625, 51.45759442 ] ] ] } },
{ "type": "Feature", "properties": { "id": 160 }, "geometry": { "type": "Polygon", "coordinates": [ [ [ 21.51151195, 51.20732012 ], [ 21.50798549, 51.12474499 ], [ 21.6298943, 51.08230065 ], [ 21.7554729, 51.1223767 ], [ 21.75929166, 51.20495219 ], [ 21.63723954, 51.24745146 ], [ 21.51151195, 51.20732012 ] ] ] } },
{ "type": "Feature", "properties": { "id": 161 }, "geometry": { "type": "Polygon", "coordinates": [ [ [ 20.64826066, 51.33514701 ], [ 20.64574879, 51.25273163 ], [ 20.76832518, 51.21128328 ], [ 20.89356721, 51.25219705 ], [ 20.89637257, 51.3346159 ], [ 20.7736424, 51.37611769 ], [ 20.64826066, 51.33514701 ] ] ] } },
{ "type": "Feature", "properties": { "id": 162 }, "geometry": { "type": "Polygon", "coordinates": [ [ [ 20.66345759, 51.82751124 ], [ 20.66090969, 51.74570462 ], [ 20.78435275, 51.70457118 ], [ 20.91049951, 51.74519032 ], [ 20.9133451, 51.82700018 ], [ 20.78974624, 51.86818786 ], [ 20.66345759, 51.82751124 ] ] ] } },
{ "type": "Feature", "properties": { "id": 163 }, "geometry": { "type": "Polygon", "coordinates": [ [ [ 20.5277817, 51.45864642 ], [ 20.52540815, 51.37638477 ], [ 20.64826066, 51.33514701 ], [ 20.7736424, 51.37611769 ], [ 20.77631047, 51.45838321 ], [ 20.65330227, 51.49967436 ], [ 20.5277817, 51.45864642 ] ] ] } },
{ "type": "Feature", "properties": { "id": 164 }, "geometry": { "type": "Polygon", "coordinates": [ [ [ 21.13525224, 51.08599328 ], [ 21.13217527, 51.00326932 ], [ 21.25407205, 50.96114075 ], [ 21.37919295, 51.00168228 ], [ 21.38256129, 51.08440803 ], [ 21.26051738, 51.12659063 ], [ 21.13525224, 51.08599328 ] ] ] } },
{ "type": "Feature", "properties": { "id": 165 }, "geometry": { "type": "Polygon", "coordinates": [ [ [ 18.54216724, 50.69848164 ], [ 18.54214594, 50.615382 ], [ 18.66450649, 50.57576227 ], [ 18.78706231, 50.61919452 ], [ 18.7873707, 50.70230563 ], [ 18.66483612, 50.7419732 ], [ 18.54216724, 50.69848164 ] ] ] } },
{ "type": "Feature", "properties": { "id": 166 }, "geometry": { "type": "Polygon", "coordinates": [ [ [ 20.87963932, 50.83859151 ], [ 20.87687335, 50.75556928 ], [ 20.99847303, 50.71354751 ], [ 21.12298769, 50.75449497 ], [ 21.12604302, 50.83752 ], [ 21.00429433, 50.87959496 ], [ 20.87963932, 50.83859151 ] ] ] } },
{ "type": "Feature", "properties": { "id": 167 }, "geometry": { "type": "Polygon", "coordinates": [ [ [ 19.89453916, 50.83769131 ], [ 19.89293037, 50.75468938 ], [ 20.01499121, 50.71371181 ], [ 20.13882086, 50.75568522 ], [ 20.14071884, 50.83869359 ], [ 20.01849796, 50.87972229 ], [ 19.89453916, 50.83769131 ] ] ] } },
{ "type": "Feature", "properties": { "id": 168 }, "geometry": { "type": "Polygon", "coordinates": [ [ [ 20.27308681, 51.21131059 ], [ 20.27102244, 51.12875089 ], [ 20.39356086, 51.08761855 ], [ 20.51832112, 51.12899361 ], [ 20.52067788, 51.21155821 ], [ 20.39798198, 51.25274304 ], [ 20.27308681, 51.21131059 ] ] ] } },
{ "type": "Feature", "properties": { "id": 169 }, "geometry": { "type": "Polygon", "coordinates": [ [ [ 18.78830023, 50.95104111 ], [ 18.78798966, 50.8682291 ], [ 18.91069759, 50.82851321 ], [ 19.03388865, 50.87156073 ], [ 19.03448861, 50.95438318 ], [ 18.91160805, 50.99414786 ], [ 18.78830023, 50.95104111 ] ] ] } },
{ "type": "Feature", "properties": { "id": 170 }, "geometry": { "type": "Polygon", "coordinates": [ [ [ 20.64074282, 51.08759826 ], [ 20.63824869, 51.00488059 ], [ 20.76039628, 50.96327556 ], [ 20.88519079, 51.00433534 ], [ 20.88797635, 51.08705661 ], [ 20.76567597, 51.12871469 ], [ 20.64074282, 51.08759826 ] ] ] } },
{ "type": "Feature", "properties": { "id": 171 }, "geometry": { "type": "Polygon", "coordinates": [ [ [ 19.04366043, 52.18462237 ], [ 19.04303874, 52.10331735 ], [ 19.16785317, 52.06416744 ], [ 19.29346525, 52.10627133 ], [ 19.29438707, 52.18758519 ], [ 19.16939663, 52.22678651 ], [ 19.04366043, 52.18462237 ] ] ] } },
{ "type": "Feature", "properties": { "id": 172 }, "geometry": { "type": "Polygon", "coordinates": [ [ [ 19.87079732, 49.58226121 ], [ 19.86924374, 49.49778076 ], [ 19.98920594, 49.4560123 ], [ 20.11087653, 49.498675 ], [ 20.11270937, 49.58316251 ], [ 19.99259234, 49.62498044 ], [ 19.87079732, 49.58226121 ] ] ] } },
{ "type": "Feature", "properties": { "id": 173 }, "geometry": { "type": "Polygon", "coordinates": [ [ [ 19.5097833, 49.70648485 ], [ 19.50864443, 49.62216259 ], [ 19.6289621, 49.5808562 ], [ 19.75057779, 49.62382348 ], [ 19.7519967, 49.70815413 ], [ 19.63151984, 49.7495093 ], [ 19.5097833, 49.70648485 ] ] ] } },
{ "type": "Feature", "properties": { "id": 174 }, "geometry": { "type": "Polygon", "coordinates": [ [ [ 19.8661473, 49.32852892 ], [ 19.86460441, 49.24375794 ], [ 19.98415552, 49.20183333 ], [ 20.10540329, 49.24463072 ], [ 20.1072235, 49.3294089 ], [ 19.98751859, 49.37138267 ], [ 19.8661473, 49.32852892 ] ] ] } },
{ "type": "Feature", "properties": { "id": 175 }, "geometry": { "type": "Polygon", "coordinates": [ [ [ 19.51321578, 49.958866 ], [ 19.51206897, 49.87483676 ], [ 19.63280316, 49.83368956 ], [ 19.75484438, 49.87652268 ], [ 19.75627318, 49.96056018 ], [ 19.63537873, 50.00175649 ], [ 19.51321578, 49.958866 ] ] ] } },
{ "type": "Feature", "properties": { "id": 176 }, "geometry": { "type": "Polygon", "coordinates": [ [ [ 19.40553199, 51.08249389 ], [ 19.40449386, 50.99980776 ], [ 19.52718809, 50.95951632 ], [ 19.65108697, 51.00186076 ], [ 19.65241605, 51.08455501 ], [ 19.52955527, 51.12489688 ], [ 19.40553199, 51.08249389 ] ] ] } },
{ "type": "Feature", "properties": { "id": 177 }, "geometry": { "type": "Polygon", "coordinates": [ [ [ 16.78717357, 52.37713972 ], [ 16.78925256, 52.29625996 ], [ 16.91516848, 52.25971214 ], [ 17.03920695, 52.30399804 ], [ 17.03742675, 52.38489439 ], [ 16.91130914, 52.42148843 ], [ 16.78717357, 52.37713972 ] ] ] } },
{ "type": "Feature", "properties": { "id": 178 }, "geometry": { "type": "Polygon", "coordinates": [ [ [ 22.69302193, 52.2972713 ], [ 22.68802353, 52.21607944 ], [ 22.81118434, 52.17312601 ], [ 22.93947722, 52.21130603 ], [ 22.94477655, 52.29249379 ], [ 22.82148215, 52.33550582 ], [ 22.69302193, 52.2972713 ] ] ] } },
{ "type": "Feature", "properties": { "id": 179 }, "geometry": { "type": "Polygon", "coordinates": [ [ [ 15.01639613, 52.79053198 ], [ 15.02060928, 52.7104054 ], [ 15.14767466, 52.67611931 ], [ 15.27074919, 52.72191781 ], [ 15.26683446, 52.80206663 ], [ 15.13954657, 52.83639488 ], [ 15.01639613, 52.79053198 ] ] ] } },
{ "type": "Feature", "properties": { "id": 180 }, "geometry": { "type": "Polygon", "coordinates": [ [ [ 14.66212473, 52.41103715 ], [ 14.66673412, 52.33048587 ], [ 14.79313002, 52.29632262 ], [ 14.91513979, 52.34267047 ], [ 14.91082445, 52.42324554 ], [ 14.78420508, 52.45744914 ], [ 14.66212473, 52.41103715 ] ] ] } },
{ "type": "Feature", "properties": { "id": 138 }, "geometry": { "type": "Polygon", "coordinates": [ [ [ 19.53432329, 51.45445076 ], [ 19.53312705, 51.37221359 ], [ 19.65642218, 51.33203447 ], [ 19.78108039, 51.37404143 ], [ 19.78257078, 51.45628607 ], [ 19.65910876, 51.49651647 ], [ 19.53432329, 51.45445076 ] ] ] } },
{ "type": "Feature", "properties": { "id": 139 }, "geometry": { "type": "Polygon", "coordinates": [ [ [ 21.52214148, 51.454439 ], [ 21.51858991, 51.37216728 ], [ 21.6409252, 51.32987533 ], [ 21.76695627, 51.36979999 ], [ 21.7708022, 51.45207198 ], [ 21.64832272, 51.49441923 ], [ 21.52214148, 51.454439 ] ] ] } },
{ "type": "Feature", "properties": { "id": 140 }, "geometry": { "type": "Polygon", "coordinates": [ [ [ 18.54197731, 49.94702441 ], [ 18.54195645, 49.86303736 ], [ 18.66304209, 49.82292062 ], [ 18.78431895, 49.86674432 ], [ 18.78462094, 49.9507433 ], [ 18.66336487, 49.99090683 ], [ 18.54197731, 49.94702441 ] ] ] } },
{ "type": "Feature", "properties": { "id": 181 }, "geometry": { "type": "Polygon", "coordinates": [ [ [ 17.16506997, 52.26717984 ], [ 17.16669473, 52.18612227 ], [ 17.2923029, 52.14908058 ], [ 17.41648323, 52.19304966 ], [ 17.41515696, 52.27412261 ], [ 17.28935175, 52.31121129 ], [ 17.16506997, 52.26717984 ] ] ] } },
{ "type": "Feature", "properties": { "id": 182 }, "geometry": { "type": "Polygon", "coordinates": [ [ [ 18.92628921, 53.50953459 ], [ 18.92579829, 53.42993787 ], [ 19.05316783, 53.39184926 ], [ 19.18121273, 53.43330392 ], [ 19.18201588, 53.51290916 ], [ 19.05446183, 53.55105141 ], [ 18.92628921, 53.50953459 ] ] ] } },
{ "type": "Feature", "properties": { "id": 183 }, "geometry": { "type": "Polygon", "coordinates": [ [ [ 21.85367556, 50.58180535 ], [ 21.84977994, 50.49847749 ], [ 21.97042866, 50.45526774 ], [ 22.09510993, 50.49533132 ], [ 22.09929256, 50.57865844 ], [ 21.97850695, 50.6219229 ], [ 21.85367556, 50.58180535 ] ] ] } },
{ "type": "Feature", "properties": { "id": 184 }, "geometry": { "type": "Polygon", "coordinates": [ [ [ 17.68057574, 51.05356983 ], [ 17.68156712, 50.97096571 ], [ 17.80483234, 50.93251947 ], [ 17.92729099, 50.97663131 ], [ 17.92658856, 51.05924983 ], [ 17.80313843, 51.09774231 ], [ 17.68057574, 51.05356983 ] ] ] } },
{ "type": "Feature", "properties": { "id": 185 }, "geometry": { "type": "Polygon", "coordinates": [ [ [ 22.81668337, 54.21467861 ], [ 22.81138479, 54.13599253 ], [ 22.93810514, 54.0942403 ], [ 23.0702641, 54.13111208 ], [ 23.07588155, 54.2097933 ], [ 22.94902124, 54.2516078 ], [ 22.81668337, 54.21467861 ] ] ] } },
{ "type": "Feature", "properties": { "id": 186 }, "geometry": { "type": "Polygon", "coordinates": [ [ [ 19.64056594, 50.33671081 ], [ 19.63926461, 50.25312014 ], [ 19.76057954, 50.21208335 ], [ 19.88335634, 50.25458753 ], [ 19.8849427, 50.33818581 ], [ 19.76346721, 50.37927248 ], [ 19.64056594, 50.33671081 ] ] ] } },
{ "type": "Feature", "properties": { "id": 187 }, "geometry": { "type": "Polygon", "coordinates": [ [ [ 20.38042173, 50.58983673 ], [ 20.3782498, 50.50652363 ], [ 20.49966534, 50.46486658 ], [ 20.62340636, 50.506471 ], [ 20.6258656, 50.58978884 ], [ 20.5042965, 50.63149772 ], [ 20.38042173, 50.58983673 ] ] ] } },
{ "type": "Feature", "properties": { "id": 188 }, "geometry": { "type": "Polygon", "coordinates": [ [ [ 20.16384747, 51.82694531 ], [ 20.16189484, 51.74514786 ], [ 20.28557617, 51.7045469 ], [ 20.41137165, 51.74569035 ], [ 20.41362188, 51.82749283 ], [ 20.28977901, 51.86814702 ], [ 20.16384747, 51.82694531 ] ] ] } },
{ "type": "Feature", "properties": { "id": 189 }, "geometry": { "type": "Polygon", "coordinates": [ [ [ 20.55670952, 52.43784384 ], [ 20.55426702, 52.35680718 ], [ 20.67887342, 52.31620465 ], [ 20.80608218, 52.35658392 ], [ 20.80882775, 52.43762397 ], [ 20.68406149, 52.47828154 ], [ 20.55670952, 52.43784384 ] ] ] } },
{ "type": "Feature", "properties": { "id": 190 }, "geometry": { "type": "Polygon", "coordinates": [ [ [ 18.54325191, 54.56757997 ], [ 18.54322799, 54.48941173 ], [ 18.67286851, 54.45250983 ], [ 18.80272813, 54.49372129 ], [ 18.80307437, 54.57189872 ], [ 18.67323857, 54.60885569 ], [ 18.54325191, 54.56757997 ] ] ] } },
{ "type": "Feature", "properties": { "id": 191 }, "geometry": { "type": "Polygon", "coordinates": [ [ [ 16.65202826, 52.73571892 ], [ 16.65428064, 52.65530875 ], [ 16.78090659, 52.619165 ], [ 16.90548531, 52.66338503 ], [ 16.90353467, 52.74381198 ], [ 16.77670342, 52.78000229 ], [ 16.65202826, 52.73571892 ] ] ] } },
{ "type": "Feature", "properties": { "id": 192 }, "geometry": { "type": "Polygon", "coordinates": [ [ [ 16.27921407, 52.6019764 ], [ 16.28190825, 52.52143922 ], [ 16.40837163, 52.48561275 ], [ 16.53234907, 52.53027835 ], [ 16.52995467, 52.61083369 ], [ 16.4032829, 52.64670546 ], [ 16.27921407, 52.6019764 ] ] ] } },
{ "type": "Feature", "properties": { "id": 193 }, "geometry": { "type": "Polygon", "coordinates": [ [ [ 17.04275459, 52.14189895 ], [ 17.04452207, 52.06069648 ], [ 17.16993262, 52.02370125 ], [ 17.29377319, 52.06786222 ], [ 17.2923029, 52.14908058 ], [ 17.16669473, 52.18612227 ], [ 17.04275459, 52.14189895 ] ] ] } },
{ "type": "Feature", "properties": { "id": 194 }, "geometry": { "type": "Polygon", "coordinates": [ [ [ 16.49333555, 53.80679157 ], [ 16.4958186, 53.72778657 ], [ 16.6245703, 53.69259198 ], [ 16.75105263, 53.73635418 ], [ 16.74888104, 53.81537564 ], [ 16.6199155, 53.85061862 ], [ 16.49333555, 53.80679157 ] ] ] } },
{ "type": "Feature", "properties": { "id": 195 }, "geometry": { "type": "Polygon", "coordinates": [ [ [ 16.35369112, 54.15649113 ], [ 16.35635894, 54.07796412 ], [ 16.4858498, 54.04318107 ], [ 16.61289038, 54.08687641 ], [ 16.61053714, 54.16542007 ], [ 16.48082857, 54.20025193 ], [ 16.35369112, 54.15649113 ] ] ] } },
{ "type": "Feature", "properties": { "id": 196 }, "geometry": { "type": "Polygon", "coordinates": [ [ [ 15.97355839, 54.02429209 ], [ 15.97668529, 53.94563506 ], [ 16.10599688, 53.91117847 ], [ 16.23240234, 53.95533159 ], [ 16.22958787, 54.03400661 ], [ 16.10005533, 54.0685107 ], [ 15.97355839, 54.02429209 ] ] ] } },
{ "type": "Feature", "properties": { "id": 197 }, "geometry": { "type": "Polygon", "coordinates": [ [ [ 15.72806188, 53.77781173 ], [ 15.73147535, 53.6988612 ], [ 15.86034365, 53.66449777 ], [ 15.98602017, 53.70903879 ], [ 15.98291615, 53.78800832 ], [ 15.85382598, 53.82241802 ], [ 15.72806188, 53.77781173 ] ] ] } },
{ "type": "Feature", "properties": { "id": 198 }, "geometry": { "type": "Polygon", "coordinates": [ [ [ 15.87006076, 53.42683839 ], [ 15.87328408, 53.34741126 ], [ 16.0014273, 53.31263344 ], [ 16.12656502, 53.35723703 ], [ 16.12364815, 53.436683 ], [ 15.99528694, 53.47150672 ], [ 15.87006076, 53.42683839 ] ] ] } },
{ "type": "Feature", "properties": { "id": 199 }, "geometry": { "type": "Polygon", "coordinates": [ [ [ 16.63151001, 53.45477173 ], [ 16.63381199, 53.37529064 ], [ 16.76183141, 53.33968665 ], [ 16.88775872, 53.38351596 ], [ 16.88576511, 53.46301334 ], [ 16.75753566, 53.49866531 ], [ 16.63151001, 53.45477173 ] ] ] } },
{ "type": "Feature", "properties": { "id": 200 }, "geometry": { "type": "Polygon", "coordinates": [ [ [ 17.41912626, 52.03059773 ], [ 17.42044306, 51.94921901 ], [ 17.5455408, 51.91173241 ], [ 17.66951462, 51.95557748 ], [ 17.66849466, 52.03697085 ], [ 17.54320393, 52.07450468 ], [ 17.41912626, 52.03059773 ] ] ] } },
{ "type": "Feature", "properties": { "id": 201 }, "geometry": { "type": "Polygon", "coordinates": [ [ [ 17.79454778, 51.91782213 ], [ 17.79541605, 51.83626922 ], [ 17.92019146, 51.79829306 ], [ 18.04428684, 51.84182204 ], [ 18.04371498, 51.92338837 ], [ 17.91875123, 51.96141249 ], [ 17.79454778, 51.91782213 ] ] ] } },
{ "type": "Feature", "properties": { "id": 202 }, "geometry": { "type": "Polygon", "coordinates": [ [ [ 17.41515696, 52.27412261 ], [ 17.41648323, 52.19304966 ], [ 17.54203131, 52.15573806 ], [ 17.66644742, 52.19945194 ], [ 17.66542012, 52.28053939 ], [ 17.53967763, 52.31789864 ], [ 17.41515696, 52.27412261 ] ] ] } },
{ "type": "Feature", "properties": { "id": 203 }, "geometry": { "type": "Polygon", "coordinates": [ [ [ 18.41561349, 53.26211012 ], [ 18.41574516, 53.18222127 ], [ 18.54283033, 53.14451329 ], [ 18.66997275, 53.18664236 ], [ 18.67015044, 53.26654161 ], [ 18.54287626, 53.30430158 ], [ 18.41561349, 53.26211012 ] ] ] } },
{ "type": "Feature", "properties": { "id": 204 }, "geometry": { "type": "Polygon", "coordinates": [ [ [ 16.34564814, 54.39144446 ], [ 16.34833574, 54.31323139 ], [ 16.47830868, 54.27863045 ], [ 16.60581324, 54.32219344 ], [ 16.60344254, 54.40042299 ], [ 16.47325019, 54.43507326 ], [ 16.34564814, 54.39144446 ] ] ] } },
{ "type": "Feature", "properties": { "id": 205 }, "geometry": { "type": "Polygon", "coordinates": [ [ [ 18.79796951, 53.38821591 ], [ 18.79763582, 53.30846766 ], [ 18.92482003, 53.27043216 ], [ 19.05252319, 53.31209199 ], [ 19.05316783, 53.39184926 ], [ 18.92579829, 53.42993787 ], [ 18.79796951, 53.38821591 ] ] ] } },
{ "type": "Feature", "properties": { "id": 206 }, "geometry": { "type": "Polygon", "coordinates": [ [ [ 19.17961232, 53.27378102 ], [ 19.17881503, 53.19386357 ], [ 19.30562368, 53.15533096 ], [ 19.43340982, 53.19666225 ], [ 19.43451729, 53.27658749 ], [ 19.30752839, 53.31517383 ], [ 19.17961232, 53.27378102 ] ] ] } },
{ "type": "Feature", "properties": { "id": 207 }, "geometry": { "type": "Polygon", "coordinates": [ [ [ 18.79697086, 53.14865944 ], [ 18.7966396, 53.06859968 ], [ 18.92336154, 53.0303945 ], [ 19.05059868, 53.07219664 ], [ 19.05123862, 53.15226557 ], [ 18.92433269, 53.19052338 ], [ 18.79697086, 53.14865944 ] ] ] } },
{ "type": "Feature", "properties": { "id": 208 }, "geometry": { "type": "Polygon", "coordinates": [ [ [ 18.66909079, 52.78559194 ], [ 18.66891568, 52.70507182 ], [ 18.79499525, 52.66674889 ], [ 18.92143332, 52.70889464 ], [ 18.92191363, 52.78942458 ], [ 18.79565061, 52.82779914 ], [ 18.66909079, 52.78559194 ] ] ] } },
{ "type": "Feature", "properties": { "id": 209 }, "geometry": { "type": "Polygon", "coordinates": [ [ [ 19.0474221, 52.67029931 ], [ 19.04679138, 52.58961013 ], [ 19.17250585, 52.55079476 ], [ 19.2990295, 52.59261649 ], [ 19.29996471, 52.67331424 ], [ 19.17407172, 52.71218189 ], [ 19.0474221, 52.67029931 ] ] ] } },
{ "type": "Feature", "properties": { "id": 210 }, "geometry": { "type": "Polygon", "coordinates": [ [ [ 19.30562368, 53.15533096 ], [ 19.30467479, 53.07525374 ], [ 19.43120293, 53.0365002 ], [ 19.55885804, 53.0777703 ], [ 19.56011609, 53.15785495 ], [ 19.43340982, 53.19666225 ], [ 19.30562368, 53.15533096 ] ] ] } },
{ "type": "Feature", "properties": { "id": 211 }, "geometry": { "type": "Polygon", "coordinates": [ [ [ 18.92047617, 52.54752553 ], [ 18.91999933, 52.46668661 ], [ 19.04553448, 52.42792301 ], [ 19.17172574, 52.46994676 ], [ 19.17250585, 52.55079476 ], [ 19.04679138, 52.58961013 ], [ 18.92047617, 52.54752553 ] ] ] } },
{ "type": "Feature", "properties": { "id": 212 }, "geometry": { "type": "Polygon", "coordinates": [ [ [ 18.54269388, 52.66266371 ], [ 18.54267133, 52.58199431 ], [ 18.66856671, 52.54372249 ], [ 18.79466876, 52.58606916 ], [ 18.79499525, 52.66674889 ], [ 18.66891568, 52.70507182 ], [ 18.54269388, 52.66266371 ] ] ] } },
{ "type": "Feature", "properties": { "id": 213 }, "geometry": { "type": "Polygon", "coordinates": [ [ [ 19.04932343, 52.9117479 ], [ 19.04868812, 52.83136832 ], [ 19.17485749, 52.79272077 ], [ 19.30184191, 52.83440025 ], [ 19.30278391, 52.91478827 ], [ 19.17643475, 52.95348855 ], [ 19.04932343, 52.9117479 ] ] ] } },
{ "type": "Feature", "properties": { "id": 214 }, "geometry": { "type": "Polygon", "coordinates": [ [ [ 21.78239484, 51.69827848 ], [ 21.77852145, 51.61631137 ], [ 21.90114411, 51.5739084 ], [ 22.02778234, 51.61341659 ], [ 22.03195207, 51.69538296 ], [ 21.90918727, 51.73784206 ], [ 21.78239484, 51.69827848 ] ] ] } },
{ "type": "Feature", "properties": { "id": 215 }, "geometry": { "type": "Polygon", "coordinates": [ [ [ 21.83043764, 50.08034759 ], [ 21.82659612, 49.99642476 ], [ 21.94641861, 49.95291905 ], [ 22.07021794, 49.99328231 ], [ 22.07434251, 50.07720461 ], [ 21.95438475, 50.12076436 ], [ 21.83043764, 50.08034759 ] ] ] } },
{ "type": "Feature", "properties": { "id": 216 }, "geometry": { "type": "Polygon", "coordinates": [ [ [ 22.5481001, 49.81733321 ], [ 22.54344241, 49.73311947 ], [ 22.6624239, 49.68870787 ], [ 22.78618933, 49.72845515 ], [ 22.79112758, 49.81266568 ], [ 22.6720199, 49.85713231 ], [ 22.5481001, 49.81733321 ] ] ] } },
{ "type": "Feature", "properties": { "id": 229 }, "geometry": { "type": "Polygon", "coordinates": [ [ [ 16.25467211, 53.32218403 ], [ 16.25742545, 53.24257363 ], [ 16.38527804, 53.20729195 ], [ 16.51059036, 53.25157414 ], [ 16.50814335, 53.33120219 ], [ 16.38007753, 53.36653059 ], [ 16.25467211, 53.32218403 ] ] ] } },
{ "type": "Feature", "properties": { "id": 230 }, "geometry": { "type": "Polygon", "coordinates": [ [ [ 19.63667101, 50.0856428 ], [ 19.63537873, 50.00175649 ], [ 19.75627318, 49.96056018 ], [ 19.87861936, 50.00320081 ], [ 19.88019468, 50.08709485 ], [ 19.75914075, 50.12834071 ], [ 19.63667101, 50.0856428 ] ] ] } },
{ "type": "Feature", "properties": { "id": 231 }, "geometry": { "type": "Polygon", "coordinates": [ [ [ 19.99941231, 49.96174676 ], [ 19.99770139, 49.87770191 ], [ 20.11823337, 49.83604053 ], [ 20.2406313, 49.87837398 ], [ 20.24262445, 49.96242525 ], [ 20.12193742, 50.00413682 ], [ 19.99941231, 49.96174676 ] ] ] } },
{ "type": "Feature", "properties": { "id": 232 }, "geometry": { "type": "Polygon", "coordinates": [ [ [ 20.24262445, 49.96242525 ], [ 20.2406313, 49.87837398 ], [ 20.36105558, 49.83645587 ], [ 20.48362542, 49.87853847 ], [ 20.48590088, 49.96259523 ], [ 20.36532418, 50.00456407 ], [ 20.24262445, 49.96242525 ] ] ] } },
{ "type": "Feature", "properties": { "id": 233 }, "geometry": { "type": "Polygon", "coordinates": [ [ [ 21.58653984, 50.08297915 ], [ 21.58298149, 49.9990567 ], [ 21.7029406, 49.95580621 ], [ 21.82659612, 49.99642476 ], [ 21.83043764, 50.08034759 ], [ 21.71034051, 50.12365168 ], [ 21.58653984, 50.08297915 ] ] ] } },
{ "type": "Feature", "properties": { "id": 234 }, "geometry": { "type": "Polygon", "coordinates": [ [ [ 21.5972647, 50.33415374 ], [ 21.59368142, 50.25052786 ], [ 21.71405338, 50.20742633 ], [ 21.83814753, 50.24789695 ], [ 21.84201596, 50.33152311 ], [ 21.72150513, 50.37467856 ], [ 21.5972647, 50.33415374 ] ] ] } },
{ "type": "Feature", "properties": { "id": 235 }, "geometry": { "type": "Polygon", "coordinates": [ [ [ 21.83043764, 50.08034759 ], [ 21.82659612, 49.99642476 ], [ 21.94641861, 49.95291905 ], [ 22.07021794, 49.99328231 ], [ 22.07434251, 50.07720461 ], [ 21.95438475, 50.12076436 ], [ 21.83043764, 50.08034759 ] ] ] } },
{ "type": "Feature", "properties": { "id": 236 }, "geometry": { "type": "Polygon", "coordinates": [ [ [ 22.06199744, 49.82514225 ], [ 22.05790145, 49.74092487 ], [ 22.17717529, 49.69701878 ], [ 22.30067687, 49.73727607 ], [ 22.30505381, 49.82149208 ], [ 22.18564826, 49.86545236 ], [ 22.06199744, 49.82514225 ] ] ] } },
{ "type": "Feature", "properties": { "id": 237 }, "geometry": { "type": "Polygon", "coordinates": [ [ [ 22.30505381, 49.82149208 ], [ 22.30067687, 49.73727607 ], [ 22.41980667, 49.69311697 ], [ 22.54344241, 49.73311947 ], [ 22.5481001, 49.81733321 ], [ 22.42884135, 49.86154691 ], [ 22.30505381, 49.82149208 ] ] ] } },
{ "type": "Feature", "properties": { "id": 238 }, "geometry": { "type": "Polygon", "coordinates": [ [ [ 21.9227404, 49.4470267 ], [ 21.91882581, 49.36236972 ], [ 22.03756277, 49.31837228 ], [ 22.16034628, 49.35897847 ], [ 22.164539, 49.4436347 ], [ 22.04567012, 49.48768566 ], [ 21.9227404, 49.4470267 ] ] ] } },
{ "type": "Feature", "properties": { "id": 239 }, "geometry": { "type": "Polygon", "coordinates": [ [ [ 21.7029406, 49.95580621 ], [ 21.6992535, 49.87173577 ], [ 21.81893976, 49.82828372 ], [ 21.94244939, 49.86884864 ], [ 21.94641861, 49.95291905 ], [ 21.82659612, 49.99642476 ], [ 21.7029406, 49.95580621 ] ] ] } },
{ "type": "Feature", "properties": { "id": 240 }, "geometry": { "type": "Polygon", "coordinates": [ [ [ 22.07434251, 50.07720461 ], [ 22.07021794, 49.99328231 ], [ 22.18989948, 49.94952182 ], [ 22.31383813, 49.98962932 ], [ 22.31824559, 50.07355016 ], [ 22.19843156, 50.11736514 ], [ 22.07434251, 50.07720461 ] ] ] } },
{ "type": "Feature", "properties": { "id": 241 }, "geometry": { "type": "Polygon", "coordinates": [ [ [ 23.49350925, 51.17371347 ], [ 23.48764963, 51.09116066 ], [ 23.60831462, 51.04663849 ], [ 23.73495912, 51.08461115 ], [ 23.74110917, 51.16715711 ], [ 23.62032439, 51.21173745 ], [ 23.49350925, 51.17371347 ] ] ] } },
{ "type": "Feature", "properties": { "id": 242 }, "geometry": { "type": "Polygon", "coordinates": [ [ [ 20.24863177, 50.21398918 ], [ 20.24662467, 50.13023303 ], [ 20.36746593, 50.08847083 ], [ 20.49046768, 50.13041389 ], [ 20.49275906, 50.21417542 ], [ 20.3717644, 50.25598869 ], [ 20.24863177, 50.21398918 ] ] ] } },
{ "type": "Feature", "properties": { "id": 243 }, "geometry": { "type": "Polygon", "coordinates": [ [ [ 17.80735832, 50.68393686 ], [ 17.80819638, 50.6008771 ], [ 17.93077851, 50.56204281 ], [ 18.05270416, 50.60622249 ], [ 18.0521522, 50.68929644 ], [ 17.9293884, 50.72817671 ], [ 17.80735832, 50.68393686 ] ] ] } },
{ "type": "Feature", "properties": { "id": 244 }, "geometry": { "type": "Polygon", "coordinates": [ [ [ 17.80986662, 50.43446025 ], [ 17.81069883, 50.35110351 ], [ 17.93285152, 50.31209913 ], [ 18.05435229, 50.35640603 ], [ 18.0538042, 50.43977711 ], [ 17.93147113, 50.47882712 ], [ 17.80986662, 50.43446025 ] ] ] } },
{ "type": "Feature", "properties": { "id": 217 }, "geometry": { "type": "Polygon", "coordinates": [ [ [ 21.69190489, 49.70330042 ], [ 21.68824331, 49.61893591 ], [ 21.80752148, 49.57533662 ], [ 21.93059669, 49.61604867 ], [ 21.93453846, 49.70041325 ], [ 21.81512486, 49.7440659 ], [ 21.69190489, 49.70330042 ] ] ] } },
{ "type": "Feature", "properties": { "id": 218 }, "geometry": { "type": "Polygon", "coordinates": [ [ [ 17.78929441, 52.405 ], [ 17.79017522, 52.32405907 ], [ 17.91585007, 52.2864292 ], [ 18.04083511, 52.32969162 ], [ 18.04025499, 52.41064565 ], [ 17.91438903, 52.44832434 ], [ 17.78929441, 52.405 ] ] ] } },
{ "type": "Feature", "properties": { "id": 219 }, "geometry": { "type": "Polygon", "coordinates": [ [ [ 21.50095746, 50.95929245 ], [ 21.49745584, 50.87641535 ], [ 21.61894113, 50.83381917 ], [ 21.74407049, 50.87404573 ], [ 21.74786235, 50.9569233 ], [ 21.62623465, 50.99957403 ], [ 21.50095746, 50.95929245 ] ] ] } },
{ "type": "Feature", "properties": { "id": 220 }, "geometry": { "type": "Polygon", "coordinates": [ [ [ 21.25407205, 50.96114075 ], [ 21.25086074, 50.87826503 ], [ 21.37248, 50.83592929 ], [ 21.49745584, 50.87641535 ], [ 21.50095746, 50.95929245 ], [ 21.37919295, 51.00168228 ], [ 21.25407205, 50.96114075 ] ] ] } },
{ "type": "Feature", "properties": { "id": 221 }, "geometry": { "type": "Polygon", "coordinates": [ [ [ 21.49047722, 50.71036033 ], [ 21.48700017, 50.62718275 ], [ 21.60806486, 50.58443533 ], [ 21.73274818, 50.62481149 ], [ 21.73651344, 50.70798965 ], [ 21.6153072, 50.75079127 ], [ 21.49047722, 50.71036033 ] ] ] } },
{ "type": "Feature", "properties": { "id": 222 }, "geometry": { "type": "Polygon", "coordinates": [ [ [ 21.11689849, 50.588145 ], [ 21.11386457, 50.50482042 ], [ 21.2349168, 50.46238544 ], [ 21.35914827, 50.50322191 ], [ 21.3624695, 50.5865485 ], [ 21.24127197, 50.6290368 ], [ 21.11689849, 50.588145 ] ] ] } },
{ "type": "Feature", "properties": { "id": 223 }, "geometry": { "type": "Polygon", "coordinates": [ [ [ 21.09880077, 50.08670845 ], [ 21.095809, 50.00278952 ], [ 21.21602828, 49.96005065 ], [ 21.33938285, 50.00117824 ], [ 21.34265794, 50.08509939 ], [ 21.22229516, 50.12789092 ], [ 21.09880077, 50.08670845 ] ] ] } },
{ "type": "Feature", "properties": { "id": 224 }, "geometry": { "type": "Polygon", "coordinates": [ [ [ 21.44928327, 49.70568037 ], [ 21.44590198, 49.62131685 ], [ 21.56531292, 49.57797098 ], [ 21.68824331, 49.61893591 ], [ 21.69190489, 49.70330042 ], [ 21.57235582, 49.74669919 ], [ 21.44928327, 49.70568037 ] ] ] } },
{ "type": "Feature", "properties": { "id": 225 }, "geometry": { "type": "Polygon", "coordinates": [ [ [ 21.35252906, 50.33627028 ], [ 21.34923102, 50.2526456 ], [ 21.46973637, 50.20980102 ], [ 21.59368142, 50.25052786 ], [ 21.5972647, 50.33415374 ], [ 21.47661771, 50.37705177 ], [ 21.35252906, 50.33627028 ] ] ] } },
{ "type": "Feature", "properties": { "id": 226 }, "geometry": { "type": "Polygon", "coordinates": [ [ [ 21.69190489, 49.70330042 ], [ 21.68824331, 49.61893591 ], [ 21.80752148, 49.57533662 ], [ 21.93059669, 49.61604867 ], [ 21.93453846, 49.70041325 ], [ 21.81512486, 49.7440659 ], [ 21.69190489, 49.70330042 ] ] ] } },
{ "type": "Feature", "properties": { "id": 227 }, "geometry": { "type": "Polygon", "coordinates": [ [ [ 15.62727675, 53.17792949 ], [ 15.63078024, 53.09821204 ], [ 15.75848614, 53.0635242 ], [ 15.88290724, 53.1085093 ], [ 15.87970729, 53.18824661 ], [ 15.75178251, 53.22297914 ], [ 15.62727675, 53.17792949 ] ] ] } },
{ "type": "Feature", "properties": { "id": 228 }, "geometry": { "type": "Polygon", "coordinates": [ [ [ 22.56213806, 50.06938424 ], [ 22.55744789, 49.98546578 ], [ 22.67683458, 49.94119711 ], [ 22.80103841, 49.98079175 ], [ 22.80601108, 50.06470692 ], [ 22.68649749, 50.10903092 ], [ 22.56213806, 50.06938424 ] ] ] } },
{ "type": "Feature", "properties": { "id": 245 }, "geometry": { "type": "Polygon", "coordinates": [ [ [ 17.19839322, 50.5437403 ], [ 17.19993933, 50.46057145 ], [ 17.32245915, 50.42230506 ], [ 17.44361994, 50.4671635 ], [ 17.4423579, 50.55034886 ], [ 17.31965089, 50.58865945 ], [ 17.19839322, 50.5437403 ] ] ] } },
{ "type": "Feature", "properties": { "id": 246 }, "geometry": { "type": "Polygon", "coordinates": [ [ [ 17.9286909, 50.81109458 ], [ 17.9293884, 50.72817671 ], [ 18.0521522, 50.68929644 ], [ 18.17439946, 50.73328773 ], [ 18.17398926, 50.81621926 ], [ 18.05104441, 50.85514602 ], [ 17.9286909, 50.81109458 ] ] ] } },
{ "type": "Feature", "properties": { "id": 247 }, "geometry": { "type": "Polygon", "coordinates": [ [ [ 17.56608205, 50.42863592 ], [ 17.56719798, 50.34529443 ], [ 17.68941499, 50.30655064 ], [ 17.81069883, 50.35110351 ], [ 17.80986662, 50.43446025 ], [ 17.68746676, 50.47324904 ], [ 17.56608205, 50.42863592 ] ] ] } },
{ "type": "Feature", "properties": { "id": 248 }, "geometry": { "type": "Polygon", "coordinates": [ [ [ 19.14989138, 50.08121305 ], [ 19.14916469, 49.99734496 ], [ 19.27024883, 49.95666474 ], [ 19.39222428, 49.99980436 ], [ 19.39323367, 50.08368201 ], [ 19.27198486, 50.12441066 ], [ 19.14989138, 50.08121305 ] ] ] } },
{ "type": "Feature", "properties": { "id": 249 }, "geometry": { "type": "Polygon", "coordinates": [ [ [ 17.93285152, 50.31209913 ], [ 17.93353931, 50.22858718 ], [ 18.05544466, 50.18936798 ], [ 18.17684064, 50.23361515 ], [ 18.17643615, 50.31714106 ], [ 18.05435229, 50.35640603 ], [ 17.93285152, 50.31209913 ] ] ] } },
{ "type": "Feature", "properties": { "id": 250 }, "geometry": { "type": "Polygon", "coordinates": [ [ [ 18.175217, 50.56712635 ], [ 18.17562433, 50.48389684 ], [ 18.29788606, 50.44458562 ], [ 18.41991763, 50.48845735 ], [ 18.41979592, 50.57169977 ], [ 18.29735694, 50.61105773 ], [ 18.175217, 50.56712635 ] ] ] } },
{ "type": "Feature", "properties": { "id": 251 }, "geometry": { "type": "Polygon", "coordinates": [ [ [ 17.81235743, 50.18409431 ], [ 17.81318384, 50.10044221 ], [ 17.9349101, 50.06126829 ], [ 18.05598895, 50.10570138 ], [ 18.05544466, 50.18936798 ], [ 17.93353931, 50.22858718 ], [ 17.81235743, 50.18409431 ] ] ] } },
{ "type": "Feature", "properties": { "id": 252 }, "geometry": { "type": "Polygon", "coordinates": [ [ [ 14.63423571, 52.89220006 ], [ 14.63891178, 52.81226218 ], [ 14.76622667, 52.77847695 ], [ 14.88909226, 52.82458855 ], [ 14.88471445, 52.90454984 ], [ 14.75717258, 52.93837631 ], [ 14.63423571, 52.89220006 ] ] ] } },
{ "type": "Feature", "properties": { "id": 253 }, "geometry": { "type": "Polygon", "coordinates": [ [ [ 14.87151762, 53.143817 ], [ 14.87592717, 53.06416418 ], [ 15.00369573, 53.03029584 ], [ 15.12728088, 53.07603803 ], [ 15.12317256, 53.15571323 ], [ 14.99517764, 53.18962405 ], [ 14.87151762, 53.143817 ] ] ] } },
{ "type": "Feature", "properties": { "id": 254 }, "geometry": { "type": "Polygon", "coordinates": [ [ [ 15.11078782, 53.39411979 ], [ 15.11492606, 53.31475422 ], [ 15.24314699, 53.28080031 ], [ 15.36745511, 53.32616845 ], [ 15.36362108, 53.40555538 ], [ 15.2351745, 53.43955299 ], [ 15.11078782, 53.39411979 ] ] ] } },
{ "type": "Feature", "properties": { "id": 255 }, "geometry": { "type": "Polygon", "coordinates": [ [ [ 15.35206294, 53.64309486 ], [ 15.35592503, 53.56401868 ], [ 15.48459689, 53.52997674 ], [ 15.60963136, 53.57496623 ], [ 15.60607647, 53.65406275 ], [ 15.47717972, 53.68814962 ], [ 15.35206294, 53.64309486 ] ] ] } },
{ "type": "Feature", "properties": { "id": 256 }, "geometry": { "type": "Polygon", "coordinates": [ [ [ 14.80643796, 52.05386991 ], [ 14.81085289, 51.97284942 ], [ 14.93656295, 51.93826981 ], [ 15.0580776, 51.98467079 ], [ 15.05395403, 52.06571493 ], [ 14.92802424, 52.10033462 ], [ 14.80643796, 52.05386991 ] ] ] } },
{ "type": "Feature", "properties": { "id": 257 }, "geometry": { "type": "Polygon", "coordinates": [ [ [ 14.94929535, 51.69441393 ], [ 14.95351945, 51.61292689 ], [ 15.07854949, 51.57793334 ], [ 15.19957129, 51.62438719 ], [ 15.19563589, 51.70589774 ], [ 15.07038979, 51.74093111 ], [ 14.94929535, 51.69441393 ] ] ] } },
{ "type": "Feature", "properties": { "id": 258 }, "geometry": { "type": "Polygon", "coordinates": [ [ [ 15.32458474, 51.58912786 ], [ 15.32836211, 51.50745483 ], [ 15.45314249, 51.47197015 ], [ 15.57435708, 51.51811794 ], [ 15.5708685, 51.59981329 ], [ 15.44587635, 51.63533869 ], [ 15.32458474, 51.58912786 ] ] ] } },
{ "type": "Feature", "properties": { "id": 259 }, "geometry": { "type": "Polygon", "coordinates": [ [ [ 15.5603531, 51.84429442 ], [ 15.56386653, 51.76290167 ], [ 15.68907008, 51.72733497 ], [ 15.81097103, 51.77311934 ], [ 15.80774912, 51.85453336 ], [ 15.68233455, 51.89014192 ], [ 15.5603531, 51.84429442 ] ] ] } },
{ "type": "Feature", "properties": { "id": 260 }, "geometry": { "type": "Polygon", "coordinates": [ [ [ 16.05537811, 51.86425788 ], [ 16.05830784, 51.78282345 ], [ 16.18344979, 51.74672242 ], [ 16.30586804, 51.7920127 ], [ 16.30323115, 51.87346667 ], [ 16.17788301, 51.909611 ], [ 16.05537811, 51.86425788 ] ] ] } },
{ "type": "Feature", "properties": { "id": 261 }, "geometry": { "type": "Polygon", "coordinates": [ [ [ 15.15979394, 52.4349381 ], [ 15.16381441, 52.35434009 ], [ 15.2901827, 52.31963849 ], [ 15.41274905, 52.36549323 ], [ 15.40902421, 52.44611333 ], [ 15.28243719, 52.48085678 ], [ 15.15979394, 52.4349381 ] ] ] } },
{ "type": "Feature", "properties": { "id": 262 }, "geometry": { "type": "Polygon", "coordinates": [ [ [ 15.52835314, 52.57226118 ], [ 15.53194274, 52.49178362 ], [ 15.65850624, 52.45676979 ], [ 15.78169587, 52.50219055 ], [ 15.77840406, 52.58268884 ], [ 15.65162464, 52.61774583 ], [ 15.52835314, 52.57226118 ] ] ] } },
{ "type": "Feature", "properties": { "id": 263 }, "geometry": { "type": "Polygon", "coordinates": [ [ [ 15.63776187, 52.9384679 ], [ 15.64124008, 52.85844143 ], [ 15.76848106, 52.82356889 ], [ 15.89246083, 52.86867877 ], [ 15.88928399, 52.94872527 ], [ 15.76182582, 52.98364204 ], [ 15.63776187, 52.9384679 ] ] ] } },
{ "type": "Feature", "properties": { "id": 264 }, "geometry": { "type": "Polygon", "coordinates": [ [ [ 14.76622667, 52.77847695 ], [ 14.77073743, 52.69837346 ], [ 14.89781639, 52.6643583 ], [ 15.02060928, 52.7104054 ], [ 15.01639613, 52.79053198 ], [ 14.88909226, 52.82458855 ], [ 14.76622667, 52.77847695 ] ] ] } },
{ "type": "Feature", "properties": { "id": 265 }, "geometry": { "type": "Polygon", "coordinates": [ [ [ 20.00976182, 50.46394832 ], [ 20.00802684, 50.38049511 ], [ 20.12939739, 50.33914883 ], [ 20.25266002, 50.38120507 ], [ 20.25468121, 50.46466445 ], [ 20.13315355, 50.5060616 ], [ 20.00976182, 50.46394832 ] ] ] } },
{ "type": "Feature", "properties": { "id": 266 }, "geometry": { "type": "Polygon", "coordinates": [ [ [ 23.09770447, 50.81024642 ], [ 23.09233815, 50.72723169 ], [ 23.21263681, 50.6828819 ], [ 23.33842513, 50.72148991 ], [ 23.34407934, 50.80449926 ], [ 23.22365743, 50.84890616 ], [ 23.09770447, 50.81024642 ] ] ] } },
{ "type": "Feature", "properties": { "id": 267 }, "geometry": { "type": "Polygon", "coordinates": [ [ [ 20.23665883, 49.70997767 ], [ 20.23467948, 49.62563301 ], [ 20.35468965, 49.58355966 ], [ 20.47683058, 49.62578075 ], [ 20.47909029, 49.71013104 ], [ 20.35892869, 49.75225479 ], [ 20.23665883, 49.70997767 ] ] ] } },
{ "type": "Feature", "properties": { "id": 268 }, "geometry": { "type": "Polygon", "coordinates": [ [ [ 20.59672955, 49.58345226 ], [ 20.59433795, 49.49895339 ], [ 20.71397438, 49.45642108 ], [ 20.83614943, 49.4983368 ], [ 20.83882047, 49.58283997 ], [ 20.71903703, 49.62542331 ], [ 20.59672955, 49.58345226 ] ] ] } },
{ "type": "Feature", "properties": { "id": 269 }, "geometry": { "type": "Polygon", "coordinates": [ [ [ 20.48590088, 49.96259523 ], [ 20.48362542, 49.87853847 ], [ 20.60393761, 49.83636388 ], [ 20.72667502, 49.87819499 ], [ 20.72923283, 49.96225633 ], [ 20.60877088, 50.00448217 ], [ 20.48590088, 49.96259523 ] ] ] } },
{ "type": "Feature", "properties": { "id": 270 }, "geometry": { "type": "Polygon", "coordinates": [ [ [ 18.1664374, 52.2917911 ], [ 18.16686549, 52.21067728 ], [ 18.29220395, 52.17255566 ], [ 18.41730058, 52.21549851 ], [ 18.41717267, 52.29662419 ], [ 18.29164787, 52.33479535 ], [ 18.1664374, 52.2917911 ] ] ] } },
{ "type": "Feature", "properties": { "id": 271 }, "geometry": { "type": "Polygon", "coordinates": [ [ [ 20.85497717, 50.08780654 ], [ 20.85226875, 50.00389075 ], [ 20.97261156, 49.96140823 ], [ 21.095809, 50.00278952 ], [ 21.09880077, 50.08670845 ], [ 20.97831176, 50.12924313 ], [ 20.85497717, 50.08780654 ] ] ] } },
{ "type": "Feature", "properties": { "id": 272 }, "geometry": { "type": "Polygon", "coordinates": [ [ [ 21.08095376, 49.58172248 ], [ 21.07800327, 49.49721595 ], [ 21.19740096, 49.45417592 ], [ 21.31989088, 49.49559058 ], [ 21.3231208, 49.58009955 ], [ 21.20358138, 49.6231916 ], [ 21.08095376, 49.58172248 ] ] ] } },
{ "type": "Feature", "properties": { "id": 273 }, "geometry": { "type": "Polygon", "coordinates": [ [ [ 23.24585447, 51.17974677 ], [ 23.24028562, 51.09718802 ], [ 23.36112176, 51.05292377 ], [ 23.48764963, 51.09116066 ], [ 23.49350925, 51.17371347 ], [ 23.37255033, 51.21803552 ], [ 23.24585447, 51.17974677 ] ] ] } },
{ "type": "Feature", "properties": { "id": 274 }, "geometry": { "type": "Polygon", "coordinates": [ [ [ 20.85497717, 50.08780654 ], [ 20.85226875, 50.00389075 ], [ 20.97261156, 49.96140823 ], [ 21.095809, 50.00278952 ], [ 21.09880077, 50.08670845 ], [ 20.97831176, 50.12924313 ], [ 20.85497717, 50.08780654 ] ] ] } },
{ "type": "Feature", "properties": { "id": 275 }, "geometry": { "type": "Polygon", "coordinates": [ [ [ 20.59672955, 49.58345226 ], [ 20.59433795, 49.49895339 ], [ 20.71397438, 49.45642108 ], [ 20.83614943, 49.4983368 ], [ 20.83882047, 49.58283997 ], [ 20.71903703, 49.62542331 ], [ 20.59672955, 49.58345226 ] ] ] } },
{ "type": "Feature", "properties": { "id": 276 }, "geometry": { "type": "Polygon", "coordinates": [ [ [ 20.86314034, 50.33896179 ], [ 20.86041294, 50.25534224 ], [ 20.98117181, 50.21301267 ], [ 21.10480523, 50.25425033 ], [ 21.10781796, 50.3378729 ], [ 20.98691196, 50.38025497 ], [ 20.86314034, 50.33896179 ] ] ] } },
{ "type": "Feature", "properties": { "id": 278 }, "geometry": { "type": "Polygon", "coordinates": [ [ [ 14.32341392, 53.83026213 ], [ 14.32853377, 53.75158656 ], [ 14.45773221, 53.71883566 ], [ 14.58204729, 53.7647181 ], [ 14.57723348, 53.84341715 ], [ 14.4477983, 53.87621046 ], [ 14.32341392, 53.83026213 ] ] ] } },
{ "type": "Feature", "properties": { "id": 279 }, "geometry": { "type": "Polygon", "coordinates": [ [ [ 17.43855404, 50.79931026 ], [ 17.43982496, 50.71642241 ], [ 17.56271861, 50.67806712 ], [ 17.6845273, 50.72255464 ], [ 17.68354289, 50.80545795 ], [ 17.56046316, 50.84385846 ], [ 17.43855404, 50.79931026 ] ] ] } },
{ "type": "Feature", "properties": { "id": 280 }, "geometry": { "type": "Polygon", "coordinates": [ [ [ 19.44802048, 54.22754859 ], [ 19.44687994, 54.14887807 ], [ 19.57545478, 54.11073914 ], [ 19.70535249, 54.15121465 ], [ 19.7068127, 54.22989157 ], [ 19.57805548, 54.26808677 ], [ 19.44802048, 54.22754859 ] ] ] } },
{ "type": "Feature", "properties": { "id": 281 }, "geometry": { "type": "Polygon", "coordinates": [ [ [ 19.4412192, 53.75395107 ], [ 19.44009537, 53.67465145 ], [ 19.56772909, 53.63617784 ], [ 19.69666639, 53.6769488 ], [ 19.6981052, 53.75625508 ], [ 19.57029167, 53.79478394 ], [ 19.4412192, 53.75395107 ] ] ] } },
{ "type": "Feature", "properties": { "id": 277 }, "geometry": { "type": "Polygon", "coordinates": [ [ [ 21.98755001, 53.27470707 ], [ 21.98333543, 53.19475211 ], [ 22.10873918, 53.15321003 ], [ 22.23850394, 53.19156397 ], [ 22.24302895, 53.27151709 ], [ 22.11747883, 53.31311831 ], [ 21.98755001, 53.27470707 ] ] ] } },
{ "type": "Feature", "properties": { "id": 282 }, "geometry": { "type": "Polygon", "coordinates": [ [ [ 19.94462521, 53.28057076 ], [ 19.94289678, 53.20063257 ], [ 20.069383, 53.16127631 ], [ 20.1977689, 53.20180308 ], [ 20.19980803, 53.28174644 ], [ 20.07315053, 53.32115805 ], [ 19.94462521, 53.28057076 ] ] ] } },
{ "type": "Feature", "properties": { "id": 283 }, "geometry": { "type": "Polygon", "coordinates": [ [ [ 19.43785596, 53.51573872 ], [ 19.43674035, 53.43612583 ], [ 19.56390866, 53.39748524 ], [ 19.69237106, 53.43840297 ], [ 19.69379934, 53.51802264 ], [ 19.5664525, 53.556718 ], [ 19.43785596, 53.51573872 ] ] ] } },
{ "type": "Feature", "properties": { "id": 284 }, "geometry": { "type": "Polygon", "coordinates": [ [ [ 19.6981052, 53.75625508 ], [ 19.69666639, 53.6769488 ], [ 19.82419088, 53.63819815 ], [ 19.95333089, 53.67869818 ], [ 19.95508484, 53.75801024 ], [ 19.8273836, 53.79681668 ], [ 19.6981052, 53.75625508 ] ] ] } },
{ "type": "Feature", "properties": { "id": 285 }, "geometry": { "type": "Polygon", "coordinates": [ [ [ 20.33072904, 53.40185316 ], [ 20.3285265, 53.32206382 ], [ 20.45506331, 53.28237749 ], [ 20.58396993, 53.32242432 ], [ 20.58648443, 53.40221744 ], [ 20.45978035, 53.44196014 ], [ 20.33072904, 53.40185316 ] ] ] } },
{ "type": "Feature", "properties": { "id": 286 }, "geometry": { "type": "Polygon", "coordinates": [ [ [ 20.85081823, 53.64079648 ], [ 20.84797093, 53.56131395 ], [ 20.97470932, 53.52123891 ], [ 21.10445716, 53.56058876 ], [ 21.10761875, 53.64007321 ], [ 20.98071822, 53.68020609 ], [ 20.85081823, 53.64079648 ] ] ] } },
{ "type": "Feature", "properties": { "id": 287 }, "geometry": { "type": "Polygon", "coordinates": [ [ [ 21.37493495, 53.87662759 ], [ 21.37143344, 53.79745672 ], [ 21.49835159, 53.75698941 ], [ 21.62892808, 53.79563389 ], [ 21.63274608, 53.87480482 ], [ 21.50567113, 53.9153314 ], [ 21.37493495, 53.87662759 ] ] ] } },
{ "type": "Feature", "properties": { "id": 288 }, "geometry": { "type": "Polygon", "coordinates": [ [ [ 20.60170126, 53.87878107 ], [ 20.59914955, 53.79961562 ], [ 20.72648262, 53.75997758 ], [ 20.85653379, 53.79944733 ], [ 20.85940211, 53.87861546 ], [ 20.73190264, 53.91831135 ], [ 20.60170126, 53.87878107 ] ] ] } },
{ "type": "Feature", "properties": { "id": 289 }, "geometry": { "type": "Polygon", "coordinates": [ [ [ 20.35079648, 54.11525081 ], [ 20.34854479, 54.03640391 ], [ 20.47647295, 53.99720585 ], [ 20.60682353, 54.03679703 ], [ 20.60939415, 54.11564735 ], [ 20.48129525, 54.15490327 ], [ 20.35079648, 54.11525081 ] ] ] } },
{ "type": "Feature", "properties": { "id": 290 }, "geometry": { "type": "Polygon", "coordinates": [ [ [ 19.83868265, 54.34867766 ], [ 19.83705653, 54.27015576 ], [ 19.9656996, 54.2316805 ], [ 20.09614708, 54.27166999 ], [ 20.0980943, 54.35019693 ], [ 19.96927292, 54.38872953 ], [ 19.83868265, 54.34867766 ] ] ] } },
{ "type": "Feature", "properties": { "id": 291 }, "geometry": { "type": "Polygon", "coordinates": [ [ [ 20.48371534, 54.23359415 ], [ 20.48129525, 54.15490327 ], [ 20.60939415, 54.11564735 ], [ 20.74008285, 54.15502415 ], [ 20.74282307, 54.23371796 ], [ 20.61455445, 54.27303224 ], [ 20.48371534, 54.23359415 ] ] ] } },
{ "type": "Feature", "properties": { "id": 292 }, "geometry": { "type": "Polygon", "coordinates": [ [ [ 21.12675208, 54.11477696 ], [ 21.12354355, 54.0359224 ], [ 21.25106888, 53.99589048 ], [ 21.38196384, 54.03465402 ], [ 21.38549129, 54.11350941 ], [ 21.25780488, 54.15360063 ], [ 21.12675208, 54.11477696 ] ] ] } },
{ "type": "Feature", "properties": { "id": 293 }, "geometry": { "type": "Polygon", "coordinates": [ [ [ 21.7556976, 53.7548908 ], [ 21.75173599, 53.67556266 ], [ 21.8782003, 53.63460384 ], [ 22.00877772, 53.67291368 ], [ 22.01305448, 53.75224065 ], [ 21.88643872, 53.79325914 ], [ 21.7556976, 53.7548908 ] ] ] } },
{ "type": "Feature", "properties": { "id": 294 }, "geometry": { "type": "Polygon", "coordinates": [ [ [ 22.4062331, 53.86601936 ], [ 22.40146645, 53.78685345 ], [ 22.52775936, 53.74528538 ], [ 22.65896271, 53.78282246 ], [ 22.66404518, 53.86198497 ], [ 22.53760855, 53.90361399 ], [ 22.4062331, 53.86601936 ] ] ] } },
{ "type": "Feature", "properties": { "id": 295 }, "geometry": { "type": "Polygon", "coordinates": [ [ [ 22.17534053, 54.34229962 ], [ 22.17082364, 54.26376358 ], [ 22.29820042, 54.22277891 ], [ 22.43024299, 54.26026892 ], [ 22.43508059, 54.33880221 ], [ 22.30755497, 54.37984843 ], [ 22.17534053, 54.34229962 ] ] ] } },
{ "type": "Feature", "properties": { "id": 296 }, "geometry": { "type": "Polygon", "coordinates": [ [ [ 21.77967278, 54.22865179 ], [ 21.77565227, 54.14995493 ], [ 21.90303744, 54.10930843 ], [ 22.03459655, 54.14729831 ], [ 22.03893688, 54.22599377 ], [ 21.91139833, 54.26670095 ], [ 21.77967278, 54.22865179 ] ] ] } },
{ "type": "Feature", "properties": { "id": 297 }, "geometry": { "type": "Polygon", "coordinates": [ [ [ 22.16182327, 54.10637473 ], [ 22.15733971, 54.02752208 ], [ 22.28425488, 53.98638287 ], [ 22.41580161, 54.02403546 ], [ 22.42060354, 54.10288546 ], [ 22.29354044, 54.14408571 ], [ 22.16182327, 54.10637473 ] ] ] } },
{ "type": "Feature", "properties": { "id": 298 }, "geometry": { "type": "Polygon", "coordinates": [ [ [ 21.64425659, 54.11168662 ], [ 21.6404103, 54.03283128 ], [ 21.76764093, 53.99224497 ], [ 21.89887243, 54.030454 ], [ 21.90303744, 54.10930843 ], [ 21.77565227, 54.14995493 ], [ 21.64425659, 54.11168662 ] ] ] } },
{ "type": "Feature", "properties": { "id": 299 }, "geometry": { "type": "Polygon", "coordinates": [ [ [ 21.21133929, 53.04082079 ], [ 21.20808064, 52.9605533 ], [ 21.33347651, 52.91967092 ], [ 21.4622859, 52.95899886 ], [ 21.4658531, 53.03926724 ], [ 21.34030238, 53.08020698 ], [ 21.21133929, 53.04082079 ] ] ] } },
{ "type": "Feature", "properties": { "id": 300 }, "geometry": { "type": "Polygon", "coordinates": [ [ [ 22.98235797, 50.93726249 ], [ 22.97711731, 50.85439613 ], [ 23.09770447, 50.81024642 ], [ 23.22365743, 50.84890616 ], [ 23.22918715, 50.93176755 ], [ 23.10847493, 50.97597434 ], [ 22.98235797, 50.93726249 ] ] ] } },
{ "type": "Feature", "properties": { "id": 301 }, "geometry": { "type": "Polygon", "coordinates": [ [ [ 22.35837826, 50.82437121 ], [ 22.35387726, 50.7413458 ], [ 22.47464969, 50.69776795 ], [ 22.60005514, 50.73715978 ], [ 22.60484482, 50.82018253 ], [ 22.48394042, 50.86381629 ], [ 22.35837826, 50.82437121 ] ] ] } },
{ "type": "Feature", "properties": { "id": 302 }, "geometry": { "type": "Polygon", "coordinates": [ [ [ 18.6680464, 52.30092764 ], [ 18.66787379, 52.21979097 ], [ 18.79304803, 52.18112936 ], [ 18.91857564, 52.22355388 ], [ 18.91904907, 52.30470065 ], [ 18.79369399, 52.343413 ], [ 18.6680464, 52.30092764 ] ] ] } },
{ "type": "Feature", "properties": { "id": 303 }, "geometry": { "type": "Polygon", "coordinates": [ [ [ 18.41755548, 52.05294048 ], [ 18.41768248, 51.97150842 ], [ 18.54249285, 51.93294675 ], [ 18.66735845, 51.97576763 ], [ 18.66752982, 52.05721083 ], [ 18.54253715, 52.0958222 ], [ 18.41755548, 52.05294048 ] ] ] } },
{ "type": "Feature", "properties": { "id": 304 }, "geometry": { "type": "Polygon", "coordinates": [ [ [ 18.16899064, 51.80357772 ], [ 18.16941264, 51.72185268 ], [ 18.29385635, 51.6833889 ], [ 18.41806165, 51.72660166 ], [ 18.41793556, 51.80833887 ], [ 18.29330818, 51.84685133 ], [ 18.16899064, 51.80357772 ] ] ] } },
{ "type": "Feature", "properties": { "id": 305 }, "geometry": { "type": "Polygon", "coordinates": [ [ [ 17.92447131, 51.30650415 ], [ 17.92517872, 51.22418641 ], [ 18.04881314, 51.1856472 ], [ 18.17192371, 51.22937864 ], [ 18.17150767, 51.31170973 ], [ 18.04768959, 51.35029621 ], [ 17.92447131, 51.30650415 ] ] ] } },
{ "type": "Feature", "properties": { "id": 306 }, "geometry": { "type": "Polygon", "coordinates": [ [ [ 17.79972657, 51.4269848 ], [ 17.80058256, 51.34482497 ], [ 17.92447131, 51.30650415 ], [ 18.04768959, 51.35029621 ], [ 18.04712582, 51.43246976 ], [ 17.92305145, 51.47083772 ], [ 17.79972657, 51.4269848 ] ] ] } },
{ "type": "Feature", "properties": { "id": 307 }, "geometry": { "type": "Polygon", "coordinates": [ [ [ 17.7971464, 51.672859 ], [ 17.7980085, 51.59100196 ], [ 17.92233899, 51.55285326 ], [ 18.04599427, 51.59651422 ], [ 18.04542648, 51.67838482 ], [ 17.92090901, 51.71658108 ], [ 17.7971464, 51.672859 ] ] ] } },
{ "type": "Feature", "properties": { "id": 308 }, "geometry": { "type": "Polygon", "coordinates": [ [ [ 17.42306725, 51.78615678 ], [ 17.42437467, 51.70447354 ], [ 17.5490253, 51.66681232 ], [ 17.67255996, 51.71078772 ], [ 17.67154726, 51.79248577 ], [ 17.54670506, 51.83019379 ], [ 17.42306725, 51.78615678 ] ] ] } },
{ "type": "Feature", "properties": { "id": 309 }, "geometry": { "type": "Polygon", "coordinates": [ [ [ 19.90919026, 51.58018956 ], [ 19.90754692, 51.49809336 ], [ 20.03090254, 51.45759744 ], [ 20.15606477, 51.49914561 ], [ 20.15800351, 51.58124787 ], [ 20.0344846, 51.62179608 ], [ 19.90919026, 51.58018956 ] ] ] } },
{ "type": "Feature", "properties": { "id": 310 }, "geometry": { "type": "Polygon", "coordinates": [ [ [ 20.03090254, 51.45759744 ], [ 20.02911787, 51.37534623 ], [ 20.15220104, 51.33463734 ], [ 20.27723021, 51.37612749 ], [ 20.27930928, 51.45838436 ], [ 20.15606477, 51.49914561 ], [ 20.03090254, 51.45759744 ] ] ] } },
{ "type": "Feature", "properties": { "id": 311 }, "geometry": { "type": "Polygon", "coordinates": [ [ [ 16.80570709, 51.64555698 ], [ 16.80774199, 51.56376306 ], [ 16.93230938, 51.52668158 ], [ 17.05503898, 51.57134926 ], [ 17.05329655, 51.65316028 ], [ 16.92853193, 51.69028671 ], [ 16.80570709, 51.64555698 ] ] ] } },
{ "type": "Feature", "properties": { "id": 312 }, "geometry": { "type": "Polygon", "coordinates": [ [ [ 17.04804439, 51.89798635 ], [ 17.04979928, 51.81647897 ], [ 17.17476061, 51.77930707 ], [ 17.29816308, 51.82359671 ], [ 17.29670327, 51.90512014 ], [ 17.17154579, 51.94233807 ], [ 17.04804439, 51.89798635 ] ] ] } },
{ "type": "Feature", "properties": { "id": 313 }, "geometry": { "type": "Polygon", "coordinates": [ [ [ 16.54423532, 52.12596755 ], [ 16.54659557, 52.04479948 ], [ 16.67210651, 52.00834243 ], [ 16.7954598, 52.05300853 ], [ 16.79339566, 52.13419424 ], [ 16.66768198, 52.17069639 ], [ 16.54423532, 52.12596755 ] ] ] } },
{ "type": "Feature", "properties": { "id": 314 }, "geometry": { "type": "Polygon", "coordinates": [ [ [ 23.8366737, 50.79144782 ], [ 23.83044468, 50.70845193 ], [ 23.95023015, 50.66333518 ], [ 24.07635916, 50.70115632 ], [ 24.08287502, 50.78414412 ], [ 23.96297513, 50.82931906 ], [ 23.8366737, 50.79144782 ] ] ] } },
{ "type": "Feature", "properties": { "id": 315 }, "geometry": { "type": "Polygon", "coordinates": [ [ [ 21.75929166, 51.20495219 ], [ 21.7554729, 51.1223767 ], [ 21.87724204, 51.079671 ], [ 22.00297039, 51.11948562 ], [ 22.00708131, 51.20206059 ], [ 21.88517176, 51.24482165 ], [ 21.75929166, 51.20495219 ] ] ] } },
{ "type": "Feature", "properties": { "id": 316 }, "geometry": { "type": "Polygon", "coordinates": [ [ [ 16.04654704, 52.107953 ], [ 16.04949774, 52.02682279 ], [ 16.17508969, 51.99090331 ], [ 16.29793852, 52.03607049 ], [ 16.29528273, 52.11722007 ], [ 16.16948304, 52.15318327 ], [ 16.04654704, 52.107953 ] ] ] } },
{ "type": "Feature", "properties": { "id": 317 }, "geometry": { "type": "Polygon", "coordinates": [ [ [ 22.01947251, 51.44917857 ], [ 22.01533233, 51.36690722 ], [ 22.13738127, 51.32409038 ], [ 22.26370877, 51.36348889 ], [ 22.26814303, 51.44575871 ], [ 22.14595576, 51.48863174 ], [ 22.01947251, 51.44917857 ] ] ] } },
{ "type": "Feature", "properties": { "id": 318 }, "geometry": { "type": "Polygon", "coordinates": [ [ [ 16.16666968, 52.23417065 ], [ 16.16948304, 52.15318327 ], [ 16.29528273, 52.11722007 ], [ 16.41847619, 52.16220015 ], [ 16.41595911, 52.24320638 ], [ 16.28995212, 52.27921386 ], [ 16.16666968, 52.23417065 ] ] ] } },
{ "type": "Feature", "properties": { "id": 319 }, "geometry": { "type": "Polygon", "coordinates": [ [ [ 16.0376526, 52.350733 ], [ 16.0406245, 52.26990824 ], [ 16.16666968, 52.23417065 ], [ 16.28995212, 52.27921386 ], [ 16.28727725, 52.36005782 ], [ 16.16102274, 52.39583956 ], [ 16.0376526, 52.350733 ] ] ] } },
{ "type": "Feature", "properties": { "id": 320 }, "geometry": { "type": "Polygon", "coordinates": [ [ [ 15.89879162, 52.70827738 ], [ 15.90194561, 52.62792272 ], [ 16.02869411, 52.59259436 ], [ 16.15250145, 52.63757636 ], [ 16.14964736, 52.71795038 ], [ 16.02268585, 52.75332322 ], [ 15.89879162, 52.70827738 ] ] ] } },
{ "type": "Feature", "properties": { "id": 321 }, "geometry": { "type": "Polygon", "coordinates": [ [ [ 21.54362885, 51.94593382 ], [ 21.54002628, 51.86427298 ], [ 21.6632235, 51.8222874 ], [ 21.79016933, 51.86190676 ], [ 21.79407048, 51.94356766 ], [ 21.67072726, 51.98560933 ], [ 21.54362885, 51.94593382 ] ] ] } },
{ "type": "Feature", "properties": { "id": 322 }, "geometry": { "type": "Polygon", "coordinates": [ [ [ 17.27891043, 52.87544203 ], [ 17.28041284, 52.79514594 ], [ 17.40713219, 52.75840988 ], [ 17.5325484, 52.80192164 ], [ 17.53135015, 52.88223227 ], [ 17.40443139, 52.91901678 ], [ 17.27891043, 52.87544203 ] ] ] } },
{ "type": "Feature", "properties": { "id": 323 }, "geometry": { "type": "Polygon", "coordinates": [ [ [ 21.17274986, 52.07078312 ], [ 21.169584, 51.98927748 ], [ 21.29320563, 51.94776834 ], [ 21.42014406, 51.98770942 ], [ 21.42360969, 52.06921639 ], [ 21.29983714, 52.11078115 ], [ 21.17274986, 52.07078312 ] ] ] } },
{ "type": "Feature", "properties": { "id": 324 }, "geometry": { "type": "Polygon", "coordinates": [ [ [ 21.55448835, 52.19030189 ], [ 21.55085986, 52.10894842 ], [ 21.6744926, 52.06711676 ], [ 21.80190078, 52.10658226 ], [ 21.80583, 52.18793568 ], [ 21.68205034, 52.22982385 ], [ 21.55448835, 52.19030189 ] ] ] } },
{ "type": "Feature", "properties": { "id": 325 }, "geometry": { "type": "Polygon", "coordinates": [ [ [ 22.04452094, 51.94066973 ], [ 22.04032134, 51.85900967 ], [ 22.16322722, 51.81649401 ], [ 22.29047277, 51.85558164 ], [ 22.29497067, 51.93723996 ], [ 22.17192478, 51.97981258 ], [ 22.04452094, 51.94066973 ] ] ] } },
{ "type": "Feature", "properties": { "id": 326 }, "geometry": { "type": "Polygon", "coordinates": [ [ [ 16.89765446, 52.98447536 ], [ 16.89961926, 52.90435726 ], [ 17.02665527, 52.86811981 ], [ 17.15193052, 52.91195296 ], [ 17.15027021, 52.99208681 ], [ 17.02303001, 53.02837196 ], [ 16.89765446, 52.98447536 ] ] ] } },
{ "type": "Feature", "properties": { "id": 327 }, "geometry": { "type": "Polygon", "coordinates": [ [ [ 16.14104373, 52.958456 ], [ 16.14391852, 52.87839032 ], [ 16.27109258, 52.84297242 ], [ 16.39560377, 52.88757475 ], [ 16.39303169, 52.96765876 ], [ 16.26564554, 53.0031223 ], [ 16.14104373, 52.958456 ] ] ] } },
{ "type": "Feature", "properties": { "id": 328 }, "geometry": { "type": "Polygon", "coordinates": [ [ [ 16.6383992, 53.21601756 ], [ 16.64068447, 53.13622578 ], [ 16.76823601, 53.10044161 ], [ 16.89371056, 53.14440191 ], [ 16.89173143, 53.22421014 ], [ 16.76397146, 53.26004181 ], [ 16.6383992, 53.21601756 ] ] ] } },
{ "type": "Feature", "properties": { "id": 329 }, "geometry": { "type": "Polygon", "coordinates": [ [ [ 19.68528166, 53.03874276 ], [ 19.68387409, 52.95849911 ], [ 19.81001505, 52.91925207 ], [ 19.93773663, 52.96019451 ], [ 19.9394525, 53.04044433 ], [ 19.81313846, 53.07974573 ], [ 19.68528166, 53.03874276 ] ] ] } },
{ "type": "Feature", "properties": { "id": 330 }, "geometry": { "type": "Polygon", "coordinates": [ [ [ 20.19370551, 53.04160439 ], [ 20.19168119, 52.96134928 ], [ 20.31759383, 52.92155616 ], [ 20.44569784, 52.96196293 ], [ 20.44803069, 53.04222246 ], [ 20.32195097, 53.08207099 ], [ 20.19370551, 53.04160439 ] ] ] } },
{ "type": "Feature", "properties": { "id": 331 }, "geometry": { "type": "Polygon", "coordinates": [ [ [ 19.55635108, 52.91728986 ], [ 19.55510215, 52.83689429 ], [ 19.68106916, 52.7977011 ], [ 19.80845901, 52.83884982 ], [ 19.81001505, 52.91925207 ], [ 19.68387409, 52.95849911 ], [ 19.55635108, 52.91728986 ] ] ] } },
{ "type": "Feature", "properties": { "id": 332 }, "geometry": { "type": "Polygon", "coordinates": [ [ [ 20.57148878, 52.92189709 ], [ 20.56901067, 52.8414801 ], [ 20.69451291, 52.80119772 ], [ 20.82265526, 52.8412766 ], [ 20.82544086, 52.92169674 ], [ 20.69977662, 52.96203505 ], [ 20.57148878, 52.92189709 ] ] ] } },
{ "type": "Feature", "properties": { "id": 333 }, "geometry": { "type": "Polygon", "coordinates": [ [ [ 20.83383828, 53.1623343 ], [ 20.83103234, 53.08222571 ], [ 20.95685759, 53.04183099 ], [ 21.0856488, 53.08148817 ], [ 21.08876448, 53.16159892 ], [ 20.96277922, 53.20205052 ], [ 20.83383828, 53.1623343 ] ] ] } },
{ "type": "Feature", "properties": { "id": 334 }, "geometry": { "type": "Polygon", "coordinates": [ [ [ 21.81767431, 52.43137885 ], [ 21.81371673, 52.35033411 ], [ 21.93764224, 52.308389 ], [ 22.06567017, 52.34743146 ], [ 22.0699305, 52.42847515 ], [ 21.9458602, 52.47047762 ], [ 21.81767431, 52.43137885 ] ] ] } },
{ "type": "Feature", "properties": { "id": 335 }, "geometry": { "type": "Polygon", "coordinates": [ [ [ 21.34372776, 53.160319 ], [ 21.34030238, 53.08020698 ], [ 21.4658531, 53.03926724 ], [ 21.59498302, 53.0783819 ], [ 21.59871803, 53.15849432 ], [ 21.47301352, 53.19949188 ], [ 21.34372776, 53.160319 ] ] ] } },
{ "type": "Feature", "properties": { "id": 336 }, "geometry": { "type": "Polygon", "coordinates": [ [ [ 22.24302895, 53.27151709 ], [ 22.23850394, 53.19156397 ], [ 22.36374985, 53.14975025 ], [ 22.493664, 53.18783028 ], [ 22.49849923, 53.26778068 ], [ 22.37311015, 53.30965395 ], [ 22.24302895, 53.27151709 ] ] ] } },
{ "type": "Feature", "properties": { "id": 337 }, "geometry": { "type": "Polygon", "coordinates": [ [ [ 21.96241526, 52.79341504 ], [ 21.95826151, 52.71283597 ], [ 22.08277315, 52.67098659 ], [ 22.21158316, 52.70965822 ], [ 22.21604286, 52.79023564 ], [ 22.09138665, 52.83214326 ], [ 21.96241526, 52.79341504 ] ] ] } },
{ "type": "Feature", "properties": { "id": 338 }, "geometry": { "type": "Polygon", "coordinates": [ [ [ 22.22948684, 53.03134485 ], [ 22.22499466, 52.95107907 ], [ 22.34979433, 52.90911278 ], [ 22.47922854, 52.94735336 ], [ 22.4840287, 53.02761651 ], [ 22.35908673, 53.06964191 ], [ 22.22948684, 53.03134485 ] ] ] } },
{ "type": "Feature", "properties": { "id": 339 }, "geometry": { "type": "Polygon", "coordinates": [ [ [ 20.81710423, 52.68012556 ], [ 20.81433875, 52.59939492 ], [ 20.93926391, 52.55868184 ], [ 21.06711246, 52.59864363 ], [ 21.07018321, 52.67937667 ], [ 20.94510015, 52.72014572 ], [ 20.81710423, 52.68012556 ] ] ] } },
{ "type": "Feature", "properties": { "id": 340 }, "geometry": { "type": "Polygon", "coordinates": [ [ [ 21.32329947, 52.67808852 ], [ 21.31992347, 52.59735398 ], [ 21.44457879, 52.55610095 ], [ 21.57276196, 52.59552574 ], [ 21.57644313, 52.6762609 ], [ 21.45163598, 52.71757084 ], [ 21.32329947, 52.67808852 ] ] ] } },
{ "type": "Feature", "properties": { "id": 341 }, "geometry": { "type": "Polygon", "coordinates": [ [ [ 22.70808927, 52.5402279 ], [ 22.70305476, 52.45934566 ], [ 22.8266496, 52.41654105 ], [ 22.9554134, 52.45455985 ], [ 22.960751, 52.5354379 ], [ 22.83702179, 52.57830153 ], [ 22.70808927, 52.5402279 ] ] ] } },
{ "type": "Feature", "properties": { "id": 342 }, "geometry": { "type": "Polygon", "coordinates": [ [ [ 22.20269595, 52.54819257 ], [ 22.19826837, 52.46730459 ], [ 22.32218497, 52.42503429 ], [ 22.45066982, 52.46359393 ], [ 22.45540097, 52.54447948 ], [ 22.33134377, 52.58680801 ], [ 22.20269595, 52.54819257 ] ] ] } },
{ "type": "Feature", "properties": { "id": 343 }, "geometry": { "type": "Polygon", "coordinates": [ [ [ 22.34979433, 52.90911278 ], [ 22.34516497, 52.82869222 ], [ 22.46966299, 52.78651507 ], [ 22.59893074, 52.82469959 ], [ 22.60386686, 52.90511713 ], [ 22.47922854, 52.94735336 ], [ 22.34979433, 52.90911278 ] ] ] } },
{ "type": "Feature", "properties": { "id": 344 }, "geometry": { "type": "Polygon", "coordinates": [ [ [ 22.92891649, 52.04862172 ], [ 22.92365502, 51.96712544 ], [ 23.04621976, 51.9237598 ], [ 23.17417582, 51.96183207 ], [ 23.17973581, 52.04332345 ], [ 23.05704131, 52.08674766 ], [ 22.92891649, 52.04862172 ] ] ] } },
{ "type": "Feature", "properties": { "id": 345 }, "geometry": { "type": "Polygon", "coordinates": [ [ [ 21.86591799, 53.39583473 ], [ 21.86184384, 53.3160358 ], [ 21.98755001, 53.27470707 ], [ 22.11747883, 53.31311831 ], [ 22.12186463, 53.39291578 ], [ 21.99601002, 53.43430367 ], [ 21.86591799, 53.39583473 ] ] ] } },
{ "type": "Feature", "properties": { "id": 346 }, "geometry": { "type": "Polygon", "coordinates": [ [ [ 23.57262168, 50.54892291 ], [ 23.56672139, 50.46561934 ], [ 23.68627448, 50.42061793 ], [ 23.81184472, 50.45886277 ], [ 23.81803025, 50.54215923 ], [ 23.69836039, 50.58721815 ], [ 23.57262168, 50.54892291 ] ] ] } },
{ "type": "Feature", "properties": { "id": 347 }, "geometry": { "type": "Polygon", "coordinates": [ [ [ 19.03811821, 51.44921049 ], [ 19.0375097, 51.36699094 ], [ 19.16099798, 51.32734229 ], [ 19.28526708, 51.36986323 ], [ 19.28616935, 51.45209203 ], [ 19.16250871, 51.49179083 ], [ 19.03811821, 51.44921049 ] ] ] } },
{ "type": "Feature", "properties": { "id": 348 }, "geometry": { "type": "Polygon", "coordinates": [ [ [ 18.78923634, 51.19887627 ], [ 18.78892357, 51.11636485 ], [ 18.91206489, 51.07681505 ], [ 19.03569277, 51.11972766 ], [ 19.03629698, 51.20224937 ], [ 18.91298182, 51.24184836 ], [ 18.78923634, 51.19887627 ] ] ] } },
{ "type": "Feature", "properties": { "id": 349 }, "geometry": { "type": "Polygon", "coordinates": [ [ [ 18.5424268, 51.68787037 ], [ 18.54240489, 51.60597529 ], [ 18.66650769, 51.56702592 ], [ 18.79081134, 51.60992245 ], [ 18.79112859, 51.69182843 ], [ 18.66684678, 51.73082718 ], [ 18.5424268, 51.68787037 ] ] ] } },
{ "type": "Feature", "properties": { "id": 350 }, "geometry": { "type": "Polygon", "coordinates": [ [ [ 18.41868762, 51.31639714 ], [ 18.41881193, 51.23405358 ], [ 18.5422961, 51.19498437 ], [ 18.66583432, 51.23821041 ], [ 18.66600207, 51.32056554 ], [ 18.54233946, 51.35968323 ], [ 18.41868762, 51.31639714 ] ] ] } },
{ "type": "Feature", "properties": { "id": 351 }, "geometry": { "type": "Polygon", "coordinates": [ [ [ 18.17150767, 51.31170973 ], [ 18.17192371, 51.22937864 ], [ 18.29548535, 51.19057441 ], [ 18.41881193, 51.23405358 ], [ 18.41868762, 51.31639714 ], [ 18.29494492, 51.35524924 ], [ 18.17150767, 51.31170973 ] ] ] } },
{ "type": "Feature", "properties": { "id": 352 }, "geometry": { "type": "Polygon", "coordinates": [ [ [ 18.91482872, 51.57070629 ], [ 18.91436535, 51.48864328 ], [ 19.03811821, 51.44921049 ], [ 19.16250871, 51.49179083 ], [ 19.16326677, 51.57386348 ], [ 19.03933958, 51.61334634 ], [ 18.91482872, 51.57070629 ] ] ] } },
{ "type": "Feature", "properties": { "id": 353 }, "geometry": { "type": "Polygon", "coordinates": [ [ [ 16.21630378, 50.76094142 ], [ 16.21900005, 50.67814419 ], [ 16.3421381, 50.64110025 ], [ 16.4627779, 50.68681186 ], [ 16.46036564, 50.76962898 ], [ 16.33702942, 50.80671478 ], [ 16.21630378, 50.76094142 ] ] ] } },
{ "type": "Feature", "properties": { "id": 354 }, "geometry": { "type": "Polygon", "coordinates": [ [ [ 14.36904841, 53.11845596 ], [ 14.37405788, 53.0388504 ], [ 14.5018431, 53.0055267 ], [ 14.62484978, 53.05176778 ], [ 14.62013984, 53.13139739 ], [ 14.49212345, 53.16476204 ], [ 14.36904841, 53.11845596 ] ] ] } },
{ "type": "Feature", "properties": { "id": 355 }, "geometry": { "type": "Polygon", "coordinates": [ [ [ 14.84483513, 53.61956632 ], [ 14.84930922, 53.54053334 ], [ 14.97801736, 53.50704209 ], [ 15.10248115, 53.55254056 ], [ 15.09831265, 53.63159555 ], [ 14.96937456, 53.66513025 ], [ 14.84483513, 53.61956632 ] ] ] } },
{ "type": "Feature", "properties": { "id": 356 }, "geometry": { "type": "Polygon", "coordinates": [ [ [ 15.20696338, 53.99192182 ], [ 15.21102311, 53.91332377 ], [ 15.34042004, 53.8797003 ], [ 15.4659859, 53.92462975 ], [ 15.46223634, 54.00324829 ], [ 15.33261055, 54.03691708 ], [ 15.20696338, 53.99192182 ] ] ] } },
{ "type": "Feature", "properties": { "id": 357 }, "geometry": { "type": "Polygon", "coordinates": [ [ [ 14.69724217, 53.96766714 ], [ 14.70191972, 53.88911257 ], [ 14.83134736, 53.85604291 ], [ 14.95633117, 53.9014842 ], [ 14.95196211, 53.98006092 ], [ 14.82230051, 54.0131744 ], [ 14.69724217, 53.96766714 ] ] ] } },
{ "type": "Feature", "properties": { "id": 358 }, "geometry": { "type": "Polygon", "coordinates": [ [ [ 15.58456386, 54.12645786 ], [ 15.58817128, 54.0479858 ], [ 15.71777127, 54.01403886 ], [ 15.84398948, 54.05851748 ], [ 15.84069454, 54.13700869 ], [ 15.71086871, 54.17100232 ], [ 15.58456386, 54.12645786 ] ] ] } },
{ "type": "Feature", "properties": { "id": 359 }, "geometry": { "type": "Polygon", "coordinates": [ [ [ 18.79112859, 51.69182843 ], [ 18.79081134, 51.60992245 ], [ 18.91482872, 51.57070629 ], [ 19.03933958, 51.61334634 ], [ 19.03995244, 51.69526234 ], [ 18.91575876, 51.73452847 ], [ 18.79112859, 51.69182843 ] ] ] } },
{ "type": "Feature", "properties": { "id": 360 }, "geometry": { "type": "Polygon", "coordinates": [ [ [ 23.39556984, 51.54704227 ], [ 23.38979455, 51.46494306 ], [ 23.5111712, 51.4207639 ], [ 23.63844551, 51.4586256 ], [ 23.64451448, 51.54071829 ], [ 23.52301557, 51.58495599 ], [ 23.39556984, 51.54704227 ] ] ] } },
{ "type": "Feature", "properties": { "id": 361 }, "geometry": { "type": "Polygon", "coordinates": [ [ [ 19.28888905, 51.69817139 ], [ 19.28798033, 51.61624627 ], [ 19.41181257, 51.57649683 ], [ 19.5367243, 51.61862159 ], [ 19.53792909, 51.70055494 ], [ 19.41392603, 51.7403555 ], [ 19.28888905, 51.69817139 ] ] ] } },
{ "type": "Feature", "properties": { "id": 362 }, "geometry": { "type": "Polygon", "coordinates": [ [ [ 21.99477755, 50.95403319 ], [ 21.99069557, 50.87115605 ], [ 22.11189938, 50.8280402 ], [ 22.23732192, 50.86774624 ], [ 22.24169388, 50.95062205 ], [ 22.12035337, 50.99379334 ], [ 21.99477755, 50.95403319 ] ] ] } },
{ "type": "Feature", "properties": { "id": 363 }, "geometry": { "type": "Polygon", "coordinates": [ [ [ 22.39936768, 51.56706395 ], [ 22.39477014, 51.48494763 ], [ 22.51680441, 51.44181238 ], [ 22.64357059, 51.48073662 ], [ 22.64846296, 51.56285 ], [ 22.52629439, 51.60604226 ], [ 22.39936768, 51.56706395 ] ] ] } },
{ "type": "Feature", "properties": { "id": 364 }, "geometry": { "type": "Polygon", "coordinates": [ [ [ 22.88201054, 51.31147472 ], [ 22.87686024, 51.22906053 ], [ 22.99815407, 51.18525676 ], [ 23.12472586, 51.22380995 ], [ 23.13016841, 51.30621951 ], [ 23.008747, 51.35008069 ], [ 22.88201054, 51.31147472 ] ] ] } },
{ "type": "Feature", "properties": { "id": 365 }, "geometry": { "type": "Polygon", "coordinates": [ [ [ 22.75041729, 51.19024326 ], [ 22.74543089, 51.10767531 ], [ 22.86659601, 51.06392859 ], [ 22.9928763, 51.10269296 ], [ 22.99815407, 51.18525676 ], [ 22.87686024, 51.22906053 ], [ 22.75041729, 51.19024326 ] ] ] } },
{ "type": "Feature", "properties": { "id": 366 }, "geometry": { "type": "Polygon", "coordinates": [ [ [ 22.78058435, 51.68352151 ], [ 22.77552669, 51.60156274 ], [ 22.89753469, 51.55810832 ], [ 23.0247306, 51.59655508 ], [ 23.03008376, 51.67850953 ], [ 22.90794558, 51.72202174 ], [ 22.78058435, 51.68352151 ] ] ] } },
{ "type": "Feature", "properties": { "id": 367 }, "geometry": { "type": "Polygon", "coordinates": [ [ [ 22.66320992, 51.80857865 ], [ 22.65828259, 51.72677117 ], [ 22.78058435, 51.68352151 ], [ 22.90794558, 51.72202174 ], [ 22.91316961, 51.8038253 ], [ 22.79073578, 51.84713275 ], [ 22.66320992, 51.80857865 ] ] ] } },
{ "type": "Feature", "properties": { "id": 368 }, "geometry": { "type": "Polygon", "coordinates": [ [ [ 22.92183139, 53.85739766 ], [ 22.91643338, 53.77823944 ], [ 23.04238314, 53.73612361 ], [ 23.17386807, 53.77310449 ], [ 23.1795813, 53.85225757 ], [ 23.05349448, 53.89443511 ], [ 22.92183139, 53.85739766 ] ] ] } },
{ "type": "Feature", "properties": { "id": 369 }, "geometry": { "type": "Polygon", "coordinates": [ [ [ 23.38355747, 53.13046078 ], [ 23.37766007, 53.05037014 ], [ 23.50191467, 53.00726641 ], [ 23.63219502, 53.04419247 ], [ 23.63840017, 53.1242765 ], [ 23.51401734, 53.16744126 ], [ 23.38355747, 53.13046078 ] ] ] } },
{ "type": "Feature", "properties": { "id": 370 }, "geometry": { "type": "Polygon", "coordinates": [ [ [ 22.97684108, 52.77745059 ], [ 22.97146479, 52.69688339 ], [ 23.09532718, 52.65396034 ], [ 23.22469792, 52.69154485 ], [ 23.23037918, 52.77210688 ], [ 23.10638482, 52.81508976 ], [ 22.97684108, 52.77745059 ] ] ] } },
{ "type": "Feature", "properties": { "id": 371 }, "geometry": { "type": "Polygon", "coordinates": [ [ [ 22.39196811, 53.62820637 ], [ 22.38723634, 53.5487254 ], [ 22.51307572, 53.50700457 ], [ 22.64378979, 53.54470445 ], [ 22.64883506, 53.62418211 ], [ 22.52285284, 53.6659634 ], [ 22.39196811, 53.62820637 ] ] ] } },
{ "type": "Feature", "properties": { "id": 372 }, "geometry": { "type": "Polygon", "coordinates": [ [ [ 23.48387008, 52.76622243 ], [ 23.47788418, 52.68566644 ], [ 23.60139315, 52.6422096 ], [ 23.73101372, 52.6792484 ], [ 23.73730389, 52.75979746 ], [ 23.61366933, 52.80331484 ], [ 23.48387008, 52.76622243 ] ] ] } },
{ "type": "Feature", "properties": { "id": 373 }, "geometry": { "type": "Polygon", "coordinates": [ [ [ 22.76946165, 53.50271075 ], [ 22.76427873, 53.4230778 ], [ 22.88964055, 53.38087254 ], [ 23.02032289, 53.41823961 ], [ 23.02581778, 53.49786799 ], [ 22.90031844, 53.54013406 ], [ 22.76946165, 53.50271075 ] ] ] } },
{ "type": "Feature", "properties": { "id": 374 }, "geometry": { "type": "Polygon", "coordinates": [ [ [ 23.19680537, 54.08908459 ], [ 23.1910499, 54.01024771 ], [ 23.31727251, 53.96800804 ], [ 23.44938517, 54.00454289 ], [ 23.45545783, 54.08337366 ], [ 23.32910074, 54.12567589 ], [ 23.19680537, 54.08908459 ] ] ] } },
{ "type": "Feature", "properties": { "id": 375 }, "geometry": { "type": "Polygon", "coordinates": [ [ [ 23.28213385, 53.49247641 ], [ 23.27632732, 53.41285347 ], [ 23.40133576, 53.37010573 ], [ 23.53228179, 53.4069196 ], [ 23.53839962, 53.48653623 ], [ 23.41326023, 53.5293455 ], [ 23.28213385, 53.49247641 ] ] ] } },
{ "type": "Feature", "properties": { "id": 376 }, "geometry": { "type": "Polygon", "coordinates": [ [ [ 19.66452035, 51.82426465 ], [ 19.66316262, 51.74247995 ], [ 19.7870632, 51.7024124 ], [ 19.91248869, 51.74407758 ], [ 19.91414381, 51.8258691 ], [ 19.79007601, 51.8659888 ], [ 19.66452035, 51.82426465 ] ] ] } },
{ "type": "Feature", "properties": { "id": 377 }, "geometry": { "type": "Polygon", "coordinates": [ [ [ 19.53432329, 51.45445076 ], [ 19.53312705, 51.37221359 ], [ 19.65642218, 51.33203447 ], [ 19.78108039, 51.37404143 ], [ 19.78257078, 51.45628607 ], [ 19.65910876, 51.49651647 ], [ 19.53432329, 51.45445076 ] ] ] } },
{ "type": "Feature", "properties": { "id": 378 }, "geometry": { "type": "Polygon", "coordinates": [ [ [ 19.53792909, 51.70055494 ], [ 19.5367243, 51.61862159 ], [ 19.66045684, 51.57860571 ], [ 19.78556217, 51.6204717 ], [ 19.7870632, 51.7024124 ], [ 19.66316262, 51.74247995 ], [ 19.53792909, 51.70055494 ] ] ] } },
{ "type": "Feature", "properties": { "id": 379 }, "geometry": { "type": "Polygon", "coordinates": [ [ [ 22.81668337, 54.21467861 ], [ 22.81138479, 54.13599253 ], [ 22.93810514, 54.0942403 ], [ 23.0702641, 54.13111208 ], [ 23.07588155, 54.2097933 ], [ 22.94902124, 54.2516078 ], [ 22.81668337, 54.21467861 ] ] ] } },
{ "type": "Feature", "properties": { "id": 380 }, "geometry": { "type": "Polygon", "coordinates": [ [ [ 18.78553113, 50.20215196 ], [ 18.78522703, 50.1184473 ], [ 18.90665286, 50.07823651 ], [ 19.02855182, 50.12168284 ], [ 19.02913928, 50.20539837 ], [ 18.90754436, 50.24565688 ], [ 18.78553113, 50.20215196 ] ] ] } }
]
}
